Customer_ID,Age,Gender,City,Annual_Income,Spending_Score,Online_Purchases,Store_Visits,Membership_Years,Preferred_Category,Avg_Basket_Value,Last_Purchase_Days
10001,56.0,Male,Hyderabad,61012,36.0,26.0,6.0,8.0,Grocery,3316,138.0
10002,69.0,Female,Mumbai,99827,82.0,6.0,10.0,7.0,Grocery,10103,45.0
10003,46.0,Female,Mumbai,66492,14.0,29.0,1.0,13.0,Fashion,4142,128.0
10004,32.0,Male,Delhi,56871,58.0,40.0,1.0,7.0,Grocery,6354,89.0
10005,60.0,Male,Pune,101257,38.0,13.0,9.0,14.0,Home Decor,5044,82.0
10006,25.0,Female,Hyderabad,46656,89.0,43.0,3.0,10.0,Electronics,4501,119.0
10007,38.0,Female,Pune,51877,80.0,14.0,6.0,2.0,Grocery,7344,92.0
10008,56.0,Female,Hyderabad,47611,82.0,11.0,7.0,11.0,Grocery,4090,136.0
10009,,,,41435,,,,,,4396,
10010,40.0,Female,Hyderabad,73825,65.0,22.0,5.0,13.0,Fashion,7749,20.0
10011,28.0,Female,Pune,57176,1.0,12.0,16.0,6.0,Electronics,4230,121.0
10012,28.0,Female,Bangalore,82215,85.0,8.0,2.0,14.0,Electronics,2187,172.0
10013,41.0,Male,Pune,26633,60.0,23.0,3.0,3.0,Grocery,2744,58.0
10014,53.0,Female,Hyderabad,41936,25.0,38.0,3.0,9.0,Grocery,6028,148.0
10015,57.0,Female,Delhi,71289,91.0,29.0,10.0,9.0,Fashion,3597,89.0
10016,41.0,Male,Mumbai,106742,10.0,0.0,3.0,6.0,Electronics,7259,100.0
10017,20.0,Female,Hyderabad,79462,50.0,9.0,15.0,13.0,Home Decor,5041,115.0
10018,39.0,Female,Delhi,276325,12.0,37.0,14.0,10.0,Grocery,26096,74.0
10019,19.0,Male,Bangalore,32761,92.0,46.0,4.0,6.0,Home Decor,5707,168.0
10020,41.0,Female,Hyderabad,53803,32.0,14.0,10.0,8.0,Home Decor,7119,16.0
10021,61.0,Male,Delhi,68937,33.0,8.0,11.0,8.0,Electronics,8767,4.0
10022,47.0,Male,Hyderabad,11057,72.0,12.0,11.0,6.0,Home Decor,6129,10.0
10023,55.0,Male,Pune,39665,26.0,22.0,8.0,7.0,Grocery,6031,179.0
10024,,,,51561,,,,,,7224,
10025,38.0,Female,Pune,63564,50.0,8.0,8.0,1.0,Fashion,3872,20.0
10026,50.0,Male,Pune,68641,61.0,2.0,12.0,4.0,Electronics,6083,32.0
10027,29.0,Male,Delhi,54728,41.0,29.0,17.0,8.0,Electronics,3156,60.0
10028,39.0,Female,Mumbai,82646,57.0,8.0,15.0,12.0,Home Decor,3482,11.0
10029,61.0,Male,Delhi,73117,2.0,24.0,19.0,13.0,Grocery,4048,20.0
10030,,,,60748,,,,,,7537,
10031,66.0,Male,Hyderabad,86094,98.0,23.0,5.0,14.0,Fashion,4719,127.0
10032,44.0,Male,Hyderabad,84048,70.0,31.0,8.0,2.0,Home Decor,3438,77.0
10033,59.0,Female,Delhi,33655,31.0,6.0,18.0,7.0,Grocery,6518,35.0
10034,,,,69199,,,,,,1705,
10035,33.0,Female,Bangalore,92256,76.0,24.0,3.0,1.0,Fashion,1257,10.0
10036,32.0,Female,Pune,96437,54.0,19.0,14.0,2.0,Electronics,4494,38.0
10037,64.0,Male,Pune,79272,28.0,16.0,15.0,14.0,Fashion,4463,83.0
10038,68.0,Male,Mumbai,64167,79.0,35.0,13.0,8.0,Electronics,7086,32.0
10039,61.0,Male,Hyderabad,80532,19.0,25.0,9.0,11.0,Home Decor,7400,54.0
10040,69.0,Male,Mumbai,90194,76.0,18.0,17.0,10.0,Grocery,4797,57.0
10041,20.0,Female,Pune,72895,48.0,36.0,19.0,13.0,Electronics,4583,107.0
10042,54.0,Female,Pune,75715,2.0,47.0,4.0,13.0,Home Decor,3447,25.0
10043,68.0,Female,Hyderabad,63754,11.0,2.0,10.0,4.0,Electronics,4780,142.0
10044,24.0,Male,Bangalore,36580,44.0,42.0,3.0,14.0,Home Decor,-113,45.0
10045,38.0,Female,Bangalore,65640,59.0,27.0,19.0,3.0,Fashion,4097,172.0
10046,26.0,Male,Hyderabad,53072,59.0,21.0,9.0,14.0,Home Decor,4838,118.0
10047,56.0,Male,Hyderabad,53151,38.0,46.0,5.0,2.0,Electronics,3429,38.0
10048,35.0,Male,Mumbai,105845,25.0,18.0,14.0,11.0,Grocery,3712,125.0
10049,21.0,Male,Hyderabad,93788,21.0,45.0,7.0,6.0,Fashion,4402,36.0
10050,42.0,Male,Bangalore,27662,42.0,15.0,6.0,4.0,Fashion,4987,88.0
10051,31.0,Female,Hyderabad,42878,36.0,5.0,8.0,3.0,Home Decor,6725,124.0
10052,67.0,Female,Mumbai,60910,9.0,36.0,2.0,3.0,Electronics,5852,167.0
10053,26.0,Male,Mumbai,53984,12.0,30.0,14.0,10.0,Home Decor,6762,167.0
10054,43.0,Female,Mumbai,77935,10.0,48.0,7.0,3.0,Fashion,6145,13.0
10055,19.0,Male,Mumbai,38910,59.0,47.0,3.0,12.0,Grocery,5229,162.0
10056,37.0,Male,Delhi,93963,5.0,33.0,6.0,8.0,Home Decor,9463,124.0
10057,45.0,Male,Hyderabad,68899,33.0,30.0,14.0,9.0,Electronics,3567,15.0
10058,64.0,Female,Pune,61487,69.0,10.0,12.0,9.0,Home Decor,3173,58.0
10059,24.0,Male,Hyderabad,69642,80.0,35.0,18.0,5.0,Home Decor,4694,112.0
10060,61.0,Male,Delhi,59562,63.0,5.0,12.0,1.0,Home Decor,4879,59.0
10061,25.0,Female,Mumbai,19233,29.0,26.0,7.0,10.0,Grocery,5275,52.0
10062,64.0,Female,Delhi,70298,18.0,6.0,5.0,5.0,Electronics,3091,69.0
10063,52.0,Female,Bangalore,61981,93.0,48.0,12.0,1.0,Electronics,8914,103.0
10064,31.0,Male,Bangalore,46138,6.0,31.0,9.0,9.0,Fashion,4309,5.0
10065,34.0,Male,Hyderabad,97435,53.0,7.0,11.0,13.0,Fashion,3072,43.0
10066,,,,86735,,,,,,5528,
10067,67.0,Male,Pune,130971,32.0,46.0,14.0,13.0,Fashion,7191,78.0
10068,57.0,Female,Pune,90870,42.0,43.0,12.0,8.0,Electronics,8221,93.0
10069,21.0,Female,Bangalore,53914,47.0,14.0,18.0,7.0,Home Decor,203,63.0
10070,19.0,Male,Mumbai,47355,31.0,26.0,7.0,2.0,Fashion,6534,163.0
10071,23.0,Male,Delhi,57642,62.0,29.0,1.0,2.0,Grocery,8513,32.0
10072,59.0,Female,Pune,53334,56.0,21.0,13.0,14.0,Fashion,3809,97.0
10073,21.0,Female,Pune,72719,11.0,46.0,16.0,4.0,Grocery,4536,118.0
10074,46.0,Female,Mumbai,31530,26.0,28.0,5.0,9.0,Fashion,3102,24.0
10075,35.0,Female,Mumbai,86182,92.0,40.0,19.0,14.0,Electronics,3881,50.0
10076,43.0,Male,Hyderabad,72279,27.0,47.0,9.0,9.0,Fashion,2869,118.0
10077,61.0,Female,Delhi,83311,83.0,29.0,9.0,14.0,Grocery,6869,128.0
10078,51.0,Female,Mumbai,41396,57.0,1.0,12.0,8.0,Grocery,4787,112.0
10079,27.0,Female,Pune,76167,27.0,14.0,18.0,11.0,Fashion,-1007,38.0
10080,,,,102479,,,,,,3794,
10081,31.0,Male,Bangalore,48487,62.0,26.0,17.0,14.0,Grocery,3618,149.0
10082,48.0,Female,Mumbai,47803,20.0,6.0,19.0,7.0,Electronics,6710,151.0
10083,65.0,Male,Hyderabad,87798,3.0,26.0,11.0,12.0,Fashion,4864,174.0
10084,32.0,Male,Delhi,45773,16.0,20.0,16.0,9.0,Grocery,4811,158.0
10085,,,,64167,,,,,,6285,
10086,31.0,Female,Pune,106893,93.0,16.0,15.0,4.0,Fashion,7115,82.0
10087,40.0,Female,Hyderabad,48158,79.0,10.0,11.0,2.0,Home Decor,5535,70.0
10088,57.0,Male,Pune,108611,30.0,9.0,7.0,9.0,Fashion,3691,69.0
10089,38.0,Female,Pune,61605,40.0,32.0,2.0,7.0,Fashion,1989,170.0
10090,33.0,Female,Pune,41969,65.0,13.0,19.0,6.0,Fashion,7899,146.0
10091,62.0,Male,Pune,85092,29.0,36.0,9.0,5.0,Electronics,11778,13.0
10092,35.0,Male,Pune,72693,30.0,7.0,18.0,12.0,Fashion,5248,119.0
10093,64.0,Female,Bangalore,70329,32.0,32.0,13.0,7.0,Electronics,5632,102.0
10094,41.0,Male,Hyderabad,50782,10.0,6.0,1.0,3.0,Fashion,8008,21.0
10095,43.0,Female,Bangalore,72511,91.0,33.0,19.0,5.0,Home Decor,1574,77.0
10096,42.0,Female,Bangalore,18309,51.0,6.0,13.0,2.0,Home Decor,6908,82.0
10097,62.0,Male,Mumbai,75469,8.0,6.0,14.0,5.0,Grocery,5751,77.0
10098,58.0,Female,Mumbai,102431,51.0,40.0,17.0,7.0,Fashion,3461,99.0
10099,46.0,Female,Mumbai,129320,36.0,35.0,1.0,11.0,Home Decor,15836,166.0
10100,32.0,Male,Delhi,59830,55.0,6.0,5.0,10.0,Home Decor,2369,168.0
10101,,,,48134,,,,,,7250,
10102,18.0,Male,Hyderabad,32223,36.0,17.0,18.0,7.0,Grocery,2920,43.0
10103,42.0,Female,Bangalore,18678,56.0,44.0,13.0,9.0,Electronics,5824,122.0
10104,24.0,Male,Hyderabad,40479,36.0,42.0,12.0,3.0,Home Decor,1747,124.0
10105,26.0,Male,Mumbai,63940,89.0,40.0,15.0,8.0,Home Decor,7788,20.0
10106,41.0,Male,Delhi,98728,84.0,13.0,4.0,5.0,Electronics,4590,163.0
10107,,,,31932,,,,,,7144,
10108,61.0,Female,Bangalore,77359,62.0,13.0,3.0,1.0,Electronics,4576,74.0
10109,25.0,Female,Hyderabad,75491,81.0,20.0,11.0,1.0,Electronics,3786,72.0
10110,41.0,Male,Pune,111799,87.0,48.0,15.0,4.0,Grocery,2318,168.0
10111,28.0,Female,Hyderabad,84275,25.0,26.0,16.0,5.0,Electronics,7107,46.0
10112,68.0,Male,Mumbai,85714,64.0,45.0,7.0,13.0,Electronics,4272,79.0
10113,34.0,Male,Pune,87482,60.0,25.0,7.0,10.0,Electronics,5593,170.0
10114,25.0,Female,Delhi,46894,57.0,26.0,9.0,3.0,Electronics,3584,146.0
10115,52.0,Female,Bangalore,55679,95.0,23.0,17.0,6.0,Home Decor,4965,15.0
10116,52.0,Male,Bangalore,97921,70.0,4.0,13.0,3.0,Electronics,5410,99.0
10117,50.0,Male,Delhi,18730,99.0,41.0,9.0,5.0,Home Decor,1489,66.0
10118,22.0,Female,Mumbai,52942,52.0,37.0,9.0,11.0,Fashion,3635,141.0
10119,59.0,Male,Delhi,36729,56.0,27.0,12.0,13.0,Fashion,8150,109.0
10120,56.0,Female,Mumbai,75856,63.0,41.0,19.0,1.0,Electronics,3365,57.0
10121,58.0,Male,Pune,59459,68.0,42.0,15.0,3.0,Grocery,6804,137.0
10122,45.0,Male,Delhi,85649,20.0,31.0,18.0,7.0,Grocery,5652,121.0
10123,24.0,Female,Mumbai,67275,54.0,23.0,8.0,3.0,Home Decor,6022,99.0
10124,26.0,Female,Pune,31347,1.0,5.0,6.0,5.0,Home Decor,6267,66.0
10125,25.0,Female,Delhi,32503,90.0,9.0,6.0,7.0,Fashion,5040,144.0
10126,29.0,Female,Bangalore,69848,98.0,45.0,3.0,13.0,Home Decor,3861,110.0
10127,51.0,Female,Delhi,50721,10.0,2.0,3.0,2.0,Grocery,3510,130.0
10128,50.0,Female,Hyderabad,56684,23.0,6.0,2.0,3.0,Fashion,4338,144.0
10129,65.0,Female,Delhi,93460,51.0,28.0,5.0,4.0,Electronics,7500,72.0
10130,40.0,Male,Hyderabad,88975,24.0,33.0,12.0,5.0,Home Decor,2288,1.0
10131,41.0,Male,Pune,114943,13.0,6.0,6.0,12.0,Electronics,4376,105.0
10132,54.0,Male,Delhi,62091,29.0,16.0,16.0,9.0,Home Decor,1970,154.0
10133,52.0,Female,Pune,53971,58.0,12.0,5.0,9.0,Grocery,3835,172.0
10134,61.0,Female,Pune,80454,91.0,20.0,6.0,4.0,Home Decor,4751,133.0
10135,57.0,Female,Mumbai,55980,95.0,30.0,4.0,14.0,Grocery,7789,21.0
10136,39.0,Male,Pune,56798,43.0,8.0,14.0,9.0,Grocery,8006,35.0
10137,44.0,Female,Pune,64947,10.0,44.0,3.0,4.0,Electronics,1405,104.0
10138,52.0,Female,Delhi,111318,31.0,46.0,17.0,2.0,Home Decor,1976,54.0
10139,18.0,Male,Delhi,87599,74.0,12.0,5.0,10.0,Electronics,4668,124.0
10140,52.0,Female,Bangalore,90220,88.0,16.0,6.0,1.0,Grocery,6522,178.0
10141,54.0,Male,Mumbai,110196,97.0,7.0,4.0,7.0,Grocery,1794,108.0
10142,64.0,Male,Pune,92563,14.0,8.0,13.0,4.0,Grocery,4259,44.0
10143,31.0,Female,Mumbai,41714,99.0,8.0,8.0,12.0,Grocery,7071,85.0
10144,20.0,Female,Hyderabad,92184,34.0,39.0,11.0,8.0,Fashion,7314,4.0
10145,,,,95356,,,,,,4391,
10146,22.0,Male,Mumbai,86296,21.0,29.0,5.0,12.0,Home Decor,997,42.0
10147,43.0,Male,Bangalore,65113,96.0,6.0,5.0,8.0,Grocery,7098,169.0
10148,31.0,Male,Bangalore,83658,67.0,16.0,3.0,6.0,Fashion,3158,164.0
10149,56.0,Female,Pune,69494,58.0,38.0,2.0,9.0,Home Decor,6075,24.0
10150,44.0,Female,Hyderabad,45547,79.0,37.0,3.0,14.0,Fashion,3201,133.0
10151,26.0,Female,Bangalore,51759,8.0,4.0,15.0,4.0,Fashion,5201,67.0
10152,,,,87593,,,,,,5620,
10153,32.0,Male,Hyderabad,47354,38.0,39.0,3.0,4.0,Fashion,7568,173.0
10154,43.0,Male,Mumbai,49711,26.0,0.0,15.0,5.0,Grocery,2184,96.0
10155,59.0,Male,Bangalore,88834,64.0,15.0,11.0,2.0,Electronics,3236,22.0
10156,30.0,Male,Delhi,73344,30.0,16.0,16.0,5.0,Electronics,8227,139.0
10157,68.0,Female,Bangalore,84429,9.0,29.0,13.0,10.0,Electronics,5463,166.0
10158,,,,39274,,,,,,3280,
10159,56.0,Female,Mumbai,83735,11.0,34.0,12.0,9.0,Home Decor,6445,132.0
10160,66.0,Male,Pune,53499,86.0,44.0,7.0,7.0,Home Decor,3001,138.0
10161,69.0,Male,Delhi,44577,34.0,7.0,1.0,7.0,Electronics,5390,19.0
10162,49.0,Female,Mumbai,57366,18.0,47.0,14.0,14.0,Electronics,3631,82.0
10163,21.0,Female,Hyderabad,104051,19.0,29.0,10.0,6.0,Home Decor,7485,156.0
10164,47.0,Male,Delhi,60888,54.0,38.0,3.0,2.0,Electronics,3287,95.0
10165,54.0,Female,Delhi,125034,82.0,20.0,11.0,10.0,Fashion,-307,17.0
10166,40.0,Male,Hyderabad,18445,37.0,14.0,15.0,12.0,Fashion,4102,24.0
10167,56.0,Male,Bangalore,31343,82.0,33.0,6.0,11.0,Electronics,3665,129.0
10168,62.0,Male,Hyderabad,103104,12.0,26.0,18.0,10.0,Home Decor,4511,5.0
10169,,,,109390,,,,,,6113,
10170,60.0,Female,Bangalore,48413,43.0,9.0,15.0,9.0,Grocery,2636,53.0
10171,46.0,Male,Bangalore,71722,27.0,4.0,3.0,14.0,Electronics,3445,81.0
10172,53.0,Female,Bangalore,87804,51.0,26.0,15.0,5.0,Grocery,4988,171.0
10173,30.0,Male,Bangalore,64265,5.0,3.0,1.0,6.0,Home Decor,3681,86.0
10174,49.0,Male,Bangalore,73746,6.0,46.0,10.0,1.0,Fashion,5130,103.0
10175,24.0,Male,Hyderabad,70273,77.0,12.0,18.0,5.0,Fashion,6075,167.0
10176,68.0,Male,Pune,32963,87.0,16.0,8.0,6.0,Home Decor,5027,162.0
10177,39.0,Female,Pune,61383,56.0,20.0,12.0,10.0,Grocery,7200,80.0
10178,45.0,Male,Mumbai,70309,89.0,22.0,5.0,11.0,Electronics,3103,5.0
10179,19.0,Male,Pune,72578,68.0,32.0,1.0,2.0,Fashion,3842,18.0
10180,,,,26737,,,,,,7986,
10181,62.0,Male,Hyderabad,88842,44.0,14.0,5.0,14.0,Grocery,3531,109.0
10182,23.0,Male,Bangalore,73237,15.0,13.0,17.0,4.0,Fashion,9900,91.0
10183,45.0,Female,Bangalore,43615,90.0,8.0,15.0,5.0,Fashion,6932,70.0
10184,45.0,Female,Hyderabad,114976,42.0,43.0,4.0,3.0,Electronics,3356,139.0
10185,61.0,Female,Pune,61335,11.0,36.0,13.0,5.0,Home Decor,6170,175.0
10186,61.0,Male,Hyderabad,62958,73.0,29.0,17.0,12.0,Grocery,5592,81.0
10187,37.0,Female,Mumbai,86042,11.0,28.0,13.0,4.0,Electronics,2090,31.0
10188,47.0,Female,Bangalore,117100,66.0,22.0,2.0,12.0,Fashion,8088,13.0
10189,28.0,Male,Delhi,87025,27.0,33.0,4.0,14.0,Home Decor,6642,23.0
10190,45.0,Male,Mumbai,90652,58.0,6.0,2.0,10.0,Home Decor,7953,65.0
10191,42.0,Male,Mumbai,44959,90.0,8.0,12.0,6.0,Grocery,7093,30.0
10192,56.0,Male,Hyderabad,72173,72.0,49.0,19.0,2.0,Home Decor,5697,159.0
10193,50.0,Male,Pune,56693,21.0,3.0,18.0,3.0,Fashion,7159,47.0
10194,18.0,Female,Bangalore,87603,21.0,1.0,10.0,12.0,Fashion,2328,144.0
10195,44.0,Female,Delhi,89924,72.0,26.0,5.0,10.0,Fashion,8967,171.0
10196,69.0,Female,Mumbai,110830,1.0,32.0,11.0,1.0,Electronics,6490,131.0
10197,30.0,Male,Delhi,16041,58.0,31.0,1.0,7.0,Fashion,1093,12.0
10198,58.0,Male,Pune,54235,13.0,43.0,3.0,9.0,Electronics,2011,139.0
10199,20.0,Male,Pune,102506,73.0,44.0,17.0,2.0,Fashion,5575,16.0
10200,,,,34961,,,,,,3220,
10201,23.0,Female,Bangalore,90141,6.0,36.0,14.0,3.0,Home Decor,6039,117.0
10202,25.0,Male,Pune,98350,87.0,26.0,15.0,5.0,Grocery,3028,149.0
10203,44.0,Female,Delhi,69291,100.0,27.0,16.0,6.0,Fashion,2454,109.0
10204,26.0,Male,Mumbai,34463,58.0,2.0,4.0,8.0,Home Decor,3919,58.0
10205,54.0,Female,Delhi,66962,17.0,35.0,19.0,4.0,Home Decor,11537,171.0
10206,50.0,Female,Delhi,106467,73.0,48.0,8.0,2.0,Grocery,2810,5.0
10207,68.0,Female,Hyderabad,108475,12.0,42.0,6.0,3.0,Home Decor,7513,141.0
10208,59.0,Male,Pune,75197,86.0,7.0,16.0,8.0,Home Decor,3484,81.0
10209,61.0,Female,Bangalore,45569,52.0,43.0,3.0,7.0,Grocery,4822,140.0
10210,41.0,Female,Bangalore,113459,76.0,49.0,8.0,6.0,Electronics,5249,1.0
10211,32.0,Male,Hyderabad,90523,70.0,49.0,5.0,5.0,Grocery,4875,8.0
10212,49.0,Female,Bangalore,47212,73.0,40.0,5.0,11.0,Grocery,5113,144.0
10213,49.0,Male,Delhi,78562,52.0,36.0,12.0,5.0,Fashion,5676,143.0
10214,41.0,Male,Hyderabad,77418,37.0,48.0,1.0,1.0,Fashion,2012,19.0
10215,58.0,Male,Mumbai,54080,3.0,44.0,7.0,14.0,Electronics,4735,153.0
10216,69.0,Male,Pune,78702,98.0,37.0,11.0,6.0,Grocery,4888,31.0
10217,66.0,Male,Pune,97654,8.0,21.0,10.0,13.0,Grocery,6110,130.0
10218,66.0,Female,Pune,62593,10.0,13.0,3.0,9.0,Electronics,4437,121.0
10219,69.0,Male,Delhi,100206,47.0,14.0,8.0,8.0,Fashion,6056,59.0
10220,29.0,Male,Mumbai,26116,41.0,45.0,1.0,12.0,Grocery,3694,31.0
10221,56.0,Male,Hyderabad,125456,64.0,3.0,8.0,10.0,Electronics,3895,140.0
10222,19.0,Male,Hyderabad,71433,42.0,17.0,11.0,1.0,Fashion,5623,145.0
10223,20.0,Female,Pune,96825,43.0,0.0,7.0,11.0,Home Decor,2942,29.0
10224,66.0,Male,Mumbai,75465,9.0,11.0,16.0,13.0,Electronics,3870,164.0
10225,54.0,Female,Mumbai,49411,14.0,40.0,7.0,6.0,Electronics,4010,104.0
10226,66.0,Male,Mumbai,69090,91.0,41.0,13.0,3.0,Grocery,4116,63.0
10227,34.0,Female,Bangalore,22263,96.0,49.0,10.0,6.0,Home Decor,5114,15.0
10228,,,,87209,,,,,,3219,
10229,,,,74844,,,,,,6251,
10230,19.0,Female,Mumbai,65211,97.0,35.0,7.0,8.0,Grocery,4456,11.0
10231,,,,88817,,,,,,5807,
10232,40.0,Female,Hyderabad,70938,1.0,6.0,13.0,6.0,Fashion,2544,55.0
10233,54.0,Male,Hyderabad,85170,75.0,8.0,5.0,6.0,Fashion,-716,63.0
10234,49.0,Female,Pune,94057,65.0,7.0,19.0,7.0,Fashion,6886,130.0
10235,50.0,Male,Mumbai,56269,46.0,24.0,15.0,11.0,Grocery,5417,7.0
10236,18.0,Male,Pune,49114,59.0,6.0,1.0,13.0,Fashion,6093,171.0
10237,36.0,Female,Hyderabad,26935,75.0,41.0,5.0,10.0,Fashion,7635,159.0
10238,19.0,Male,Hyderabad,73064,7.0,7.0,13.0,11.0,Fashion,3120,150.0
10239,61.0,Male,Bangalore,81302,66.0,23.0,10.0,4.0,Electronics,1382,28.0
10240,43.0,Male,Pune,36909,15.0,16.0,5.0,13.0,Fashion,6956,25.0
10241,,,,105509,,,,,,6304,
10242,23.0,Male,Mumbai,49441,47.0,45.0,10.0,8.0,Electronics,7211,176.0
10243,49.0,Male,Mumbai,17412,90.0,30.0,18.0,4.0,Grocery,8316,80.0
10244,21.0,Female,Bangalore,107370,40.0,11.0,8.0,7.0,Home Decor,2653,24.0
10245,28.0,Female,Delhi,20674,42.0,1.0,3.0,1.0,Electronics,6873,81.0
10246,34.0,Female,Delhi,94104,51.0,11.0,19.0,12.0,Fashion,4492,125.0
10247,55.0,Male,Delhi,88027,35.0,26.0,19.0,9.0,Electronics,6932,170.0
10248,41.0,Female,Pune,77988,41.0,45.0,2.0,10.0,Grocery,8672,70.0
10249,,,,56930,,,,,,5054,
10250,69.0,Male,Hyderabad,82569,57.0,12.0,16.0,7.0,Home Decor,3508,90.0
10251,51.0,Male,Pune,96212,38.0,35.0,10.0,8.0,Fashion,2288,124.0
10252,23.0,Male,Pune,45354,72.0,0.0,16.0,2.0,Fashion,492,92.0
10253,39.0,Female,Pune,94409,96.0,48.0,5.0,10.0,Home Decor,7903,111.0
10254,28.0,Male,Bangalore,93271,8.0,34.0,3.0,14.0,Grocery,8029,164.0
10255,65.0,Female,Pune,77326,74.0,29.0,3.0,14.0,Electronics,7022,159.0
10256,33.0,Male,Mumbai,56550,63.0,30.0,2.0,12.0,Grocery,4399,128.0
10257,50.0,Female,Mumbai,93386,87.0,16.0,4.0,10.0,Grocery,6574,155.0
10258,26.0,Female,Hyderabad,82707,4.0,7.0,18.0,7.0,Grocery,5611,173.0
10259,23.0,Female,Bangalore,44601,48.0,2.0,2.0,1.0,Fashion,2678,44.0
10260,33.0,Female,Mumbai,60816,52.0,9.0,6.0,3.0,Electronics,7297,57.0
10261,46.0,Female,Bangalore,90476,38.0,33.0,3.0,6.0,Fashion,6019,21.0
10262,20.0,Female,Bangalore,72864,94.0,21.0,3.0,5.0,Fashion,6472,55.0
10263,37.0,Male,Hyderabad,97149,87.0,3.0,2.0,5.0,Fashion,5652,109.0
10264,53.0,Female,Bangalore,61458,5.0,31.0,3.0,9.0,Electronics,5266,143.0
10265,36.0,Male,Pune,45002,85.0,28.0,17.0,6.0,Home Decor,5706,162.0
10266,43.0,Female,Bangalore,124840,70.0,45.0,14.0,3.0,Fashion,4430,104.0
10267,20.0,Male,Hyderabad,27977,81.0,10.0,7.0,2.0,Fashion,6214,131.0
10268,36.0,Female,Hyderabad,57504,89.0,45.0,6.0,14.0,Fashion,8902,129.0
10269,37.0,Female,Hyderabad,76993,24.0,12.0,8.0,9.0,Electronics,5925,24.0
10270,49.0,Male,Mumbai,94652,86.0,3.0,19.0,10.0,Electronics,7233,171.0
10271,24.0,Female,Pune,86161,77.0,1.0,19.0,14.0,Grocery,2638,27.0
10272,69.0,Female,Mumbai,127781,17.0,33.0,12.0,4.0,Fashion,6626,137.0
10273,58.0,Female,Delhi,67060,78.0,42.0,5.0,11.0,Fashion,6019,88.0
10274,50.0,Male,Pune,48175,98.0,21.0,5.0,5.0,Electronics,7151,145.0
10275,57.0,Female,Bangalore,64507,90.0,4.0,14.0,9.0,Electronics,4150,92.0
10276,56.0,Male,Hyderabad,62000,83.0,8.0,17.0,5.0,Fashion,6969,39.0
10277,35.0,Female,Delhi,68292,26.0,19.0,16.0,7.0,Home Decor,3561,55.0
10278,57.0,Female,Pune,45437,3.0,20.0,4.0,2.0,Grocery,7277,125.0
10279,18.0,Male,Mumbai,89601,2.0,16.0,8.0,2.0,Grocery,7414,45.0
10280,,,,79270,,,,,,2788,
10281,45.0,Female,Mumbai,38402,2.0,27.0,5.0,8.0,Grocery,5728,101.0
10282,42.0,Male,Pune,94200,22.0,17.0,7.0,2.0,Grocery,4560,157.0
10283,67.0,Female,Pune,49712,71.0,2.0,18.0,10.0,Fashion,5974,29.0
10284,40.0,Male,Delhi,40429,4.0,4.0,8.0,7.0,Grocery,5078,69.0
10285,48.0,Male,Bangalore,72183,38.0,13.0,11.0,13.0,Electronics,4551,11.0
10286,47.0,Male,Mumbai,26053,84.0,47.0,14.0,13.0,Fashion,3836,130.0
10287,59.0,Female,Delhi,84737,70.0,25.0,18.0,1.0,Electronics,7883,138.0
10288,52.0,Male,Hyderabad,-971,73.0,18.0,13.0,9.0,Fashion,3516,103.0
10289,24.0,Male,Bangalore,44265,52.0,40.0,6.0,10.0,Electronics,3909,108.0
10290,33.0,Female,Delhi,109378,31.0,16.0,13.0,6.0,Grocery,2488,119.0
10291,43.0,Male,Mumbai,52833,26.0,38.0,1.0,11.0,Home Decor,6712,155.0
10292,65.0,Female,Pune,57210,36.0,41.0,11.0,1.0,Electronics,7074,87.0
10293,69.0,Female,Hyderabad,101841,26.0,3.0,7.0,10.0,Electronics,5785,112.0
10294,66.0,Female,Mumbai,50178,28.0,41.0,10.0,6.0,Home Decor,3459,163.0
10295,19.0,Female,Bangalore,89085,5.0,34.0,2.0,14.0,Home Decor,1591,178.0
10296,18.0,Male,Bangalore,99354,74.0,23.0,16.0,5.0,Electronics,6119,74.0
10297,,,,81963,,,,,,6797,
10298,,,,33877,,,,,,3980,
10299,22.0,Male,Hyderabad,54900,57.0,32.0,16.0,5.0,Fashion,5149,95.0
10300,54.0,Male,Hyderabad,137840,97.0,14.0,15.0,5.0,Electronics,1856,80.0
10301,49.0,Female,Pune,57736,5.0,14.0,9.0,4.0,Electronics,3419,24.0
10302,26.0,Male,Pune,144658,37.0,30.0,1.0,7.0,Home Decor,5773,57.0
10303,58.0,Male,Bangalore,112724,86.0,42.0,9.0,13.0,Home Decor,4790,71.0
10304,52.0,Male,Pune,82976,86.0,27.0,11.0,9.0,Fashion,5378,83.0
10305,36.0,Female,Delhi,77430,22.0,9.0,5.0,13.0,Fashion,7278,144.0
10306,65.0,Female,Mumbai,291895,52.0,6.0,6.0,4.0,Grocery,10060,97.0
10307,33.0,Male,Pune,67777,15.0,32.0,8.0,2.0,Electronics,5411,36.0
10308,20.0,Female,Hyderabad,52781,17.0,6.0,15.0,2.0,Electronics,3639,45.0
10309,37.0,Male,Delhi,68409,51.0,4.0,16.0,2.0,Home Decor,4649,10.0
10310,41.0,Male,Hyderabad,35945,45.0,25.0,18.0,7.0,Grocery,5580,63.0
10311,50.0,Female,Delhi,34605,63.0,15.0,12.0,4.0,Electronics,2469,43.0
10312,41.0,Female,Pune,102525,28.0,7.0,4.0,4.0,Grocery,3694,51.0
10313,69.0,Male,Mumbai,29692,59.0,21.0,16.0,1.0,Fashion,4172,107.0
10314,28.0,Male,Hyderabad,92153,86.0,33.0,11.0,4.0,Electronics,5793,3.0
10315,66.0,Female,Delhi,22640,21.0,39.0,7.0,6.0,Electronics,7201,163.0
10316,25.0,Male,Bangalore,85740,42.0,27.0,15.0,2.0,Fashion,1656,69.0
10317,53.0,Female,Pune,64810,81.0,45.0,17.0,4.0,Electronics,3664,79.0
10318,55.0,Male,Mumbai,103032,69.0,35.0,15.0,11.0,Fashion,4706,36.0
10319,57.0,Female,Pune,61700,82.0,46.0,10.0,7.0,Fashion,4699,49.0
10320,37.0,Male,Bangalore,19761,17.0,6.0,4.0,13.0,Grocery,5831,1.0
10321,52.0,Male,Mumbai,65299,68.0,39.0,17.0,9.0,Home Decor,2519,170.0
10322,65.0,Female,Bangalore,73991,7.0,42.0,4.0,2.0,Home Decor,4594,169.0
10323,42.0,Male,Pune,66700,89.0,27.0,11.0,8.0,Fashion,4175,73.0
10324,52.0,Male,Delhi,84377,40.0,1.0,4.0,14.0,Grocery,6443,116.0
10325,42.0,Female,Pune,55890,40.0,8.0,12.0,6.0,Fashion,5148,148.0
10326,46.0,Male,Pune,38414,43.0,5.0,10.0,8.0,Grocery,4111,14.0
10327,35.0,Male,Pune,225040,73.0,0.0,14.0,2.0,Grocery,29740,122.0
10328,63.0,Male,Hyderabad,57105,83.0,2.0,18.0,14.0,Home Decor,3940,93.0
10329,35.0,Female,Bangalore,56891,51.0,9.0,6.0,11.0,Home Decor,3401,54.0
10330,19.0,Female,Bangalore,130153,73.0,36.0,5.0,1.0,Grocery,6178,49.0
10331,52.0,Female,Bangalore,101377,23.0,43.0,2.0,7.0,Home Decor,4048,30.0
10332,33.0,Male,Hyderabad,87167,95.0,22.0,13.0,13.0,Grocery,5131,131.0
10333,58.0,Male,Delhi,81150,32.0,32.0,14.0,9.0,Electronics,8464,12.0
10334,,,,77494,,,,,,4020,
10335,50.0,Male,Delhi,77625,17.0,12.0,11.0,2.0,Home Decor,3067,159.0
10336,21.0,Female,Hyderabad,74082,58.0,27.0,4.0,4.0,Fashion,4569,165.0
10337,50.0,Male,Bangalore,71002,86.0,6.0,13.0,13.0,Home Decor,4385,155.0
10338,31.0,Male,Pune,17703,35.0,25.0,8.0,1.0,Fashion,6533,116.0
10339,38.0,Male,Mumbai,60771,30.0,15.0,8.0,11.0,Fashion,2263,152.0
10340,65.0,Female,Mumbai,63992,64.0,39.0,13.0,7.0,Home Decor,10375,112.0
10341,37.0,Male,Delhi,51275,53.0,25.0,10.0,2.0,Home Decor,3559,169.0
10342,25.0,Male,Bangalore,56097,51.0,38.0,13.0,4.0,Home Decor,6050,104.0
10343,24.0,Male,Mumbai,77518,37.0,31.0,13.0,12.0,Home Decor,6868,11.0
10344,20.0,Male,Delhi,89189,90.0,35.0,17.0,2.0,Grocery,5383,91.0
10345,34.0,Male,Hyderabad,77480,6.0,41.0,6.0,1.0,Home Decor,6238,73.0
10346,50.0,Female,Delhi,88561,34.0,0.0,2.0,7.0,Home Decor,5141,16.0
10347,65.0,Male,Delhi,89002,56.0,48.0,17.0,6.0,Home Decor,6264,14.0
10348,29.0,Male,Delhi,62507,96.0,20.0,12.0,2.0,Electronics,4149,175.0
10349,68.0,Male,Pune,83132,25.0,12.0,6.0,14.0,Fashion,3692,158.0
10350,39.0,Male,Delhi,26340,13.0,25.0,5.0,4.0,Home Decor,1439,110.0
10351,39.0,Male,Delhi,60391,63.0,44.0,5.0,12.0,Home Decor,5870,152.0
10352,63.0,Male,Pune,57453,66.0,8.0,9.0,11.0,Fashion,4313,141.0
10353,47.0,Male,Pune,108283,5.0,36.0,3.0,3.0,Fashion,5748,119.0
10354,55.0,Male,Hyderabad,78427,75.0,22.0,5.0,12.0,Grocery,4365,126.0
10355,55.0,Male,Bangalore,36638,11.0,0.0,7.0,3.0,Fashion,7481,9.0
10356,62.0,Male,Mumbai,84864,88.0,1.0,12.0,3.0,Fashion,4671,177.0
10357,68.0,Female,Mumbai,92744,78.0,42.0,7.0,11.0,Electronics,3756,154.0
10358,25.0,Female,Delhi,67758,94.0,27.0,10.0,4.0,Grocery,4202,49.0
10359,44.0,Female,Hyderabad,87256,44.0,35.0,8.0,1.0,Electronics,6002,42.0
10360,44.0,Female,Delhi,7607,99.0,30.0,17.0,1.0,Fashion,10838,173.0
10361,51.0,Male,Mumbai,2516,85.0,40.0,5.0,7.0,Home Decor,7742,114.0
10362,38.0,Female,Pune,40533,69.0,4.0,15.0,5.0,Grocery,2584,77.0
10363,47.0,Female,Bangalore,73725,2.0,36.0,9.0,3.0,Fashion,5472,149.0
10364,50.0,Male,Hyderabad,108304,40.0,24.0,11.0,9.0,Fashion,3432,157.0
10365,45.0,Female,Pune,41839,37.0,7.0,13.0,5.0,Home Decor,4212,92.0
10366,64.0,Female,Bangalore,48658,49.0,33.0,18.0,10.0,Home Decor,4388,152.0
10367,50.0,Male,Hyderabad,361075,98.0,38.0,17.0,3.0,Home Decor,19308,120.0
10368,22.0,Male,Hyderabad,57692,75.0,48.0,9.0,9.0,Grocery,6756,170.0
10369,65.0,Male,Mumbai,56270,36.0,31.0,10.0,1.0,Electronics,4476,84.0
10370,36.0,Female,Pune,59463,75.0,10.0,5.0,14.0,Grocery,5335,103.0
10371,21.0,Female,Hyderabad,102869,73.0,46.0,11.0,9.0,Home Decor,4983,71.0
10372,52.0,Male,Hyderabad,97903,70.0,24.0,15.0,14.0,Grocery,3602,169.0
10373,66.0,Male,Bangalore,70586,34.0,2.0,2.0,5.0,Home Decor,3918,48.0
10374,,,,111362,,,,,,3781,
10375,61.0,Male,Delhi,82725,37.0,49.0,5.0,2.0,Grocery,6326,77.0
10376,45.0,Female,Mumbai,98847,96.0,31.0,6.0,8.0,Electronics,4256,43.0
10377,47.0,Male,Delhi,48486,60.0,34.0,15.0,3.0,Electronics,8537,8.0
10378,46.0,Male,Pune,53658,12.0,31.0,4.0,1.0,Home Decor,3434,63.0
10379,63.0,Female,Pune,53390,32.0,33.0,10.0,7.0,Grocery,3429,120.0
10380,23.0,Male,Hyderabad,67831,81.0,36.0,19.0,12.0,Grocery,2864,63.0
10381,52.0,Male,Pune,71497,4.0,4.0,9.0,3.0,Electronics,4785,6.0
10382,58.0,Male,Hyderabad,78104,33.0,44.0,10.0,4.0,Home Decor,3921,74.0
10383,54.0,Female,Mumbai,119327,43.0,27.0,4.0,5.0,Electronics,4295,52.0
10384,41.0,Male,Pune,88031,9.0,27.0,4.0,1.0,Electronics,7048,21.0
10385,46.0,Male,Mumbai,57130,98.0,7.0,6.0,11.0,Electronics,4666,142.0
10386,66.0,Male,Mumbai,69918,51.0,26.0,8.0,11.0,Electronics,4249,116.0
10387,63.0,Male,Pune,107623,94.0,15.0,16.0,9.0,Grocery,5571,58.0
10388,48.0,Male,Mumbai,89546,20.0,17.0,8.0,7.0,Fashion,5373,153.0
10389,52.0,Male,Pune,107294,39.0,24.0,16.0,2.0,Grocery,6507,56.0
10390,50.0,Female,Pune,57932,23.0,47.0,6.0,13.0,Home Decor,6672,83.0
10391,69.0,Female,Pune,52208,41.0,0.0,17.0,1.0,Fashion,5905,9.0
10392,38.0,Male,Delhi,52573,44.0,7.0,1.0,14.0,Electronics,6875,164.0
10393,49.0,Female,Mumbai,59950,35.0,20.0,19.0,11.0,Grocery,3641,133.0
10394,,,,43417,,,,,,4761,
10395,50.0,Male,Pune,77379,58.0,23.0,17.0,3.0,Electronics,5246,94.0
10396,20.0,Female,Mumbai,77809,48.0,36.0,17.0,12.0,Grocery,5175,135.0
10397,35.0,Female,Hyderabad,103469,87.0,25.0,12.0,3.0,Fashion,11160,134.0
10398,42.0,Female,Pune,25993,58.0,46.0,12.0,8.0,Grocery,7195,52.0
10399,59.0,Female,Pune,46396,57.0,13.0,6.0,5.0,Fashion,7120,106.0
10400,48.0,Female,Bangalore,90139,87.0,28.0,7.0,9.0,Home Decor,4425,55.0
10401,20.0,Female,Delhi,74586,39.0,29.0,8.0,3.0,Grocery,4866,14.0
10402,57.0,Female,Delhi,71120,28.0,2.0,3.0,6.0,Grocery,6530,129.0
10403,63.0,Female,Pune,101596,64.0,6.0,17.0,4.0,Fashion,8005,165.0
10404,41.0,Male,Mumbai,44751,62.0,35.0,8.0,8.0,Home Decor,3291,49.0
10405,67.0,Male,Hyderabad,51781,83.0,10.0,11.0,12.0,Grocery,4054,140.0
10406,49.0,Female,Hyderabad,48837,62.0,31.0,18.0,1.0,Home Decor,4602,133.0
10407,64.0,Female,Mumbai,19677,94.0,11.0,16.0,4.0,Home Decor,5519,70.0
10408,39.0,Male,Pune,73320,85.0,14.0,13.0,7.0,Grocery,6545,116.0
10409,40.0,Female,Hyderabad,56928,88.0,37.0,9.0,9.0,Electronics,6433,119.0
10410,19.0,Female,Delhi,51677,85.0,23.0,19.0,13.0,Fashion,5908,139.0
10411,44.0,Male,Mumbai,47164,26.0,0.0,7.0,1.0,Grocery,3479,79.0
10412,59.0,Male,Bangalore,69556,51.0,17.0,17.0,8.0,Home Decor,4657,50.0
10413,19.0,Male,Pune,50036,50.0,45.0,8.0,2.0,Fashion,2325,125.0
10414,43.0,Female,Mumbai,75539,36.0,6.0,8.0,4.0,Grocery,6957,55.0
10415,34.0,Female,Hyderabad,81479,26.0,41.0,3.0,4.0,Fashion,5067,92.0
10416,57.0,Male,Pune,62635,33.0,40.0,16.0,14.0,Fashion,2671,3.0
10417,50.0,Male,Delhi,60938,100.0,1.0,12.0,8.0,Home Decor,9706,120.0
10418,26.0,Female,Pune,74637,68.0,39.0,15.0,11.0,Electronics,-95,144.0
10419,60.0,Male,Pune,69278,73.0,30.0,4.0,2.0,Electronics,4874,173.0
10420,65.0,Female,Delhi,103253,8.0,32.0,7.0,7.0,Fashion,7628,81.0
10421,56.0,Female,Delhi,77956,66.0,29.0,11.0,3.0,Home Decor,4029,164.0
10422,46.0,Male,Pune,97389,93.0,30.0,5.0,9.0,Home Decor,5330,19.0
10423,59.0,Male,Delhi,85262,23.0,33.0,13.0,5.0,Grocery,5957,132.0
10424,43.0,Female,Mumbai,37039,70.0,6.0,11.0,14.0,Fashion,425,59.0
10425,52.0,Male,Delhi,56043,55.0,24.0,5.0,12.0,Grocery,2820,89.0
10426,67.0,Male,Delhi,68797,43.0,15.0,8.0,8.0,Home Decor,4879,140.0
10427,42.0,Male,Pune,91711,100.0,21.0,17.0,5.0,Fashion,4835,63.0
10428,41.0,Male,Mumbai,118195,21.0,35.0,11.0,1.0,Electronics,2307,27.0
10429,30.0,Female,Bangalore,57896,22.0,26.0,19.0,9.0,Electronics,4960,125.0
10430,24.0,Female,Bangalore,71381,9.0,16.0,18.0,10.0,Grocery,6070,152.0
10431,53.0,Female,Hyderabad,89997,34.0,3.0,10.0,11.0,Fashion,7579,154.0
10432,62.0,Female,Delhi,68554,59.0,34.0,5.0,12.0,Home Decor,5416,22.0
10433,37.0,Male,Delhi,111102,26.0,40.0,1.0,7.0,Grocery,3182,70.0
10434,18.0,Male,Mumbai,36305,1.0,21.0,17.0,4.0,Electronics,6144,19.0
10435,25.0,Female,Bangalore,86950,100.0,46.0,17.0,7.0,Home Decor,6378,101.0
10436,63.0,Female,Hyderabad,86705,5.0,34.0,1.0,5.0,Fashion,4673,162.0
10437,33.0,Male,Mumbai,98800,41.0,43.0,1.0,10.0,Electronics,4247,139.0
10438,31.0,Female,Delhi,71551,63.0,14.0,9.0,14.0,Home Decor,4083,120.0
10439,29.0,Female,Bangalore,92288,22.0,39.0,4.0,9.0,Electronics,6253,88.0
10440,68.0,Male,Hyderabad,63771,68.0,43.0,9.0,2.0,Fashion,4716,173.0
10441,40.0,Female,Pune,49965,48.0,20.0,14.0,4.0,Grocery,5667,37.0
10442,32.0,Male,Bangalore,46319,66.0,12.0,15.0,6.0,Home Decor,3508,151.0
10443,45.0,Male,Hyderabad,33964,16.0,46.0,16.0,11.0,Home Decor,5146,168.0
10444,51.0,Female,Mumbai,58966,80.0,10.0,16.0,5.0,Fashion,2797,171.0
10445,19.0,Male,Pune,77787,53.0,48.0,13.0,1.0,Electronics,3831,4.0
10446,49.0,Female,Hyderabad,64796,86.0,26.0,14.0,9.0,Electronics,5093,82.0
10447,40.0,Male,Hyderabad,74949,65.0,30.0,9.0,9.0,Electronics,3513,15.0
10448,39.0,Female,Delhi,100871,79.0,43.0,9.0,3.0,Home Decor,4206,151.0
10449,68.0,Female,Bangalore,57062,64.0,31.0,4.0,4.0,Home Decor,6518,140.0
10450,42.0,Female,Delhi,128507,88.0,29.0,10.0,4.0,Electronics,4405,68.0
10451,39.0,Male,Pune,88881,68.0,17.0,3.0,10.0,Home Decor,4270,68.0
10452,39.0,Male,Hyderabad,65076,63.0,15.0,9.0,8.0,Grocery,3222,169.0
10453,66.0,Female,Delhi,64509,62.0,34.0,19.0,6.0,Fashion,3957,105.0
10454,69.0,Male,Bangalore,44796,82.0,8.0,16.0,2.0,Fashion,4987,59.0
10455,59.0,Female,Pune,69357,81.0,38.0,16.0,4.0,Home Decor,6266,58.0
10456,23.0,Female,Mumbai,15960,71.0,36.0,17.0,1.0,Grocery,1929,120.0
10457,32.0,Male,Delhi,101394,45.0,9.0,18.0,3.0,Grocery,6607,151.0
10458,60.0,Female,Pune,-415,52.0,11.0,10.0,4.0,Electronics,4236,129.0
10459,54.0,Male,Mumbai,71043,74.0,7.0,19.0,8.0,Fashion,4811,56.0
10460,50.0,Female,Delhi,41400,65.0,2.0,15.0,3.0,Fashion,6409,4.0
10461,25.0,Male,Pune,52470,2.0,18.0,15.0,5.0,Fashion,9449,29.0
10462,61.0,Female,Pune,55696,49.0,10.0,11.0,1.0,Home Decor,6089,17.0
10463,61.0,Female,Delhi,118140,22.0,7.0,8.0,13.0,Grocery,4017,177.0
10464,22.0,Male,Pune,42418,96.0,25.0,16.0,4.0,Electronics,5370,51.0
10465,56.0,Female,Hyderabad,92856,29.0,44.0,10.0,2.0,Home Decor,5842,177.0
10466,,,,99010,,,,,,2194,
10467,23.0,Male,Pune,11539,81.0,9.0,15.0,5.0,Home Decor,2832,44.0
10468,62.0,Female,Mumbai,54616,76.0,17.0,5.0,3.0,Fashion,5805,116.0
10469,,,,107111,,,,,,6058,
10470,69.0,Female,Hyderabad,37130,94.0,38.0,16.0,6.0,Grocery,5756,57.0
10471,47.0,Male,Delhi,99956,30.0,25.0,18.0,12.0,Grocery,6302,32.0
10472,64.0,Female,Pune,69553,84.0,10.0,16.0,2.0,Home Decor,4259,159.0
10473,,,,68472,,,,,,7161,
10474,57.0,Female,Mumbai,71737,71.0,2.0,1.0,4.0,Home Decor,8643,160.0
10475,69.0,Male,Hyderabad,78564,50.0,6.0,19.0,5.0,Electronics,3710,108.0
10476,33.0,Male,Mumbai,46109,71.0,3.0,10.0,13.0,Grocery,2481,42.0
10477,30.0,Male,Mumbai,63489,60.0,39.0,13.0,9.0,Grocery,4853,122.0
10478,67.0,Male,Hyderabad,79264,30.0,7.0,11.0,6.0,Grocery,6756,34.0
10479,59.0,Female,Delhi,74422,12.0,37.0,15.0,7.0,Grocery,6322,165.0
10480,47.0,Female,Pune,78730,49.0,12.0,2.0,14.0,Electronics,5286,144.0
10481,36.0,Male,Delhi,52032,95.0,11.0,6.0,11.0,Grocery,377,85.0
10482,34.0,Male,Bangalore,85807,82.0,34.0,11.0,8.0,Home Decor,3613,141.0
10483,36.0,Male,Bangalore,73161,46.0,37.0,15.0,9.0,Grocery,7209,122.0
10484,45.0,Female,Bangalore,30482,43.0,42.0,9.0,14.0,Electronics,1508,120.0
10485,43.0,Male,Hyderabad,56715,2.0,35.0,12.0,5.0,Fashion,5041,82.0
10486,54.0,Male,Mumbai,47612,97.0,46.0,4.0,8.0,Fashion,3853,120.0
10487,,,,47290,,,,,,6307,
10488,40.0,Female,Pune,58087,98.0,14.0,3.0,10.0,Fashion,1665,105.0
10489,26.0,Male,Bangalore,85336,80.0,48.0,17.0,9.0,Electronics,4397,82.0
10490,29.0,Female,Delhi,54330,54.0,33.0,13.0,2.0,Grocery,5313,92.0
10491,18.0,Male,Bangalore,75626,35.0,38.0,8.0,13.0,Electronics,4296,163.0
10492,18.0,Female,Bangalore,71529,52.0,25.0,12.0,12.0,Fashion,6205,165.0
10493,64.0,Male,Pune,50523,33.0,47.0,12.0,5.0,Fashion,1917,40.0
10494,51.0,Male,Hyderabad,61379,85.0,4.0,12.0,6.0,Grocery,2755,136.0
10495,49.0,Male,Mumbai,91621,84.0,47.0,2.0,4.0,Fashion,4347,54.0
10496,65.0,Male,Hyderabad,73745,72.0,24.0,10.0,8.0,Grocery,5673,89.0
10497,42.0,Female,Delhi,83720,51.0,33.0,9.0,10.0,Grocery,6025,135.0
10498,,,,101812,,,,,,5345,
10499,62.0,Female,Delhi,80873,97.0,3.0,4.0,11.0,Home Decor,3160,97.0
10500,18.0,Female,Delhi,21982,62.0,33.0,14.0,13.0,Home Decor,3805,56.0
10501,33.0,Male,Mumbai,76764,61.0,26.0,16.0,5.0,Electronics,7211,104.0
10502,,,,54547,,,,,,9042,
10503,22.0,Female,Mumbai,115257,37.0,28.0,2.0,3.0,Fashion,6217,177.0
10504,39.0,Female,Hyderabad,79981,30.0,4.0,6.0,8.0,Home Decor,5688,125.0
10505,46.0,Female,Delhi,55064,95.0,17.0,3.0,11.0,Grocery,2692,78.0
10506,20.0,Female,Bangalore,84162,97.0,3.0,19.0,5.0,Grocery,5393,8.0
10507,29.0,Female,Bangalore,72269,11.0,0.0,13.0,14.0,Grocery,1628,84.0
10508,43.0,Male,Delhi,27051,53.0,49.0,17.0,3.0,Grocery,7627,82.0
10509,33.0,Male,Mumbai,457880,41.0,19.0,14.0,5.0,Electronics,24480,88.0
10510,68.0,Male,Pune,59861,5.0,5.0,11.0,9.0,Fashion,4884,174.0
10511,54.0,Female,Mumbai,105515,66.0,19.0,16.0,3.0,Home Decor,2683,67.0
10512,39.0,Female,Delhi,66889,13.0,19.0,11.0,12.0,Electronics,5363,117.0
10513,46.0,Female,Delhi,105982,63.0,45.0,18.0,10.0,Fashion,1995,174.0
10514,31.0,Female,Pune,80622,82.0,26.0,2.0,7.0,Electronics,4371,78.0
10515,45.0,Male,Hyderabad,94353,90.0,25.0,8.0,8.0,Grocery,5830,67.0
10516,22.0,Male,Hyderabad,57704,25.0,31.0,14.0,5.0,Electronics,3574,42.0
10517,64.0,Female,Pune,78825,44.0,9.0,2.0,3.0,Electronics,4919,64.0
10518,66.0,Male,Hyderabad,26844,14.0,17.0,13.0,11.0,Grocery,9660,128.0
10519,47.0,Male,Bangalore,66824,69.0,40.0,10.0,6.0,Grocery,1423,73.0
10520,63.0,Female,Hyderabad,32886,59.0,11.0,8.0,13.0,Home Decor,3455,90.0
10521,69.0,Female,Hyderabad,41425,56.0,9.0,7.0,12.0,Home Decor,4482,7.0
10522,22.0,Female,Hyderabad,47729,52.0,23.0,13.0,3.0,Fashion,3938,7.0
10523,29.0,Female,Bangalore,86510,66.0,23.0,19.0,9.0,Home Decor,5905,122.0
10524,33.0,Female,Hyderabad,66315,68.0,37.0,15.0,2.0,Home Decor,6080,164.0
10525,43.0,Female,Bangalore,70785,12.0,45.0,2.0,13.0,Fashion,5090,116.0
10526,43.0,Male,Pune,65635,75.0,24.0,5.0,3.0,Electronics,5272,13.0
10527,65.0,Male,Mumbai,97018,68.0,7.0,19.0,7.0,Electronics,1405,20.0
10528,38.0,Female,Pune,70101,43.0,13.0,1.0,14.0,Electronics,5945,53.0
10529,56.0,Male,Mumbai,76220,73.0,42.0,7.0,14.0,Grocery,5386,86.0
10530,53.0,Female,Pune,55743,74.0,30.0,18.0,10.0,Fashion,3613,97.0
10531,,,,98735,,,,,,8237,
10532,47.0,Female,Mumbai,100609,6.0,15.0,1.0,5.0,Home Decor,4852,125.0
10533,54.0,Female,Delhi,69077,15.0,19.0,7.0,5.0,Home Decor,5450,102.0
10534,40.0,Male,Mumbai,55392,42.0,37.0,17.0,5.0,Home Decor,4918,116.0
10535,27.0,Female,Mumbai,29600,31.0,46.0,6.0,4.0,Fashion,1698,90.0
10536,22.0,Male,Delhi,48285,86.0,14.0,12.0,9.0,Fashion,2975,96.0
10537,53.0,Female,Hyderabad,15822,53.0,13.0,15.0,6.0,Home Decor,4446,61.0
10538,51.0,Female,Hyderabad,47233,6.0,11.0,13.0,13.0,Grocery,6964,56.0
10539,69.0,Female,Delhi,78924,33.0,33.0,12.0,12.0,Grocery,4084,94.0
10540,48.0,Male,Bangalore,68740,29.0,7.0,2.0,13.0,Electronics,5411,40.0
10541,27.0,Female,Mumbai,128081,21.0,18.0,18.0,8.0,Electronics,5909,81.0
10542,36.0,Female,Mumbai,60723,54.0,45.0,4.0,8.0,Electronics,3400,63.0
10543,49.0,Female,Delhi,58771,56.0,4.0,10.0,5.0,Electronics,3128,132.0
10544,18.0,Male,Delhi,96569,94.0,26.0,11.0,12.0,Electronics,3640,154.0
10545,22.0,Male,Bangalore,21826,21.0,40.0,6.0,9.0,Fashion,3514,95.0
10546,62.0,Male,Hyderabad,32955,100.0,12.0,6.0,2.0,Fashion,2825,62.0
10547,21.0,Female,Pune,86596,55.0,31.0,9.0,14.0,Grocery,6724,146.0
10548,33.0,Male,Hyderabad,65114,58.0,30.0,13.0,8.0,Grocery,6170,10.0
10549,41.0,Female,Mumbai,65687,64.0,40.0,5.0,3.0,Fashion,2834,36.0
10550,33.0,Male,Delhi,46571,86.0,45.0,6.0,7.0,Grocery,5335,130.0
10551,19.0,Male,Bangalore,75994,46.0,36.0,4.0,13.0,Home Decor,4355,60.0
10552,66.0,Female,Hyderabad,49799,84.0,1.0,6.0,9.0,Grocery,4760,175.0
10553,45.0,Male,Bangalore,71818,22.0,6.0,18.0,14.0,Home Decor,5066,73.0
10554,49.0,Female,Hyderabad,41037,60.0,47.0,13.0,11.0,Home Decor,2041,160.0
10555,44.0,Female,Mumbai,65440,11.0,10.0,3.0,5.0,Electronics,1016,179.0
10556,37.0,Male,Pune,120621,47.0,10.0,10.0,11.0,Grocery,5040,67.0
10557,41.0,Female,Bangalore,59376,31.0,22.0,4.0,8.0,Home Decor,4223,81.0
10558,29.0,Female,Bangalore,66706,77.0,30.0,15.0,4.0,Grocery,4554,77.0
10559,67.0,Male,Pune,64936,18.0,43.0,12.0,14.0,Grocery,3701,68.0
10560,52.0,Male,Bangalore,74363,22.0,44.0,15.0,1.0,Fashion,4975,82.0
10561,50.0,Female,Bangalore,81703,56.0,7.0,10.0,1.0,Fashion,1645,56.0
10562,50.0,Male,Hyderabad,76430,17.0,31.0,12.0,6.0,Electronics,5052,99.0
10563,68.0,Female,Hyderabad,76982,38.0,47.0,8.0,8.0,Grocery,-116,14.0
10564,60.0,Female,Pune,65479,25.0,20.0,3.0,10.0,Fashion,3522,144.0
10565,54.0,Male,Mumbai,72507,32.0,30.0,7.0,2.0,Home Decor,4028,76.0
10566,29.0,Male,Bangalore,64651,15.0,0.0,18.0,11.0,Home Decor,1313,75.0
10567,20.0,Male,Mumbai,24691,13.0,12.0,3.0,4.0,Electronics,7526,66.0
10568,18.0,Male,Pune,135765,58.0,10.0,15.0,3.0,Home Decor,4803,33.0
10569,50.0,Female,Pune,88204,90.0,28.0,2.0,13.0,Grocery,3482,13.0
10570,57.0,Female,Hyderabad,45517,50.0,3.0,15.0,9.0,Home Decor,8762,30.0
10571,27.0,Male,Bangalore,75751,11.0,35.0,13.0,3.0,Electronics,5440,26.0
10572,60.0,Male,Delhi,36346,13.0,14.0,10.0,11.0,Electronics,5697,114.0
10573,61.0,Female,Pune,57644,97.0,2.0,8.0,8.0,Home Decor,4516,13.0
10574,46.0,Female,Bangalore,32950,50.0,28.0,16.0,14.0,Grocery,3884,68.0
10575,30.0,Female,Mumbai,68720,38.0,20.0,16.0,7.0,Fashion,5376,123.0
10576,29.0,Female,Hyderabad,30466,1.0,1.0,2.0,1.0,Grocery,-711,33.0
10577,48.0,Male,Mumbai,79710,39.0,5.0,9.0,8.0,Grocery,1216,143.0
10578,63.0,Female,Pune,87055,27.0,30.0,8.0,9.0,Grocery,1951,145.0
10579,19.0,Female,Pune,49325,36.0,23.0,11.0,8.0,Home Decor,173,6.0
10580,68.0,Male,Mumbai,74022,32.0,39.0,1.0,10.0,Fashion,5891,5.0
10581,67.0,Female,Pune,48000,41.0,16.0,11.0,10.0,Grocery,3418,161.0
10582,52.0,Female,Bangalore,82793,15.0,4.0,18.0,1.0,Fashion,7273,54.0
10583,40.0,Male,Pune,52784,31.0,1.0,15.0,11.0,Electronics,4416,144.0
10584,34.0,Male,Hyderabad,89724,6.0,11.0,9.0,13.0,Fashion,3081,174.0
10585,43.0,Male,Bangalore,24710,89.0,4.0,9.0,11.0,Home Decor,4533,152.0
10586,25.0,Female,Delhi,44875,52.0,41.0,1.0,7.0,Electronics,6890,125.0
10587,46.0,Female,Pune,42279,82.0,40.0,7.0,13.0,Electronics,4167,5.0
10588,43.0,Male,Pune,75083,22.0,19.0,12.0,9.0,Grocery,7161,125.0
10589,27.0,Male,Hyderabad,83877,31.0,7.0,10.0,14.0,Fashion,6860,76.0
10590,,,,77015,,,,,,3520,
10591,51.0,Male,Mumbai,57275,73.0,5.0,16.0,2.0,Electronics,3687,169.0
10592,68.0,Male,Mumbai,122,46.0,10.0,6.0,14.0,Fashion,3576,81.0
10593,58.0,Male,Mumbai,70967,67.0,2.0,11.0,8.0,Fashion,2255,113.0
10594,24.0,Female,Hyderabad,89701,97.0,30.0,19.0,9.0,Electronics,1688,20.0
10595,21.0,Female,Mumbai,137012,91.0,27.0,19.0,7.0,Electronics,3666,178.0
10596,67.0,Female,Mumbai,59390,43.0,46.0,18.0,12.0,Fashion,-211,125.0
10597,62.0,Female,Delhi,53367,1.0,42.0,15.0,13.0,Home Decor,2385,35.0
10598,28.0,Female,Mumbai,78006,44.0,4.0,16.0,5.0,Fashion,5605,178.0
10599,46.0,Female,Pune,63596,57.0,25.0,14.0,8.0,Home Decor,1852,161.0
10600,53.0,Male,Hyderabad,101884,9.0,15.0,8.0,6.0,Electronics,7194,67.0
10601,42.0,Female,Bangalore,49795,5.0,30.0,8.0,12.0,Grocery,5811,138.0
10602,38.0,Female,Delhi,63778,79.0,27.0,2.0,4.0,Fashion,8320,41.0
10603,53.0,Male,Hyderabad,91905,9.0,6.0,6.0,1.0,Electronics,8742,168.0
10604,27.0,Female,Hyderabad,77709,45.0,37.0,13.0,6.0,Electronics,6095,134.0
10605,54.0,Female,Pune,99030,92.0,8.0,13.0,8.0,Grocery,3428,161.0
10606,26.0,Male,Mumbai,59085,77.0,38.0,12.0,3.0,Fashion,1291,16.0
10607,41.0,Male,Pune,101582,24.0,34.0,2.0,12.0,Electronics,1658,24.0
10608,52.0,Male,Mumbai,28403,74.0,42.0,12.0,7.0,Home Decor,8531,60.0
10609,66.0,Female,Mumbai,29404,42.0,26.0,17.0,13.0,Grocery,1616,121.0
10610,52.0,Male,Hyderabad,101975,22.0,11.0,6.0,12.0,Home Decor,4171,74.0
10611,65.0,Female,Mumbai,70183,60.0,24.0,7.0,7.0,Fashion,7009,139.0
10612,53.0,Female,Delhi,93020,86.0,42.0,6.0,9.0,Home Decor,2852,172.0
10613,35.0,Female,Delhi,72486,37.0,28.0,4.0,1.0,Grocery,7240,3.0
10614,66.0,Female,Delhi,69823,39.0,30.0,9.0,5.0,Electronics,4475,166.0
10615,56.0,Male,Hyderabad,36799,84.0,33.0,5.0,8.0,Grocery,5040,168.0
10616,49.0,Male,Pune,69329,74.0,32.0,10.0,13.0,Electronics,4028,120.0
10617,41.0,Female,Bangalore,104040,74.0,26.0,15.0,13.0,Electronics,2766,19.0
10618,40.0,Male,Mumbai,71416,90.0,1.0,8.0,3.0,Home Decor,5992,40.0
10619,49.0,Female,Bangalore,87051,89.0,13.0,4.0,5.0,Grocery,5745,53.0
10620,54.0,Female,Pune,86359,53.0,12.0,5.0,14.0,Grocery,6081,164.0
10621,29.0,Female,Pune,44682,28.0,23.0,7.0,1.0,Electronics,6633,67.0
10622,66.0,Male,Hyderabad,91428,77.0,4.0,6.0,9.0,Grocery,3752,86.0
10623,30.0,Female,Delhi,62156,15.0,33.0,13.0,4.0,Fashion,5744,89.0
10624,40.0,Female,Delhi,63508,60.0,22.0,19.0,5.0,Fashion,6416,148.0
10625,42.0,Male,Pune,122442,60.0,18.0,10.0,3.0,Home Decor,5438,156.0
10626,52.0,Male,Hyderabad,84932,6.0,29.0,15.0,14.0,Home Decor,3796,131.0
10627,58.0,Male,Hyderabad,54037,52.0,48.0,3.0,2.0,Grocery,5335,86.0
10628,47.0,Male,Mumbai,71613,12.0,42.0,18.0,12.0,Home Decor,629,108.0
10629,34.0,Female,Delhi,70915,19.0,15.0,14.0,14.0,Grocery,5377,165.0
10630,66.0,Male,Pune,112152,96.0,49.0,3.0,7.0,Home Decor,2398,121.0
10631,37.0,Female,Bangalore,70986,75.0,39.0,11.0,11.0,Fashion,4661,146.0
10632,65.0,Male,Delhi,125199,97.0,33.0,10.0,5.0,Electronics,3786,84.0
10633,42.0,Male,Mumbai,37581,2.0,48.0,17.0,11.0,Electronics,4721,46.0
10634,,,,69191,,,,,,1518,
10635,30.0,Male,Pune,50928,15.0,13.0,2.0,14.0,Electronics,6034,107.0
10636,36.0,Male,Delhi,57629,64.0,47.0,13.0,3.0,Grocery,6445,123.0
10637,66.0,Male,Bangalore,58171,100.0,46.0,19.0,2.0,Grocery,2668,73.0
10638,53.0,Female,Mumbai,52217,69.0,14.0,5.0,10.0,Fashion,1899,81.0
10639,29.0,Male,Mumbai,113254,15.0,34.0,16.0,6.0,Fashion,2803,57.0
10640,58.0,Male,Delhi,105564,43.0,6.0,10.0,10.0,Fashion,6108,154.0
10641,36.0,Male,Bangalore,80066,74.0,28.0,12.0,6.0,Fashion,4491,33.0
10642,29.0,Male,Mumbai,58141,17.0,43.0,13.0,3.0,Electronics,4214,97.0
10643,,,,52919,,,,,,4323,
10644,24.0,Male,Mumbai,88545,24.0,22.0,1.0,9.0,Electronics,3282,93.0
10645,45.0,Male,Bangalore,77503,74.0,23.0,9.0,1.0,Grocery,5288,22.0
10646,31.0,Male,Hyderabad,66379,30.0,34.0,16.0,3.0,Home Decor,7654,82.0
10647,48.0,Male,Hyderabad,83529,67.0,9.0,19.0,13.0,Grocery,2834,17.0
10648,69.0,Female,Delhi,92276,51.0,7.0,15.0,1.0,Home Decor,5872,44.0
10649,36.0,Male,Bangalore,66148,60.0,47.0,18.0,7.0,Fashion,4515,22.0
10650,64.0,Female,Mumbai,50316,3.0,47.0,12.0,2.0,Fashion,4499,129.0
10651,33.0,Male,Mumbai,36972,5.0,11.0,14.0,11.0,Electronics,7379,30.0
10652,22.0,Female,Hyderabad,76265,28.0,28.0,3.0,11.0,Electronics,6604,167.0
10653,52.0,Female,Hyderabad,124181,78.0,28.0,4.0,12.0,Home Decor,4641,163.0
10654,,,,42233,,,,,,6481,
10655,42.0,Male,Hyderabad,97486,72.0,25.0,16.0,4.0,Electronics,1187,89.0
10656,,,,53111,,,,,,231,
10657,38.0,Female,Mumbai,58149,76.0,31.0,12.0,13.0,Electronics,3218,51.0
10658,53.0,Male,Pune,92873,15.0,37.0,12.0,8.0,Fashion,2612,63.0
10659,40.0,Female,Pune,63618,83.0,5.0,2.0,11.0,Fashion,4140,86.0
10660,33.0,Female,Delhi,76206,48.0,7.0,13.0,4.0,Grocery,6906,123.0
10661,56.0,Female,Hyderabad,75727,46.0,16.0,3.0,3.0,Grocery,4206,34.0
10662,62.0,Male,Pune,53151,28.0,11.0,13.0,10.0,Home Decor,6504,121.0
10663,59.0,Female,Mumbai,92377,7.0,21.0,2.0,12.0,Fashion,6459,78.0
10664,56.0,Female,Bangalore,68460,71.0,13.0,19.0,3.0,Electronics,1123,123.0
10665,31.0,Female,Pune,35287,94.0,33.0,9.0,5.0,Fashion,6063,20.0
10666,48.0,Male,Hyderabad,47687,82.0,18.0,1.0,6.0,Home Decor,6998,17.0
10667,22.0,Male,Delhi,-7916,88.0,5.0,13.0,7.0,Fashion,7137,34.0
10668,52.0,Female,Mumbai,71299,6.0,17.0,2.0,13.0,Fashion,4469,99.0
10669,40.0,Male,Delhi,102601,58.0,35.0,15.0,5.0,Home Decor,4848,162.0
10670,46.0,Female,Bangalore,43821,68.0,36.0,19.0,7.0,Fashion,4979,147.0
10671,60.0,Male,Pune,84638,55.0,37.0,16.0,4.0,Grocery,4545,116.0
10672,28.0,Male,Pune,80764,67.0,14.0,11.0,5.0,Home Decor,2640,114.0
10673,35.0,Female,Hyderabad,51203,49.0,37.0,15.0,6.0,Grocery,3095,97.0
10674,64.0,Male,Pune,108413,51.0,39.0,6.0,9.0,Home Decor,5947,126.0
10675,29.0,Male,Mumbai,63183,59.0,8.0,14.0,6.0,Fashion,4433,120.0
10676,26.0,Male,Bangalore,120256,6.0,5.0,6.0,10.0,Grocery,4939,66.0
10677,27.0,Female,Delhi,29108,90.0,1.0,19.0,14.0,Grocery,6922,72.0
10678,61.0,Male,Bangalore,63271,51.0,15.0,5.0,11.0,Electronics,4890,93.0
10679,34.0,Male,Pune,66243,38.0,0.0,11.0,1.0,Grocery,2453,170.0
10680,55.0,Female,Delhi,68984,11.0,29.0,4.0,12.0,Grocery,9152,51.0
10681,24.0,Male,Hyderabad,87908,52.0,47.0,9.0,11.0,Fashion,4142,177.0
10682,,,,154953,,,,,,4027,
10683,30.0,Male,Delhi,81376,20.0,0.0,17.0,14.0,Grocery,5310,157.0
10684,57.0,Male,Delhi,353030,10.0,38.0,8.0,11.0,Grocery,17832,95.0
10685,59.0,Male,Delhi,42595,26.0,15.0,15.0,13.0,Fashion,4616,30.0
10686,26.0,Female,Mumbai,22747,48.0,16.0,9.0,11.0,Home Decor,3602,99.0
10687,67.0,Female,Bangalore,99256,91.0,47.0,5.0,3.0,Fashion,6682,153.0
10688,44.0,Male,Delhi,56330,14.0,47.0,4.0,6.0,Grocery,6975,111.0
10689,19.0,Male,Bangalore,135103,100.0,37.0,18.0,2.0,Home Decor,8379,113.0
10690,22.0,Male,Delhi,91705,59.0,17.0,9.0,14.0,Fashion,8674,38.0
10691,46.0,Female,Hyderabad,78538,12.0,21.0,3.0,12.0,Fashion,789,17.0
10692,,,,79853,,,,,,5962,
10693,55.0,Male,Hyderabad,80099,85.0,34.0,9.0,1.0,Electronics,2375,129.0
10694,36.0,Male,Pune,52635,72.0,30.0,4.0,13.0,Grocery,7317,18.0
10695,25.0,Female,Delhi,26212,39.0,39.0,7.0,2.0,Electronics,5389,174.0
10696,65.0,Male,Pune,56232,9.0,26.0,7.0,9.0,Grocery,3283,147.0
10697,62.0,Female,Bangalore,69541,88.0,35.0,8.0,9.0,Grocery,2471,125.0
10698,18.0,Female,Pune,53804,95.0,3.0,1.0,7.0,Electronics,3434,50.0
10699,39.0,Male,Bangalore,37847,25.0,48.0,9.0,2.0,Electronics,3134,120.0
10700,69.0,Female,Bangalore,51294,17.0,4.0,12.0,5.0,Grocery,7403,96.0
10701,34.0,Male,Bangalore,479465,42.0,24.0,6.0,4.0,Home Decor,19544,54.0
10702,24.0,Male,Pune,88704,29.0,30.0,13.0,2.0,Home Decor,2753,31.0
10703,42.0,Male,Delhi,74285,60.0,13.0,5.0,2.0,Electronics,5592,97.0
10704,62.0,Male,Pune,84677,67.0,29.0,19.0,10.0,Electronics,5556,46.0
10705,21.0,Male,Delhi,41701,85.0,46.0,1.0,8.0,Fashion,4489,35.0
10706,,,,50114,,,,,,7253,
10707,23.0,Female,Bangalore,77775,72.0,26.0,8.0,8.0,Home Decor,5941,81.0
10708,48.0,Female,Pune,44887,14.0,44.0,8.0,2.0,Grocery,5782,162.0
10709,36.0,Female,Delhi,72709,39.0,23.0,15.0,2.0,Fashion,1114,29.0
10710,61.0,Female,Hyderabad,38436,16.0,29.0,19.0,11.0,Grocery,4132,134.0
10711,56.0,Male,Delhi,28759,18.0,17.0,10.0,11.0,Fashion,6135,1.0
10712,,,,88401,,,,,,5567,
10713,27.0,Female,Pune,95676,75.0,18.0,11.0,11.0,Grocery,4998,140.0
10714,43.0,Female,Pune,54229,20.0,21.0,12.0,10.0,Fashion,6211,4.0
10715,36.0,Male,Pune,31988,46.0,25.0,16.0,8.0,Grocery,5737,80.0
10716,56.0,Female,Delhi,14790,45.0,6.0,16.0,8.0,Fashion,6447,128.0
10717,20.0,Male,Mumbai,116050,4.0,27.0,3.0,3.0,Electronics,5625,11.0
10718,62.0,Female,Delhi,72784,84.0,37.0,9.0,1.0,Grocery,6360,52.0
10719,30.0,Male,Delhi,54800,95.0,4.0,8.0,7.0,Electronics,6259,84.0
10720,67.0,Male,Bangalore,60902,20.0,35.0,10.0,4.0,Fashion,4832,154.0
10721,45.0,Female,Bangalore,22166,11.0,17.0,13.0,3.0,Grocery,4937,156.0
10722,37.0,Male,Delhi,85497,65.0,13.0,18.0,5.0,Fashion,5155,72.0
10723,45.0,Male,Hyderabad,120002,18.0,47.0,13.0,12.0,Fashion,2511,104.0
10724,25.0,Female,Bangalore,50431,39.0,22.0,13.0,6.0,Electronics,1910,90.0
10725,58.0,Female,Delhi,129586,44.0,13.0,15.0,14.0,Grocery,6007,155.0
10726,56.0,Female,Mumbai,67089,97.0,31.0,13.0,1.0,Home Decor,6114,97.0
10727,18.0,Male,Hyderabad,111668,100.0,4.0,16.0,12.0,Fashion,4948,125.0
10728,20.0,Male,Pune,77680,18.0,21.0,8.0,12.0,Electronics,5711,71.0
10729,30.0,Male,Delhi,77653,47.0,27.0,19.0,9.0,Home Decor,6312,54.0
10730,45.0,Female,Delhi,116098,31.0,42.0,10.0,6.0,Electronics,5871,46.0
10731,66.0,Male,Hyderabad,89567,99.0,11.0,12.0,3.0,Electronics,6121,164.0
10732,42.0,Male,Bangalore,79371,39.0,17.0,14.0,1.0,Electronics,2407,128.0
10733,50.0,Male,Bangalore,107330,38.0,35.0,6.0,13.0,Fashion,33164,149.0
10734,,,,32319,,,,,,5646,
10735,23.0,Male,Pune,81463,47.0,12.0,7.0,2.0,Fashion,6871,34.0
10736,61.0,Male,Hyderabad,106694,70.0,19.0,6.0,14.0,Fashion,6169,122.0
10737,62.0,Male,Hyderabad,73211,8.0,44.0,1.0,10.0,Grocery,2938,87.0
10738,49.0,Female,Bangalore,55217,86.0,35.0,14.0,6.0,Home Decor,3627,162.0
10739,62.0,Female,Bangalore,24020,65.0,6.0,6.0,6.0,Grocery,3950,168.0
10740,64.0,Female,Mumbai,50410,13.0,22.0,12.0,12.0,Electronics,7297,135.0
10741,38.0,Male,Mumbai,73274,55.0,33.0,17.0,3.0,Home Decor,3074,90.0
10742,33.0,Male,Delhi,48588,88.0,49.0,5.0,11.0,Home Decor,2494,52.0
10743,,,,45888,,,,,,5858,
10744,28.0,Male,Hyderabad,68722,43.0,20.0,5.0,14.0,Electronics,8505,119.0
10745,54.0,Female,Hyderabad,106210,4.0,5.0,12.0,2.0,Fashion,3316,81.0
10746,53.0,Male,Pune,87117,71.0,15.0,3.0,8.0,Grocery,7867,95.0
10747,52.0,Male,Pune,77146,60.0,34.0,9.0,13.0,Electronics,6492,89.0
10748,36.0,Female,Mumbai,74712,12.0,46.0,6.0,1.0,Fashion,4156,37.0
10749,37.0,Female,Delhi,83779,59.0,19.0,2.0,6.0,Fashion,2354,143.0
10750,35.0,Female,Mumbai,67246,77.0,41.0,2.0,14.0,Fashion,4325,2.0
10751,64.0,Female,Mumbai,59722,54.0,40.0,12.0,1.0,Electronics,3417,139.0
10752,58.0,Female,Delhi,88454,44.0,10.0,8.0,9.0,Grocery,7400,96.0
10753,66.0,Male,Pune,64365,16.0,31.0,2.0,13.0,Home Decor,4933,17.0
10754,31.0,Male,Delhi,40285,6.0,13.0,9.0,13.0,Fashion,5962,173.0
10755,32.0,Male,Bangalore,530410,14.0,23.0,16.0,9.0,Electronics,23900,120.0
10756,48.0,Female,Bangalore,23251,58.0,43.0,15.0,6.0,Home Decor,3720,174.0
10757,18.0,Female,Bangalore,107958,31.0,38.0,14.0,6.0,Fashion,5144,32.0
10758,20.0,Female,Hyderabad,82661,100.0,42.0,4.0,9.0,Electronics,7002,19.0
10759,33.0,Female,Pune,45771,41.0,30.0,4.0,14.0,Grocery,4848,4.0
10760,40.0,Female,Pune,70606,35.0,16.0,11.0,5.0,Fashion,4468,25.0
10761,28.0,Female,Hyderabad,59278,10.0,24.0,18.0,9.0,Electronics,6380,21.0
10762,29.0,Male,Mumbai,90193,81.0,8.0,5.0,5.0,Fashion,2399,93.0
10763,27.0,Male,Bangalore,89698,30.0,21.0,2.0,14.0,Electronics,593,89.0
10764,,,,81534,,,,,,5576,
10765,,,,88659,,,,,,7048,
10766,25.0,Male,Delhi,67129,71.0,34.0,17.0,2.0,Electronics,8603,142.0
10767,55.0,Female,Delhi,114041,18.0,36.0,16.0,2.0,Home Decor,5392,150.0
10768,29.0,Female,Pune,100590,83.0,16.0,15.0,13.0,Grocery,6648,48.0
10769,41.0,Female,Hyderabad,58074,79.0,27.0,3.0,1.0,Fashion,7636,51.0
10770,45.0,Female,Pune,90271,86.0,0.0,15.0,10.0,Grocery,5062,11.0
10771,25.0,Female,Delhi,88089,39.0,8.0,19.0,14.0,Fashion,3717,14.0
10772,45.0,Female,Mumbai,63505,42.0,48.0,13.0,3.0,Grocery,3511,7.0
10773,53.0,Male,Pune,61543,54.0,12.0,16.0,1.0,Grocery,4410,40.0
10774,43.0,Female,Bangalore,100362,30.0,46.0,12.0,13.0,Fashion,7898,81.0
10775,25.0,Female,Bangalore,69632,20.0,31.0,17.0,6.0,Grocery,6864,153.0
10776,67.0,Female,Mumbai,76504,96.0,27.0,16.0,14.0,Fashion,4562,123.0
10777,45.0,Female,Delhi,105027,42.0,30.0,9.0,11.0,Fashion,7491,170.0
10778,45.0,Male,Bangalore,666665,89.0,7.0,6.0,13.0,Grocery,23620,86.0
10779,54.0,Male,Bangalore,56834,87.0,7.0,19.0,7.0,Grocery,4565,44.0
10780,58.0,Female,Hyderabad,64477,5.0,33.0,13.0,9.0,Fashion,5354,5.0
10781,53.0,Male,Pune,71850,50.0,22.0,8.0,14.0,Electronics,5805,104.0
10782,44.0,Male,Delhi,72418,41.0,9.0,12.0,7.0,Grocery,5273,28.0
10783,34.0,Female,Pune,79408,94.0,36.0,9.0,4.0,Home Decor,8482,121.0
10784,26.0,Female,Delhi,57745,39.0,47.0,4.0,14.0,Grocery,4700,149.0
10785,50.0,Female,Bangalore,38345,57.0,24.0,13.0,4.0,Electronics,2235,96.0
10786,37.0,Female,Hyderabad,113845,91.0,32.0,2.0,8.0,Electronics,5625,49.0
10787,30.0,Female,Pune,85302,57.0,44.0,3.0,4.0,Grocery,4417,57.0
10788,45.0,Male,Bangalore,59536,37.0,3.0,5.0,1.0,Grocery,2314,85.0
10789,65.0,Female,Delhi,80927,7.0,6.0,18.0,9.0,Home Decor,6328,101.0
10790,46.0,Female,Pune,115823,5.0,32.0,14.0,3.0,Grocery,-2215,38.0
10791,30.0,Female,Pune,50299,79.0,1.0,2.0,14.0,Electronics,5576,130.0
10792,63.0,Male,Bangalore,75278,51.0,47.0,15.0,1.0,Home Decor,261,131.0
10793,52.0,Female,Pune,35253,8.0,45.0,8.0,9.0,Grocery,5010,171.0
10794,23.0,Female,Hyderabad,67041,56.0,31.0,16.0,11.0,Home Decor,6106,74.0
10795,,,,85414,,,,,,6464,
10796,68.0,Male,Bangalore,42131,11.0,45.0,5.0,14.0,Electronics,6616,168.0
10797,22.0,Female,Delhi,65319,22.0,16.0,4.0,13.0,Electronics,2890,125.0
10798,64.0,Female,Bangalore,89998,98.0,11.0,12.0,10.0,Fashion,5379,85.0
10799,42.0,Female,Hyderabad,84730,99.0,11.0,19.0,14.0,Electronics,3597,58.0
10800,19.0,Male,Mumbai,41059,77.0,34.0,15.0,10.0,Fashion,3482,34.0
10801,27.0,Female,Mumbai,79344,11.0,20.0,13.0,5.0,Electronics,4779,25.0
10802,47.0,Female,Pune,83967,60.0,20.0,5.0,12.0,Electronics,4158,32.0
10803,67.0,Female,Pune,72699,96.0,1.0,12.0,14.0,Fashion,2927,110.0
10804,62.0,Male,Mumbai,97233,15.0,20.0,19.0,9.0,Fashion,5643,101.0
10805,22.0,Female,Hyderabad,55263,38.0,14.0,2.0,3.0,Fashion,6097,150.0
10806,50.0,Female,Pune,80312,1.0,10.0,7.0,6.0,Home Decor,3277,127.0
10807,18.0,Female,Bangalore,40869,46.0,9.0,5.0,11.0,Fashion,4631,89.0
10808,35.0,Male,Bangalore,29984,88.0,17.0,11.0,12.0,Home Decor,4665,109.0
10809,49.0,Male,Hyderabad,89526,43.0,22.0,18.0,11.0,Home Decor,4697,100.0
10810,64.0,Female,Pune,70514,22.0,30.0,18.0,12.0,Fashion,4886,21.0
10811,66.0,Male,Bangalore,58414,3.0,25.0,7.0,7.0,Fashion,5577,21.0
10812,28.0,Male,Pune,43371,14.0,1.0,10.0,5.0,Fashion,7335,117.0
10813,38.0,Male,Pune,90677,2.0,38.0,14.0,12.0,Electronics,5260,156.0
10814,43.0,Female,Bangalore,32299,61.0,6.0,11.0,8.0,Electronics,3979,147.0
10815,42.0,Female,Mumbai,94821,32.0,23.0,2.0,10.0,Fashion,4975,14.0
10816,39.0,Male,Bangalore,81274,38.0,38.0,13.0,6.0,Grocery,2873,24.0
10817,44.0,Male,Hyderabad,33555,97.0,31.0,13.0,12.0,Fashion,3205,20.0
10818,66.0,Male,Delhi,73149,46.0,25.0,9.0,6.0,Grocery,5864,160.0
10819,30.0,Female,Bangalore,136343,42.0,22.0,17.0,13.0,Electronics,-1259,65.0
10820,50.0,Female,Pune,99735,6.0,13.0,15.0,7.0,Electronics,4566,52.0
10821,51.0,Male,Pune,49299,41.0,28.0,16.0,8.0,Grocery,6856,101.0
10822,58.0,Male,Bangalore,87917,25.0,24.0,10.0,12.0,Electronics,5807,104.0
10823,52.0,Male,Delhi,34602,98.0,30.0,12.0,13.0,Fashion,6721,95.0
10824,18.0,Male,Bangalore,35717,11.0,1.0,5.0,2.0,Grocery,5671,92.0
10825,38.0,Female,Delhi,68317,41.0,1.0,17.0,7.0,Grocery,8984,10.0
10826,65.0,Male,Delhi,83791,71.0,22.0,10.0,9.0,Home Decor,2538,70.0
10827,23.0,Female,Hyderabad,90283,57.0,46.0,6.0,13.0,Electronics,5231,15.0
10828,45.0,Male,Pune,90629,46.0,10.0,6.0,1.0,Grocery,6454,175.0
10829,34.0,Male,Pune,82368,86.0,28.0,12.0,13.0,Grocery,4156,10.0
10830,,,,29650,,,,,,7357,
10831,48.0,Male,Pune,68476,63.0,34.0,2.0,1.0,Electronics,6209,19.0
10832,22.0,Male,Mumbai,94217,39.0,48.0,13.0,7.0,Grocery,2016,68.0
10833,55.0,Female,Delhi,81082,10.0,8.0,11.0,13.0,Grocery,5724,22.0
10834,20.0,Male,Pune,74552,85.0,31.0,15.0,14.0,Fashion,6216,63.0
10835,40.0,Male,Mumbai,78230,70.0,29.0,13.0,5.0,Fashion,8265,38.0
10836,54.0,Male,Hyderabad,77812,65.0,14.0,3.0,1.0,Home Decor,4641,15.0
10837,54.0,Female,Pune,20877,98.0,13.0,14.0,14.0,Grocery,6117,70.0
10838,27.0,Female,Mumbai,98872,59.0,16.0,8.0,13.0,Electronics,5515,114.0
10839,,,,67236,,,,,,3875,
10840,36.0,Female,Bangalore,87689,36.0,29.0,15.0,2.0,Home Decor,4301,158.0
10841,34.0,Male,Mumbai,12358,27.0,16.0,18.0,11.0,Home Decor,614,104.0
10842,,,,111524,,,,,,4054,
10843,31.0,Male,Delhi,41089,55.0,7.0,11.0,9.0,Home Decor,8142,86.0
10844,26.0,Female,Pune,133533,70.0,38.0,5.0,12.0,Electronics,4655,94.0
10845,63.0,Male,Bangalore,122981,95.0,30.0,15.0,12.0,Fashion,6689,174.0
10846,18.0,Male,Delhi,36877,81.0,11.0,15.0,3.0,Fashion,5455,132.0
10847,68.0,Female,Delhi,90425,53.0,32.0,7.0,9.0,Grocery,5848,6.0
10848,62.0,Female,Bangalore,44569,60.0,11.0,18.0,6.0,Electronics,8988,38.0
10849,30.0,Female,Hyderabad,54014,61.0,24.0,12.0,13.0,Electronics,4182,26.0
10850,21.0,Male,Delhi,54579,36.0,37.0,12.0,10.0,Electronics,4169,147.0
10851,18.0,Male,Mumbai,81198,85.0,47.0,4.0,6.0,Grocery,7174,2.0
10852,66.0,Female,Pune,78115,27.0,17.0,11.0,7.0,Electronics,4838,68.0
10853,57.0,Male,Delhi,39960,41.0,18.0,6.0,10.0,Fashion,4454,69.0
10854,49.0,Female,Delhi,80998,28.0,2.0,10.0,11.0,Electronics,6907,47.0
10855,51.0,Female,Hyderabad,64897,16.0,34.0,15.0,8.0,Electronics,5517,99.0
10856,45.0,Male,Mumbai,24486,35.0,4.0,1.0,11.0,Grocery,4697,157.0
10857,48.0,Female,Pune,59149,36.0,34.0,17.0,3.0,Home Decor,4316,64.0
10858,25.0,Female,Delhi,111510,56.0,26.0,3.0,8.0,Home Decor,3313,80.0
10859,56.0,Female,Pune,59992,99.0,36.0,11.0,6.0,Grocery,1903,140.0
10860,43.0,Male,Bangalore,24111,19.0,45.0,18.0,6.0,Grocery,7222,73.0
10861,51.0,Female,Delhi,90361,57.0,20.0,10.0,11.0,Grocery,4151,139.0
10862,20.0,Female,Delhi,46812,85.0,15.0,9.0,14.0,Grocery,1592,8.0
10863,67.0,Female,Bangalore,75360,33.0,27.0,7.0,3.0,Electronics,8566,60.0
10864,29.0,Female,Hyderabad,65700,23.0,24.0,11.0,6.0,Electronics,5173,154.0
10865,18.0,Female,Delhi,114041,63.0,32.0,8.0,11.0,Home Decor,5044,160.0
10866,61.0,Female,Pune,65717,70.0,16.0,2.0,13.0,Grocery,1825,167.0
10867,22.0,Female,Mumbai,41385,96.0,42.0,5.0,8.0,Grocery,6162,132.0
10868,47.0,Male,Pune,58278,22.0,29.0,9.0,13.0,Electronics,3937,92.0
10869,47.0,Male,Hyderabad,39280,67.0,40.0,1.0,7.0,Grocery,3942,118.0
10870,34.0,Female,Mumbai,64768,99.0,3.0,17.0,10.0,Fashion,5827,126.0
10871,65.0,Male,Pune,114244,80.0,1.0,10.0,10.0,Electronics,5241,119.0
10872,64.0,Male,Pune,101211,59.0,8.0,8.0,7.0,Fashion,3055,172.0
10873,40.0,Female,Bangalore,121029,25.0,30.0,18.0,3.0,Electronics,2151,83.0
10874,32.0,Male,Hyderabad,81981,17.0,24.0,10.0,10.0,Electronics,5330,163.0
10875,54.0,Female,Bangalore,73577,39.0,36.0,9.0,14.0,Electronics,5157,179.0
10876,38.0,Female,Mumbai,225210,77.0,35.0,4.0,3.0,Home Decor,40848,179.0
10877,31.0,Female,Bangalore,76741,92.0,4.0,2.0,5.0,Home Decor,504,157.0
10878,19.0,Female,Hyderabad,66740,75.0,23.0,19.0,12.0,Electronics,5294,85.0
10879,28.0,Female,Delhi,89465,74.0,23.0,10.0,5.0,Electronics,1753,164.0
10880,68.0,Male,Delhi,41943,39.0,28.0,17.0,9.0,Electronics,4170,104.0
10881,56.0,Female,Mumbai,71317,24.0,49.0,3.0,13.0,Electronics,4144,114.0
10882,55.0,Male,Delhi,30662,38.0,44.0,19.0,9.0,Grocery,6084,15.0
10883,51.0,Female,Bangalore,78440,88.0,30.0,19.0,10.0,Grocery,6139,51.0
10884,55.0,Female,Mumbai,86893,97.0,36.0,19.0,5.0,Grocery,7729,50.0
10885,67.0,Female,Hyderabad,29462,81.0,18.0,19.0,12.0,Home Decor,5493,111.0
10886,51.0,Male,Mumbai,36506,57.0,22.0,15.0,14.0,Fashion,6970,55.0
10887,35.0,Female,Mumbai,37600,44.0,34.0,18.0,5.0,Electronics,7751,12.0
10888,47.0,Female,Pune,65559,36.0,49.0,17.0,6.0,Grocery,5516,178.0
10889,32.0,Female,Pune,35062,99.0,5.0,10.0,13.0,Grocery,7349,133.0
10890,44.0,Female,Mumbai,104462,70.0,5.0,14.0,13.0,Grocery,5426,155.0
10891,68.0,Male,Delhi,80903,80.0,36.0,19.0,8.0,Electronics,4986,79.0
10892,51.0,Female,Pune,84975,45.0,29.0,18.0,6.0,Electronics,3711,90.0
10893,69.0,Male,Hyderabad,30273,92.0,0.0,11.0,14.0,Fashion,5764,9.0
10894,55.0,Female,Bangalore,102329,96.0,7.0,11.0,11.0,Home Decor,5685,104.0
10895,50.0,Male,Pune,86240,26.0,27.0,12.0,13.0,Fashion,5712,104.0
10896,41.0,Male,Mumbai,52941,11.0,24.0,8.0,13.0,Electronics,7280,163.0
10897,32.0,Female,Delhi,31455,52.0,32.0,16.0,12.0,Fashion,6814,141.0
10898,47.0,Female,Bangalore,68096,25.0,37.0,8.0,14.0,Grocery,2050,44.0
10899,59.0,Male,Pune,58339,31.0,13.0,14.0,6.0,Fashion,2089,174.0
10900,68.0,Female,Delhi,59376,85.0,10.0,18.0,9.0,Grocery,5246,97.0
10901,34.0,Female,Delhi,52364,45.0,1.0,4.0,1.0,Fashion,3047,98.0
10902,22.0,Female,Delhi,88035,67.0,29.0,17.0,14.0,Grocery,4808,119.0
10903,46.0,Male,Mumbai,4985,76.0,29.0,13.0,4.0,Fashion,3177,68.0
10904,21.0,Female,Hyderabad,105748,40.0,3.0,5.0,10.0,Home Decor,5193,53.0
10905,27.0,Female,Delhi,94952,46.0,12.0,3.0,13.0,Fashion,2962,109.0
10906,34.0,Female,Bangalore,75267,54.0,6.0,9.0,10.0,Electronics,5803,1.0
10907,27.0,Male,Pune,66397,41.0,37.0,18.0,12.0,Electronics,2860,11.0
10908,34.0,Female,Bangalore,97076,89.0,2.0,19.0,2.0,Grocery,5271,178.0
10909,37.0,Male,Mumbai,68943,81.0,8.0,19.0,9.0,Electronics,1626,137.0
10910,41.0,Female,Mumbai,63039,38.0,13.0,16.0,3.0,Grocery,2739,38.0
10911,22.0,Male,Bangalore,98467,100.0,10.0,1.0,10.0,Home Decor,6411,141.0
10912,,,,122334,,,,,,7564,
10913,23.0,Female,Mumbai,45724,83.0,13.0,15.0,2.0,Electronics,6822,25.0
10914,19.0,Male,Mumbai,80619,44.0,18.0,12.0,8.0,Grocery,6515,126.0
10915,30.0,Male,Bangalore,42840,57.0,7.0,1.0,4.0,Home Decor,7963,10.0
10916,,,,82540,,,,,,6931,
10917,60.0,Female,Hyderabad,50545,81.0,6.0,18.0,2.0,Fashion,1938,22.0
10918,65.0,Female,Hyderabad,100288,30.0,2.0,18.0,4.0,Grocery,6906,42.0
10919,28.0,Female,Hyderabad,67497,10.0,2.0,6.0,7.0,Grocery,6875,101.0
10920,68.0,Female,Pune,71161,99.0,17.0,1.0,14.0,Home Decor,1253,148.0
10921,64.0,Male,Hyderabad,110777,61.0,44.0,17.0,7.0,Grocery,3653,28.0
10922,40.0,Female,Hyderabad,51674,63.0,32.0,18.0,1.0,Electronics,8158,21.0
10923,33.0,Female,Pune,87121,36.0,36.0,15.0,13.0,Electronics,4740,139.0
10924,48.0,Female,Delhi,54163,54.0,27.0,12.0,12.0,Electronics,2718,69.0
10925,28.0,Female,Mumbai,99907,97.0,35.0,13.0,12.0,Grocery,6727,37.0
10926,33.0,Female,Hyderabad,114668,65.0,15.0,2.0,1.0,Fashion,4448,177.0
10927,,,,63427,,,,,,4227,
10928,21.0,Female,Bangalore,15147,4.0,28.0,3.0,2.0,Home Decor,6747,33.0
10929,57.0,Male,Mumbai,52796,55.0,17.0,19.0,3.0,Grocery,5807,45.0
10930,21.0,Female,Pune,130815,54.0,48.0,8.0,4.0,Home Decor,4763,136.0
10931,42.0,Female,Mumbai,55197,91.0,45.0,12.0,14.0,Grocery,5661,116.0
10932,,,,114275,,,,,,4650,
10933,49.0,Female,Mumbai,54842,64.0,18.0,10.0,2.0,Electronics,6827,143.0
10934,20.0,Male,Delhi,54225,92.0,28.0,1.0,7.0,Grocery,2165,143.0
10935,44.0,Male,Delhi,89479,22.0,5.0,5.0,5.0,Fashion,4614,137.0
10936,46.0,Male,Bangalore,86483,25.0,44.0,11.0,8.0,Fashion,4172,61.0
10937,49.0,Male,Pune,91304,81.0,49.0,9.0,8.0,Fashion,5611,56.0
10938,67.0,Male,Mumbai,70122,59.0,46.0,14.0,5.0,Electronics,2746,133.0
10939,68.0,Male,Mumbai,95859,57.0,26.0,3.0,10.0,Fashion,7999,126.0
10940,36.0,Female,Mumbai,94037,54.0,6.0,5.0,8.0,Home Decor,3516,154.0
10941,38.0,Male,Mumbai,98725,44.0,26.0,9.0,12.0,Fashion,7117,126.0
10942,22.0,Male,Delhi,54411,52.0,18.0,18.0,14.0,Fashion,6210,123.0
10943,35.0,Female,Bangalore,95840,76.0,16.0,6.0,9.0,Grocery,5429,35.0
10944,45.0,Male,Hyderabad,56966,16.0,40.0,7.0,7.0,Grocery,5492,10.0
10945,59.0,Female,Pune,66072,16.0,10.0,16.0,6.0,Grocery,1286,91.0
10946,39.0,Female,Mumbai,65559,81.0,4.0,8.0,7.0,Fashion,3991,21.0
10947,38.0,Male,Bangalore,45047,55.0,1.0,10.0,7.0,Fashion,11501,140.0
10948,23.0,Female,Hyderabad,26612,61.0,46.0,5.0,3.0,Home Decor,5426,9.0
10949,18.0,Male,Bangalore,100593,95.0,11.0,11.0,6.0,Electronics,5821,144.0
10950,22.0,Male,Delhi,52443,79.0,41.0,13.0,6.0,Fashion,1163,120.0
10951,58.0,Female,Hyderabad,63256,77.0,41.0,2.0,11.0,Electronics,4513,127.0
10952,29.0,Female,Bangalore,51732,40.0,10.0,14.0,9.0,Fashion,4286,23.0
10953,43.0,Male,Delhi,63583,91.0,9.0,9.0,1.0,Electronics,3518,39.0
10954,63.0,Female,Bangalore,57352,21.0,27.0,10.0,13.0,Grocery,6148,128.0
10955,51.0,Female,Bangalore,101977,66.0,6.0,10.0,7.0,Fashion,4146,22.0
10956,66.0,Male,Hyderabad,55237,8.0,13.0,10.0,1.0,Home Decor,3550,55.0
10957,31.0,Male,Delhi,112863,71.0,12.0,19.0,10.0,Electronics,2059,159.0
10958,43.0,Female,Mumbai,98481,10.0,4.0,11.0,13.0,Grocery,2788,74.0
10959,62.0,Male,Pune,58138,57.0,41.0,11.0,4.0,Home Decor,3033,47.0
10960,44.0,Male,Hyderabad,77995,4.0,7.0,3.0,13.0,Grocery,4315,27.0
10961,26.0,Male,Delhi,82983,43.0,49.0,19.0,7.0,Fashion,4010,128.0
10962,43.0,Male,Bangalore,91040,100.0,0.0,1.0,6.0,Home Decor,3746,48.0
10963,64.0,Male,Delhi,93511,99.0,4.0,12.0,6.0,Electronics,1632,167.0
10964,39.0,Male,Pune,74665,63.0,10.0,15.0,5.0,Electronics,2988,149.0
10965,,,,46139,,,,,,5255,
10966,47.0,Female,Mumbai,86022,67.0,47.0,3.0,7.0,Electronics,7918,81.0
10967,60.0,Male,Mumbai,64087,82.0,9.0,13.0,9.0,Grocery,8201,118.0
10968,65.0,Female,Pune,269,51.0,14.0,18.0,14.0,Home Decor,8999,45.0
10969,34.0,Female,Hyderabad,79756,56.0,38.0,16.0,6.0,Electronics,5526,19.0
10970,,,,51647,,,,,,4889,
10971,53.0,Male,Bangalore,58540,24.0,28.0,10.0,7.0,Electronics,6268,86.0
10972,18.0,Male,Mumbai,70150,96.0,24.0,17.0,9.0,Grocery,4283,105.0
10973,25.0,Female,Bangalore,31158,34.0,47.0,17.0,7.0,Fashion,6605,177.0
10974,66.0,Male,Mumbai,73476,59.0,5.0,8.0,6.0,Grocery,4678,78.0
10975,52.0,Female,Pune,62082,2.0,10.0,4.0,3.0,Electronics,5553,126.0
10976,69.0,Male,Hyderabad,48069,2.0,16.0,15.0,14.0,Grocery,3541,60.0
10977,32.0,Male,Hyderabad,71156,10.0,14.0,1.0,1.0,Electronics,6929,76.0
10978,64.0,Female,Pune,27745,23.0,15.0,7.0,10.0,Home Decor,3029,91.0
10979,39.0,Female,Bangalore,71890,15.0,1.0,10.0,9.0,Home Decor,3727,116.0
10980,31.0,Female,Bangalore,81764,76.0,35.0,7.0,7.0,Fashion,4327,24.0
10981,43.0,Male,Delhi,77631,17.0,18.0,1.0,3.0,Grocery,3327,167.0
10982,45.0,Female,Mumbai,89722,82.0,37.0,17.0,10.0,Fashion,6132,126.0
10983,40.0,Male,Bangalore,99133,14.0,49.0,12.0,9.0,Home Decor,5259,114.0
10984,31.0,Male,Pune,67966,81.0,20.0,17.0,3.0,Grocery,3047,100.0
10985,41.0,Male,Bangalore,97386,79.0,10.0,15.0,3.0,Grocery,3957,151.0
10986,19.0,Female,Hyderabad,67872,76.0,40.0,16.0,13.0,Fashion,5280,72.0
10987,62.0,Female,Mumbai,52513,16.0,2.0,14.0,14.0,Fashion,5416,114.0
10988,43.0,Female,Delhi,60181,32.0,33.0,3.0,7.0,Grocery,3090,93.0
10989,31.0,Male,Mumbai,76674,23.0,17.0,19.0,2.0,Grocery,5032,167.0
10990,68.0,Male,Hyderabad,97129,34.0,14.0,12.0,10.0,Grocery,6246,72.0
10991,24.0,Female,Hyderabad,70036,98.0,24.0,19.0,14.0,Fashion,4393,92.0
10992,20.0,Male,Hyderabad,53158,16.0,49.0,18.0,7.0,Electronics,2948,97.0
10993,64.0,Male,Hyderabad,106106,34.0,14.0,14.0,7.0,Home Decor,7664,11.0
10994,40.0,Female,Pune,34129,71.0,29.0,9.0,1.0,Home Decor,6257,42.0
10995,63.0,Female,Delhi,53319,33.0,16.0,3.0,13.0,Fashion,4169,126.0
10996,60.0,Female,Hyderabad,92319,68.0,17.0,12.0,10.0,Grocery,5190,153.0
10997,64.0,Male,Hyderabad,114161,43.0,30.0,17.0,11.0,Home Decor,4288,162.0
10998,62.0,Male,Bangalore,82017,64.0,49.0,5.0,2.0,Home Decor,3020,22.0
10999,35.0,Male,Delhi,76247,71.0,42.0,8.0,5.0,Home Decor,6365,130.0
11000,,,,62728,,,,,,8331,
11001,52.0,Male,Delhi,83701,68.0,34.0,4.0,4.0,Grocery,6811,144.0
11002,,,,73234,,,,,,5491,
11003,32.0,Male,Delhi,51136,75.0,13.0,19.0,3.0,Grocery,4366,96.0
11004,42.0,Male,Hyderabad,62275,20.0,35.0,15.0,10.0,Grocery,-323,69.0
11005,54.0,Male,Hyderabad,48313,11.0,17.0,14.0,14.0,Home Decor,8139,100.0
11006,45.0,Female,Pune,70340,79.0,4.0,16.0,11.0,Home Decor,3667,62.0
11007,27.0,Female,Mumbai,74045,46.0,13.0,10.0,8.0,Grocery,6667,19.0
11008,56.0,Female,Bangalore,110859,64.0,24.0,14.0,7.0,Grocery,6882,157.0
11009,34.0,Male,Delhi,55065,81.0,43.0,11.0,9.0,Grocery,6826,170.0
11010,56.0,Female,Mumbai,65480,98.0,38.0,2.0,3.0,Electronics,2202,151.0
11011,39.0,Female,Mumbai,101479,76.0,11.0,19.0,10.0,Home Decor,6965,60.0
11012,43.0,Female,Pune,115127,28.0,39.0,3.0,1.0,Fashion,4050,146.0
11013,61.0,Male,Bangalore,81867,48.0,27.0,4.0,9.0,Fashion,4821,95.0
11014,42.0,Female,Delhi,63660,35.0,34.0,11.0,9.0,Fashion,4760,101.0
11015,34.0,Male,Bangalore,58174,8.0,0.0,13.0,12.0,Electronics,3767,81.0
11016,30.0,Male,Pune,23923,91.0,2.0,18.0,12.0,Electronics,4402,18.0
11017,37.0,Female,Hyderabad,46805,22.0,42.0,18.0,1.0,Fashion,5281,155.0
11018,42.0,Male,Mumbai,72539,24.0,49.0,19.0,14.0,Fashion,3119,85.0
11019,21.0,Female,Delhi,65475,66.0,6.0,12.0,8.0,Fashion,1733,129.0
11020,27.0,Male,Hyderabad,85585,95.0,8.0,1.0,14.0,Grocery,6787,142.0
11021,,,,65119,,,,,,5577,
11022,58.0,Female,Bangalore,51848,64.0,22.0,3.0,10.0,Electronics,1273,110.0
11023,62.0,Female,Mumbai,78533,65.0,23.0,17.0,1.0,Electronics,5812,161.0
11024,35.0,Male,Delhi,132631,14.0,9.0,3.0,6.0,Grocery,4636,164.0
11025,64.0,Female,Hyderabad,62066,25.0,49.0,1.0,9.0,Electronics,2395,119.0
11026,53.0,Male,Hyderabad,73472,100.0,47.0,3.0,3.0,Fashion,3909,167.0
11027,64.0,Female,Mumbai,455865,100.0,11.0,4.0,6.0,Electronics,22952,120.0
11028,39.0,Male,Bangalore,55709,3.0,18.0,6.0,3.0,Grocery,3014,76.0
11029,51.0,Male,Pune,101818,5.0,31.0,7.0,11.0,Home Decor,2965,173.0
11030,64.0,Female,Bangalore,30523,65.0,23.0,8.0,14.0,Fashion,3866,153.0
11031,25.0,Female,Bangalore,59806,54.0,21.0,13.0,5.0,Electronics,3110,143.0
11032,57.0,Female,Bangalore,62219,19.0,2.0,4.0,11.0,Fashion,2795,20.0
11033,66.0,Female,Mumbai,73778,97.0,39.0,6.0,14.0,Home Decor,2761,34.0
11034,61.0,Female,Mumbai,20712,54.0,26.0,11.0,7.0,Electronics,5865,58.0
11035,36.0,Male,Pune,103818,94.0,18.0,1.0,11.0,Fashion,3186,60.0
11036,59.0,Female,Bangalore,80355,76.0,8.0,8.0,10.0,Grocery,7164,158.0
11037,58.0,Female,Mumbai,98070,10.0,48.0,2.0,12.0,Grocery,9313,108.0
11038,54.0,Male,Pune,110325,98.0,12.0,8.0,4.0,Home Decor,4674,141.0
11039,23.0,Female,Pune,51485,16.0,1.0,9.0,4.0,Home Decor,9034,93.0
11040,69.0,Female,Bangalore,7641,46.0,35.0,4.0,7.0,Home Decor,6084,67.0
11041,43.0,Male,Delhi,98659,29.0,28.0,17.0,5.0,Electronics,5324,89.0
11042,51.0,Female,Bangalore,62840,15.0,10.0,7.0,1.0,Home Decor,4875,173.0
11043,62.0,Female,Delhi,41670,48.0,33.0,10.0,11.0,Electronics,1089,40.0
11044,23.0,Female,Pune,84407,11.0,3.0,5.0,10.0,Fashion,4099,166.0
11045,54.0,Male,Mumbai,131588,34.0,3.0,10.0,13.0,Grocery,2750,47.0
11046,50.0,Female,Hyderabad,67277,36.0,0.0,12.0,12.0,Fashion,6750,88.0
11047,39.0,Male,Pune,93777,30.0,24.0,6.0,13.0,Grocery,8426,157.0
11048,38.0,Female,Mumbai,45312,99.0,25.0,1.0,2.0,Home Decor,5429,162.0
11049,23.0,Male,Pune,27831,73.0,10.0,3.0,6.0,Fashion,5503,139.0
11050,23.0,Female,Bangalore,92848,82.0,22.0,7.0,13.0,Fashion,6925,20.0
11051,65.0,Male,Delhi,83651,19.0,1.0,11.0,12.0,Home Decor,5237,148.0
11052,21.0,Male,Pune,58357,68.0,18.0,12.0,9.0,Fashion,7406,56.0
11053,,,,112655,,,,,,9729,
11054,28.0,Male,Bangalore,25887,33.0,39.0,1.0,4.0,Grocery,7888,100.0
11055,47.0,Male,Hyderabad,39249,96.0,3.0,4.0,12.0,Home Decor,3754,113.0
11056,,,,56428,,,,,,6678,
11057,41.0,Female,Delhi,61090,75.0,46.0,2.0,13.0,Electronics,3664,104.0
11058,,,,106633,,,,,,4558,
11059,20.0,Male,Hyderabad,71229,36.0,26.0,2.0,4.0,Fashion,8287,33.0
11060,68.0,Male,Mumbai,65176,23.0,4.0,4.0,14.0,Grocery,3005,159.0
11061,48.0,Male,Pune,38249,63.0,14.0,11.0,5.0,Electronics,4207,103.0
11062,57.0,Male,Delhi,97165,26.0,22.0,19.0,2.0,Fashion,7284,79.0
11063,54.0,Female,Hyderabad,41583,60.0,48.0,13.0,1.0,Home Decor,3285,129.0
11064,53.0,Male,Delhi,38134,95.0,2.0,18.0,4.0,Home Decor,1165,16.0
11065,41.0,Female,Bangalore,59993,93.0,17.0,19.0,11.0,Grocery,2016,85.0
11066,48.0,Female,Delhi,74079,5.0,42.0,15.0,13.0,Home Decor,3782,59.0
11067,23.0,Male,Hyderabad,51996,54.0,25.0,12.0,6.0,Grocery,4922,125.0
11068,19.0,Male,Pune,87675,38.0,5.0,11.0,1.0,Home Decor,4393,131.0
11069,37.0,Female,Pune,62925,62.0,43.0,1.0,1.0,Home Decor,3976,143.0
11070,45.0,Female,Delhi,96319,25.0,16.0,16.0,9.0,Electronics,5153,32.0
11071,28.0,Male,Mumbai,82627,98.0,45.0,13.0,5.0,Fashion,4006,178.0
11072,21.0,Male,Delhi,114786,12.0,37.0,6.0,2.0,Electronics,3607,111.0
11073,32.0,Male,Bangalore,58944,22.0,41.0,6.0,11.0,Grocery,5459,100.0
11074,,,,91099,,,,,,5230,
11075,66.0,Female,Pune,25329,84.0,49.0,2.0,2.0,Home Decor,7031,116.0
11076,47.0,Male,Pune,142291,29.0,26.0,3.0,4.0,Home Decor,9038,118.0
11077,55.0,Female,Mumbai,89848,44.0,19.0,6.0,11.0,Fashion,782,119.0
11078,68.0,Female,Mumbai,62592,93.0,5.0,16.0,2.0,Grocery,6038,136.0
11079,19.0,Male,Hyderabad,63521,27.0,34.0,6.0,4.0,Home Decor,5318,7.0
11080,32.0,Male,Delhi,63824,55.0,11.0,13.0,11.0,Fashion,7556,132.0
11081,28.0,Female,Delhi,116000,81.0,47.0,4.0,13.0,Fashion,3985,10.0
11082,25.0,Female,Bangalore,92463,5.0,2.0,15.0,6.0,Home Decor,4245,60.0
11083,43.0,Male,Pune,58917,52.0,47.0,6.0,7.0,Home Decor,2417,25.0
11084,68.0,Male,Mumbai,39029,13.0,3.0,1.0,6.0,Grocery,7050,42.0
11085,,,,99902,,,,,,5272,
11086,61.0,Male,Bangalore,90963,15.0,3.0,12.0,10.0,Fashion,7252,96.0
11087,22.0,Male,Mumbai,87659,79.0,3.0,11.0,3.0,Fashion,4138,114.0
11088,23.0,Female,Delhi,67906,18.0,38.0,13.0,4.0,Grocery,3656,32.0
11089,43.0,Female,Pune,62509,50.0,20.0,1.0,12.0,Fashion,6454,74.0
11090,21.0,Female,Delhi,112130,2.0,43.0,19.0,5.0,Electronics,4322,153.0
11091,,,,114456,,,,,,6262,
11092,37.0,Male,Pune,86003,13.0,15.0,5.0,3.0,Fashion,6021,177.0
11093,50.0,Male,Hyderabad,94246,68.0,6.0,17.0,1.0,Electronics,5213,144.0
11094,37.0,Male,Bangalore,75902,47.0,18.0,5.0,3.0,Electronics,3784,94.0
11095,66.0,Female,Delhi,35750,89.0,42.0,19.0,11.0,Grocery,5715,166.0
11096,29.0,Female,Delhi,45506,75.0,32.0,3.0,5.0,Fashion,3482,5.0
11097,,,,98654,,,,,,5195,
11098,18.0,Male,Mumbai,101842,12.0,36.0,2.0,14.0,Fashion,8365,8.0
11099,43.0,Female,Bangalore,96353,13.0,16.0,14.0,6.0,Home Decor,7480,33.0
11100,31.0,Male,Pune,78651,9.0,26.0,6.0,12.0,Electronics,3983,62.0
11101,55.0,Male,Delhi,97282,59.0,32.0,19.0,14.0,Grocery,5545,116.0
11102,54.0,Male,Delhi,68546,45.0,48.0,1.0,13.0,Grocery,3927,160.0
11103,28.0,Male,Mumbai,85534,70.0,11.0,7.0,4.0,Home Decor,5563,129.0
11104,,,,64882,,,,,,3166,
11105,30.0,Male,Bangalore,43580,74.0,10.0,19.0,10.0,Electronics,3688,148.0
11106,60.0,Female,Hyderabad,91614,23.0,12.0,1.0,13.0,Electronics,8747,55.0
11107,20.0,Male,Mumbai,101878,79.0,30.0,9.0,7.0,Fashion,5265,78.0
11108,50.0,Male,Bangalore,131848,45.0,12.0,17.0,13.0,Fashion,4101,6.0
11109,23.0,Female,Hyderabad,76600,23.0,37.0,10.0,9.0,Home Decor,744,52.0
11110,67.0,Male,Delhi,43804,34.0,25.0,6.0,13.0,Electronics,5335,2.0
11111,27.0,Female,Delhi,61788,16.0,30.0,3.0,6.0,Electronics,9371,39.0
11112,22.0,Female,Pune,66602,63.0,21.0,15.0,14.0,Home Decor,3859,121.0
11113,40.0,Female,Hyderabad,73712,51.0,5.0,6.0,6.0,Home Decor,4231,32.0
11114,27.0,Male,Delhi,81771,32.0,19.0,3.0,9.0,Grocery,5095,116.0
11115,61.0,Male,Delhi,79074,38.0,20.0,10.0,4.0,Home Decor,3733,179.0
11116,19.0,Female,Pune,89427,56.0,9.0,12.0,5.0,Grocery,9417,92.0
11117,30.0,Male,Bangalore,74935,69.0,18.0,1.0,5.0,Fashion,6960,32.0
11118,,,,14367,,,,,,6392,
11119,19.0,Female,Mumbai,75678,86.0,25.0,17.0,12.0,Home Decor,9228,131.0
11120,37.0,Female,Mumbai,72168,39.0,6.0,10.0,5.0,Home Decor,8411,62.0
11121,18.0,Male,Bangalore,83756,41.0,36.0,12.0,8.0,Grocery,5157,13.0
11122,54.0,Female,Hyderabad,60962,48.0,7.0,19.0,11.0,Home Decor,4441,70.0
11123,26.0,Female,Pune,75588,82.0,4.0,8.0,1.0,Home Decor,4421,21.0
11124,34.0,Female,Mumbai,83906,28.0,43.0,8.0,10.0,Electronics,3915,14.0
11125,26.0,Male,Mumbai,65998,77.0,35.0,10.0,11.0,Electronics,4561,89.0
11126,28.0,Male,Bangalore,86896,50.0,27.0,10.0,10.0,Electronics,3976,71.0
11127,32.0,Male,Hyderabad,71753,1.0,49.0,18.0,11.0,Home Decor,2747,107.0
11128,41.0,Female,Hyderabad,73916,50.0,2.0,10.0,3.0,Electronics,159,150.0
11129,,,,-3067,,,,,,7091,
11130,52.0,Female,Mumbai,41402,98.0,7.0,4.0,11.0,Electronics,-322,32.0
11131,47.0,Male,Pune,41470,59.0,14.0,1.0,9.0,Home Decor,5709,169.0
11132,48.0,Male,Mumbai,75408,68.0,26.0,11.0,2.0,Electronics,6937,32.0
11133,66.0,Female,Hyderabad,101791,67.0,48.0,19.0,12.0,Electronics,5880,170.0
11134,22.0,Male,Mumbai,67039,41.0,35.0,5.0,4.0,Electronics,4703,81.0
11135,61.0,Female,Pune,91207,10.0,15.0,8.0,14.0,Fashion,5433,102.0
11136,67.0,Male,Delhi,86206,28.0,25.0,2.0,8.0,Fashion,4130,85.0
11137,31.0,Male,Mumbai,73497,34.0,44.0,2.0,5.0,Grocery,4814,43.0
11138,28.0,Female,Bangalore,84349,39.0,43.0,14.0,1.0,Home Decor,4370,131.0
11139,26.0,Female,Delhi,76148,83.0,3.0,9.0,6.0,Fashion,3625,166.0
11140,51.0,Female,Bangalore,66442,56.0,11.0,10.0,14.0,Fashion,7378,167.0
11141,29.0,Male,Bangalore,79777,52.0,16.0,13.0,9.0,Fashion,6742,45.0
11142,52.0,Male,Bangalore,106165,100.0,40.0,1.0,9.0,Home Decor,4700,46.0
11143,52.0,Male,Mumbai,81818,3.0,43.0,14.0,11.0,Grocery,5095,115.0
11144,18.0,Female,Hyderabad,75449,23.0,25.0,2.0,1.0,Home Decor,3506,104.0
11145,,,,48063,,,,,,5720,
11146,39.0,Female,Pune,105396,71.0,14.0,19.0,1.0,Grocery,4792,52.0
11147,46.0,Male,Hyderabad,34823,26.0,33.0,1.0,7.0,Electronics,4339,9.0
11148,25.0,Male,Mumbai,27348,18.0,28.0,4.0,3.0,Fashion,5513,69.0
11149,28.0,Female,Bangalore,79286,46.0,8.0,11.0,2.0,Home Decor,5169,43.0
11150,58.0,Male,Pune,47980,70.0,13.0,13.0,14.0,Electronics,3307,7.0
11151,54.0,Female,Delhi,97227,31.0,35.0,18.0,8.0,Grocery,6799,44.0
11152,31.0,Male,Hyderabad,27907,93.0,3.0,10.0,9.0,Electronics,6970,172.0
11153,47.0,Male,Hyderabad,470225,9.0,37.0,5.0,7.0,Electronics,14552,102.0
11154,52.0,Female,Pune,90524,35.0,36.0,1.0,6.0,Fashion,11385,68.0
11155,38.0,Male,Mumbai,72950,81.0,23.0,14.0,10.0,Electronics,3110,122.0
11156,54.0,Male,Delhi,17510,60.0,16.0,16.0,13.0,Electronics,6231,77.0
11157,22.0,Female,Pune,26917,76.0,12.0,18.0,11.0,Fashion,6125,44.0
11158,36.0,Female,Bangalore,75998,63.0,19.0,3.0,6.0,Grocery,6440,40.0
11159,31.0,Male,Delhi,64180,100.0,16.0,3.0,9.0,Fashion,8418,171.0
11160,43.0,Female,Hyderabad,88183,52.0,26.0,4.0,5.0,Electronics,4452,62.0
11161,21.0,Male,Pune,68294,48.0,32.0,7.0,5.0,Home Decor,5084,171.0
11162,42.0,Female,Hyderabad,66120,61.0,20.0,13.0,2.0,Fashion,5849,147.0
11163,62.0,Male,Hyderabad,9342,24.0,16.0,9.0,6.0,Fashion,1632,49.0
11164,59.0,Male,Hyderabad,90560,74.0,21.0,3.0,14.0,Electronics,5271,77.0
11165,42.0,Female,Mumbai,53771,58.0,24.0,17.0,12.0,Home Decor,5801,153.0
11166,35.0,Male,Hyderabad,60044,64.0,2.0,15.0,12.0,Grocery,3582,41.0
11167,57.0,Male,Bangalore,43255,30.0,26.0,10.0,12.0,Home Decor,9366,23.0
11168,25.0,Female,Bangalore,31489,29.0,26.0,15.0,6.0,Fashion,5523,43.0
11169,56.0,Female,Delhi,106803,10.0,45.0,1.0,6.0,Home Decor,3525,105.0
11170,57.0,Male,Hyderabad,89887,39.0,11.0,10.0,4.0,Grocery,3856,113.0
11171,31.0,Female,Hyderabad,90299,55.0,14.0,7.0,11.0,Home Decor,3418,168.0
11172,49.0,Female,Pune,64587,28.0,37.0,7.0,7.0,Home Decor,3486,158.0
11173,68.0,Male,Mumbai,26551,18.0,19.0,3.0,9.0,Home Decor,5675,162.0
11174,55.0,Male,Delhi,122551,41.0,21.0,7.0,1.0,Fashion,5856,110.0
11175,50.0,Female,Hyderabad,80557,81.0,1.0,9.0,3.0,Electronics,5901,138.0
11176,40.0,Female,Pune,73419,75.0,3.0,8.0,10.0,Electronics,6354,105.0
11177,32.0,Female,Mumbai,61021,65.0,44.0,3.0,9.0,Home Decor,5845,60.0
11178,50.0,Male,Delhi,18886,81.0,12.0,5.0,14.0,Fashion,9353,129.0
11179,42.0,Male,Delhi,98538,100.0,31.0,13.0,5.0,Fashion,6811,140.0
11180,34.0,Male,Hyderabad,43557,100.0,21.0,13.0,6.0,Fashion,2931,174.0
11181,50.0,Male,Delhi,83664,46.0,24.0,8.0,8.0,Electronics,5068,93.0
11182,64.0,Male,Pune,89270,60.0,26.0,18.0,9.0,Fashion,2743,75.0
11183,19.0,Male,Delhi,78353,9.0,16.0,7.0,8.0,Home Decor,5043,145.0
11184,31.0,Male,Bangalore,81749,45.0,5.0,10.0,3.0,Electronics,2185,58.0
11185,57.0,Female,Pune,103652,60.0,42.0,10.0,10.0,Fashion,4532,38.0
11186,57.0,Female,Mumbai,50189,28.0,15.0,11.0,1.0,Home Decor,4784,6.0
11187,68.0,Male,Mumbai,74112,97.0,7.0,12.0,11.0,Electronics,2311,138.0
11188,56.0,Male,Hyderabad,64372,3.0,32.0,13.0,13.0,Fashion,5031,26.0
11189,68.0,Male,Hyderabad,24010,51.0,9.0,8.0,12.0,Grocery,4253,58.0
11190,23.0,Female,Bangalore,77158,8.0,33.0,17.0,13.0,Home Decor,2812,17.0
11191,23.0,Male,Mumbai,101281,70.0,18.0,14.0,5.0,Grocery,6845,53.0
11192,20.0,Female,Mumbai,104408,59.0,13.0,17.0,7.0,Electronics,4304,5.0
11193,24.0,Female,Mumbai,116436,61.0,2.0,19.0,2.0,Fashion,7251,67.0
11194,68.0,Female,Mumbai,25657,58.0,40.0,16.0,1.0,Home Decor,5410,107.0
11195,25.0,Female,Delhi,110715,70.0,22.0,9.0,4.0,Home Decor,4218,148.0
11196,59.0,Female,Pune,74620,93.0,39.0,10.0,3.0,Home Decor,3065,179.0
11197,69.0,Male,Pune,110014,12.0,10.0,9.0,4.0,Grocery,2652,174.0
11198,32.0,Male,Bangalore,60130,9.0,46.0,1.0,1.0,Fashion,5374,67.0
11199,64.0,Female,Delhi,56729,49.0,5.0,3.0,2.0,Fashion,5728,131.0
11200,46.0,Male,Mumbai,39618,83.0,33.0,11.0,1.0,Fashion,3320,151.0
11201,50.0,Female,Mumbai,89399,17.0,0.0,7.0,3.0,Grocery,2583,137.0
11202,69.0,Female,Hyderabad,82861,54.0,34.0,18.0,4.0,Electronics,6398,139.0
11203,47.0,Male,Hyderabad,42074,44.0,24.0,13.0,13.0,Grocery,6487,175.0
11204,56.0,Male,Bangalore,15896,32.0,28.0,18.0,1.0,Electronics,3346,177.0
11205,44.0,Male,Mumbai,80381,35.0,22.0,16.0,6.0,Grocery,4630,172.0
11206,53.0,Male,Bangalore,83229,78.0,17.0,16.0,2.0,Fashion,6033,113.0
11207,46.0,Male,Delhi,45326,49.0,13.0,10.0,10.0,Fashion,2795,141.0
11208,55.0,Female,Pune,40304,54.0,16.0,9.0,12.0,Fashion,3246,136.0
11209,50.0,Male,Mumbai,86396,16.0,1.0,8.0,13.0,Grocery,6636,22.0
11210,54.0,Male,Delhi,116409,85.0,30.0,19.0,11.0,Home Decor,3217,38.0
11211,44.0,Male,Mumbai,57625,12.0,18.0,3.0,5.0,Grocery,5137,27.0
11212,50.0,Female,Hyderabad,48009,88.0,31.0,9.0,8.0,Electronics,5196,26.0
11213,21.0,Male,Bangalore,77471,98.0,27.0,2.0,12.0,Grocery,2605,23.0
11214,39.0,Female,Hyderabad,85881,8.0,40.0,19.0,13.0,Electronics,6964,120.0
11215,19.0,Male,Pune,60892,21.0,7.0,8.0,4.0,Grocery,1882,103.0
11216,27.0,Male,Hyderabad,120627,48.0,41.0,18.0,5.0,Home Decor,5556,65.0
11217,22.0,Female,Mumbai,92542,8.0,40.0,8.0,9.0,Home Decor,4081,74.0
11218,27.0,Male,Hyderabad,60468,28.0,39.0,5.0,2.0,Fashion,5206,47.0
11219,50.0,Male,Mumbai,30187,80.0,38.0,6.0,12.0,Home Decor,4530,61.0
11220,55.0,Female,Pune,102985,10.0,21.0,10.0,12.0,Grocery,2736,174.0
11221,30.0,Male,Hyderabad,99798,52.0,23.0,15.0,2.0,Home Decor,4401,132.0
11222,48.0,Female,Bangalore,62431,15.0,37.0,4.0,6.0,Fashion,5955,159.0
11223,64.0,Female,Bangalore,78764,4.0,1.0,3.0,6.0,Grocery,4514,4.0
11224,53.0,Female,Bangalore,66238,90.0,40.0,9.0,3.0,Electronics,4047,29.0
11225,62.0,Female,Hyderabad,83014,79.0,40.0,16.0,12.0,Grocery,1033,73.0
11226,41.0,Female,Hyderabad,44376,100.0,18.0,16.0,9.0,Fashion,3222,79.0
11227,69.0,Male,Hyderabad,40812,96.0,40.0,15.0,13.0,Home Decor,3517,44.0
11228,32.0,Male,Mumbai,90271,62.0,1.0,9.0,1.0,Home Decor,6676,3.0
11229,46.0,Male,Pune,93440,4.0,27.0,17.0,12.0,Grocery,4224,79.0
11230,25.0,Female,Bangalore,57730,41.0,31.0,12.0,3.0,Electronics,6014,121.0
11231,22.0,Female,Mumbai,51271,73.0,18.0,8.0,8.0,Electronics,3445,139.0
11232,46.0,Female,Bangalore,98689,99.0,15.0,14.0,8.0,Electronics,871,134.0
11233,64.0,Female,Mumbai,52118,55.0,29.0,18.0,4.0,Electronics,6966,47.0
11234,21.0,Male,Hyderabad,71385,28.0,21.0,12.0,8.0,Grocery,3458,7.0
11235,29.0,Male,Bangalore,68214,47.0,13.0,14.0,11.0,Home Decor,6866,115.0
11236,62.0,Female,Hyderabad,33327,9.0,0.0,5.0,10.0,Electronics,4563,110.0
11237,19.0,Female,Bangalore,74802,2.0,44.0,1.0,13.0,Grocery,7760,68.0
11238,44.0,Male,Delhi,72360,67.0,1.0,13.0,8.0,Grocery,11366,1.0
11239,48.0,Female,Mumbai,79004,48.0,21.0,14.0,1.0,Grocery,5886,77.0
11240,68.0,Female,Delhi,73955,69.0,45.0,2.0,3.0,Electronics,2269,43.0
11241,68.0,Female,Mumbai,123392,74.0,32.0,16.0,1.0,Electronics,6099,156.0
11242,53.0,Male,Pune,99041,28.0,14.0,5.0,2.0,Grocery,5751,157.0
11243,53.0,Male,Bangalore,70970,79.0,49.0,1.0,4.0,Grocery,2531,18.0
11244,43.0,Female,Pune,73255,14.0,40.0,12.0,3.0,Grocery,3680,87.0
11245,60.0,Male,Pune,570450,46.0,21.0,19.0,13.0,Home Decor,16476,73.0
11246,44.0,Female,Mumbai,91577,87.0,39.0,10.0,11.0,Home Decor,5707,107.0
11247,22.0,Female,Delhi,39274,13.0,38.0,12.0,6.0,Fashion,3168,6.0
11248,37.0,Male,Hyderabad,93723,16.0,40.0,19.0,12.0,Fashion,2922,144.0
11249,28.0,Female,Mumbai,101070,94.0,40.0,16.0,12.0,Electronics,2654,129.0
11250,27.0,Female,Hyderabad,110442,40.0,10.0,17.0,5.0,Home Decor,1255,22.0
11251,57.0,Male,Pune,59962,72.0,3.0,13.0,5.0,Fashion,6256,46.0
11252,55.0,Female,Hyderabad,58138,81.0,6.0,7.0,10.0,Grocery,5165,151.0
11253,23.0,Female,Delhi,46454,30.0,20.0,3.0,7.0,Grocery,6578,149.0
11254,25.0,Female,Mumbai,77703,81.0,6.0,5.0,7.0,Electronics,3571,51.0
11255,40.0,Male,Delhi,88321,99.0,3.0,4.0,9.0,Electronics,3508,128.0
11256,,,,57166,,,,,,5685,
11257,43.0,Male,Mumbai,66454,58.0,26.0,17.0,3.0,Grocery,6778,38.0
11258,63.0,Female,Delhi,18657,88.0,16.0,12.0,2.0,Electronics,6969,156.0
11259,60.0,Female,Bangalore,107736,48.0,19.0,14.0,1.0,Electronics,2768,44.0
11260,29.0,Female,Bangalore,30875,49.0,30.0,4.0,10.0,Home Decor,6892,91.0
11261,43.0,Female,Bangalore,79369,89.0,25.0,17.0,6.0,Fashion,8008,167.0
11262,30.0,Male,Hyderabad,75956,2.0,30.0,11.0,13.0,Electronics,5843,170.0
11263,57.0,Male,Delhi,71145,89.0,34.0,6.0,13.0,Fashion,7315,42.0
11264,35.0,Female,Mumbai,71719,14.0,8.0,4.0,4.0,Grocery,6046,60.0
11265,42.0,Female,Mumbai,44705,97.0,4.0,13.0,3.0,Fashion,2757,126.0
11266,50.0,Female,Hyderabad,61798,17.0,47.0,15.0,11.0,Electronics,6868,57.0
11267,64.0,Female,Mumbai,94223,31.0,7.0,18.0,11.0,Home Decor,5776,77.0
11268,57.0,Female,Bangalore,101628,10.0,20.0,17.0,2.0,Fashion,2959,96.0
11269,60.0,Female,Delhi,59477,70.0,15.0,19.0,2.0,Fashion,3864,7.0
11270,29.0,Female,Mumbai,30989,89.0,15.0,10.0,11.0,Grocery,5824,51.0
11271,61.0,Female,Mumbai,50533,37.0,17.0,5.0,4.0,Home Decor,9794,111.0
11272,53.0,Male,Pune,116317,64.0,46.0,12.0,1.0,Fashion,8599,32.0
11273,65.0,Male,Pune,52021,30.0,27.0,15.0,6.0,Home Decor,1000,7.0
11274,21.0,Male,Pune,67569,34.0,17.0,4.0,10.0,Electronics,5001,76.0
11275,22.0,Female,Delhi,105397,18.0,13.0,8.0,11.0,Home Decor,7977,168.0
11276,54.0,Female,Bangalore,56827,88.0,47.0,17.0,5.0,Electronics,4192,143.0
11277,25.0,Female,Bangalore,65861,63.0,36.0,6.0,10.0,Grocery,3989,59.0
11278,59.0,Male,Bangalore,89862,49.0,39.0,16.0,9.0,Grocery,3922,113.0
11279,66.0,Female,Delhi,112795,56.0,15.0,5.0,2.0,Grocery,6689,85.0
11280,45.0,Male,Delhi,53861,91.0,20.0,14.0,9.0,Electronics,5768,140.0
11281,48.0,Female,Pune,104802,58.0,0.0,2.0,9.0,Fashion,6066,77.0
11282,26.0,Male,Mumbai,62961,27.0,10.0,17.0,10.0,Electronics,4606,170.0
11283,68.0,Male,Hyderabad,47851,55.0,10.0,6.0,9.0,Home Decor,8498,39.0
11284,46.0,Male,Hyderabad,76238,85.0,1.0,11.0,10.0,Home Decor,4373,63.0
11285,31.0,Female,Mumbai,41060,19.0,31.0,2.0,10.0,Electronics,6759,130.0
11286,57.0,Male,Pune,81800,23.0,18.0,1.0,4.0,Grocery,848,29.0
11287,58.0,Female,Mumbai,148741,47.0,4.0,5.0,5.0,Grocery,4923,61.0
11288,39.0,Female,Mumbai,97640,79.0,2.0,8.0,8.0,Home Decor,4060,29.0
11289,28.0,Female,Hyderabad,67377,66.0,27.0,4.0,14.0,Home Decor,5206,38.0
11290,40.0,Female,Pune,96305,99.0,25.0,19.0,8.0,Fashion,1752,7.0
11291,18.0,Female,Delhi,46711,51.0,22.0,5.0,1.0,Fashion,8270,30.0
11292,63.0,Male,Hyderabad,50908,84.0,29.0,5.0,10.0,Fashion,5333,115.0
11293,54.0,Female,Delhi,68070,28.0,7.0,16.0,1.0,Home Decor,9498,164.0
11294,38.0,Female,Pune,72194,57.0,35.0,18.0,10.0,Fashion,6568,170.0
11295,43.0,Female,Mumbai,37667,58.0,28.0,11.0,6.0,Home Decor,5529,4.0
11296,,,,62338,,,,,,5032,
11297,53.0,Female,Bangalore,66385,16.0,24.0,3.0,2.0,Electronics,6329,46.0
11298,40.0,Male,Pune,108549,97.0,21.0,18.0,2.0,Fashion,6516,75.0
11299,18.0,Male,Bangalore,37666,47.0,45.0,4.0,5.0,Electronics,6009,130.0
11300,68.0,Female,Delhi,35348,63.0,32.0,19.0,9.0,Electronics,9526,105.0
11301,57.0,Male,Bangalore,74392,12.0,36.0,9.0,5.0,Fashion,7314,54.0
11302,32.0,Male,Pune,98771,43.0,6.0,5.0,8.0,Home Decor,3734,108.0
11303,38.0,Female,Pune,83789,84.0,22.0,4.0,8.0,Home Decor,3412,59.0
11304,64.0,Male,Delhi,77566,29.0,5.0,16.0,5.0,Home Decor,5885,33.0
11305,26.0,Female,Bangalore,62784,49.0,14.0,10.0,8.0,Fashion,5373,22.0
11306,26.0,Male,Bangalore,86902,3.0,14.0,9.0,8.0,Home Decor,5556,47.0
11307,27.0,Male,Mumbai,90672,69.0,39.0,16.0,5.0,Electronics,1755,134.0
11308,69.0,Male,Hyderabad,63567,60.0,33.0,17.0,5.0,Grocery,6782,24.0
11309,43.0,Female,Pune,46284,66.0,13.0,18.0,4.0,Fashion,4252,177.0
11310,58.0,Male,Mumbai,46446,87.0,28.0,15.0,1.0,Grocery,9452,117.0
11311,52.0,Male,Pune,91968,90.0,15.0,9.0,9.0,Electronics,5470,126.0
11312,69.0,Female,Mumbai,31393,26.0,28.0,6.0,2.0,Grocery,4779,51.0
11313,42.0,Female,Hyderabad,111926,71.0,22.0,6.0,1.0,Electronics,5984,118.0
11314,43.0,Male,Mumbai,58596,74.0,9.0,11.0,6.0,Grocery,3686,41.0
11315,28.0,Female,Pune,77738,69.0,46.0,3.0,5.0,Grocery,8352,67.0
11316,55.0,Male,Bangalore,87542,47.0,3.0,12.0,11.0,Home Decor,9749,89.0
11317,19.0,Male,Pune,52907,76.0,11.0,15.0,1.0,Grocery,6463,92.0
11318,24.0,Female,Delhi,58502,96.0,41.0,7.0,7.0,Electronics,6334,121.0
11319,35.0,Female,Delhi,73299,42.0,33.0,18.0,7.0,Electronics,3824,81.0
11320,44.0,Female,Delhi,48656,31.0,3.0,15.0,3.0,Electronics,4982,130.0
11321,51.0,Male,Delhi,43308,22.0,19.0,8.0,8.0,Fashion,6088,91.0
11322,,,,45555,,,,,,2703,
11323,34.0,Male,Bangalore,100228,84.0,27.0,15.0,4.0,Fashion,8155,78.0
11324,60.0,Female,Bangalore,79948,20.0,5.0,16.0,10.0,Electronics,1931,43.0
11325,61.0,Male,Pune,50170,8.0,13.0,3.0,10.0,Fashion,861,123.0
11326,68.0,Female,Mumbai,91818,98.0,34.0,5.0,10.0,Grocery,8486,32.0
11327,41.0,Male,Pune,257780,49.0,46.0,3.0,12.0,Grocery,26228,140.0
11328,42.0,Female,Pune,21239,87.0,0.0,2.0,13.0,Electronics,3113,23.0
11329,24.0,Male,Pune,87420,38.0,18.0,2.0,3.0,Fashion,5311,144.0
11330,69.0,Female,Pune,111155,53.0,0.0,4.0,1.0,Home Decor,5472,172.0
11331,23.0,Female,Bangalore,83950,28.0,12.0,3.0,13.0,Home Decor,5206,2.0
11332,41.0,Male,Mumbai,22816,77.0,7.0,9.0,2.0,Home Decor,2933,7.0
11333,50.0,Female,Pune,69411,29.0,17.0,12.0,2.0,Grocery,5631,21.0
11334,66.0,Male,Bangalore,63135,72.0,34.0,9.0,13.0,Grocery,7328,95.0
11335,46.0,Male,Pune,79455,11.0,22.0,19.0,11.0,Fashion,1546,151.0
11336,,,,48818,,,,,,4031,
11337,39.0,Male,Pune,61663,45.0,25.0,16.0,4.0,Grocery,2678,121.0
11338,43.0,Female,Pune,34497,18.0,40.0,1.0,2.0,Electronics,3473,25.0
11339,,,,75544,,,,,,5757,
11340,67.0,Male,Delhi,35427,89.0,19.0,10.0,9.0,Home Decor,2407,173.0
11341,38.0,Female,Mumbai,80935,49.0,1.0,4.0,7.0,Electronics,8472,135.0
11342,66.0,Male,Pune,51236,22.0,25.0,11.0,8.0,Fashion,5138,32.0
11343,24.0,Male,Mumbai,-8535,45.0,35.0,11.0,8.0,Home Decor,4226,53.0
11344,34.0,Female,Delhi,89843,61.0,24.0,11.0,2.0,Fashion,1207,69.0
11345,37.0,Female,Pune,82351,99.0,29.0,6.0,5.0,Home Decor,5283,25.0
11346,58.0,Male,Hyderabad,103823,93.0,17.0,15.0,3.0,Grocery,5110,95.0
11347,66.0,Male,Bangalore,17747,21.0,6.0,2.0,10.0,Home Decor,2350,86.0
11348,37.0,Female,Hyderabad,53636,71.0,26.0,3.0,9.0,Fashion,3015,102.0
11349,39.0,Female,Hyderabad,73289,61.0,10.0,5.0,9.0,Grocery,8442,77.0
11350,45.0,Female,Bangalore,84292,76.0,36.0,11.0,6.0,Home Decor,4220,130.0
11351,57.0,Female,Bangalore,33427,36.0,7.0,12.0,13.0,Grocery,5087,86.0
11352,66.0,Male,Bangalore,80786,24.0,10.0,3.0,4.0,Grocery,6105,61.0
11353,24.0,Female,Pune,55705,32.0,23.0,9.0,8.0,Home Decor,4691,137.0
11354,18.0,Male,Mumbai,23623,91.0,29.0,3.0,5.0,Electronics,7706,51.0
11355,49.0,Male,Mumbai,51232,96.0,29.0,2.0,3.0,Electronics,3536,2.0
11356,30.0,Female,Bangalore,82859,59.0,14.0,6.0,13.0,Fashion,4148,173.0
11357,47.0,Male,Hyderabad,24667,96.0,34.0,6.0,11.0,Fashion,4176,32.0
11358,40.0,Female,Delhi,85926,96.0,38.0,17.0,14.0,Home Decor,3412,80.0
11359,68.0,Male,Bangalore,77084,90.0,23.0,8.0,8.0,Grocery,3244,97.0
11360,36.0,Female,Hyderabad,63653,75.0,7.0,1.0,14.0,Grocery,5058,75.0
11361,49.0,Male,Hyderabad,29120,82.0,42.0,8.0,14.0,Electronics,7699,160.0
11362,47.0,Male,Pune,31126,5.0,41.0,15.0,12.0,Electronics,2643,8.0
11363,46.0,Female,Pune,60037,16.0,19.0,18.0,6.0,Grocery,4623,85.0
11364,66.0,Female,Mumbai,41876,11.0,40.0,13.0,5.0,Grocery,6526,121.0
11365,62.0,Male,Mumbai,61656,35.0,46.0,8.0,1.0,Fashion,8958,20.0
11366,46.0,Male,Delhi,92654,75.0,25.0,18.0,3.0,Grocery,6878,149.0
11367,47.0,Female,Delhi,63174,42.0,23.0,13.0,7.0,Grocery,4587,7.0
11368,33.0,Male,Delhi,62488,87.0,21.0,14.0,3.0,Home Decor,3878,121.0
11369,57.0,Female,Delhi,62508,98.0,4.0,15.0,1.0,Grocery,7258,122.0
11370,36.0,Male,Hyderabad,95335,81.0,14.0,6.0,8.0,Electronics,6765,137.0
11371,,,,511670,,,,,,20128,
11372,18.0,Male,Mumbai,80548,82.0,36.0,7.0,5.0,Fashion,4584,130.0
11373,31.0,Female,Pune,73414,8.0,28.0,1.0,12.0,Fashion,9034,147.0
11374,68.0,Female,Pune,75739,26.0,14.0,15.0,10.0,Home Decor,8727,60.0
11375,64.0,Male,Bangalore,105698,3.0,26.0,6.0,5.0,Fashion,5783,69.0
11376,,,,81906,,,,,,5412,
11377,19.0,Male,Delhi,540300,88.0,7.0,12.0,7.0,Grocery,10808,62.0
11378,45.0,Female,Delhi,59522,3.0,28.0,3.0,13.0,Home Decor,5089,138.0
11379,66.0,Female,Bangalore,36610,38.0,18.0,14.0,3.0,Electronics,7416,123.0
11380,67.0,Female,Pune,53273,2.0,30.0,6.0,11.0,Grocery,1137,26.0
11381,47.0,Male,Delhi,55930,99.0,8.0,4.0,12.0,Grocery,6204,18.0
11382,55.0,Female,Pune,110113,17.0,9.0,15.0,14.0,Home Decor,6376,59.0
11383,68.0,Male,Bangalore,88410,73.0,36.0,17.0,12.0,Electronics,6381,149.0
11384,21.0,Female,Pune,54063,36.0,9.0,5.0,4.0,Fashion,3693,46.0
11385,18.0,Male,Pune,90210,86.0,32.0,6.0,1.0,Grocery,4355,12.0
11386,25.0,Male,Pune,66760,95.0,24.0,10.0,7.0,Electronics,3759,113.0
11387,46.0,Male,Delhi,110863,98.0,3.0,9.0,10.0,Home Decor,8978,160.0
11388,56.0,Female,Mumbai,61657,88.0,4.0,4.0,2.0,Home Decor,8115,167.0
11389,20.0,Male,Hyderabad,31527,73.0,22.0,9.0,7.0,Electronics,5745,55.0
11390,49.0,Female,Pune,65331,2.0,38.0,8.0,6.0,Home Decor,5066,10.0
11391,27.0,Male,Pune,61671,85.0,4.0,3.0,4.0,Fashion,4984,35.0
11392,27.0,Male,Pune,36419,34.0,7.0,1.0,11.0,Electronics,4373,80.0
11393,36.0,Male,Mumbai,84647,27.0,16.0,5.0,2.0,Fashion,1241,6.0
11394,63.0,Male,Bangalore,105617,37.0,0.0,3.0,7.0,Home Decor,5080,127.0
11395,51.0,Female,Delhi,41937,71.0,49.0,4.0,7.0,Fashion,9055,68.0
11396,50.0,Male,Mumbai,94317,22.0,11.0,19.0,5.0,Fashion,5586,9.0
11397,40.0,Male,Pune,54834,68.0,34.0,15.0,9.0,Fashion,3763,157.0
11398,45.0,Female,Mumbai,69382,14.0,13.0,19.0,3.0,Fashion,5518,71.0
11399,49.0,Male,Mumbai,66755,98.0,47.0,16.0,9.0,Electronics,4558,134.0
11400,67.0,Male,Mumbai,69382,23.0,17.0,8.0,5.0,Home Decor,3008,44.0
11401,24.0,Male,Bangalore,81827,44.0,9.0,14.0,2.0,Home Decor,2760,64.0
11402,46.0,Male,Hyderabad,44395,89.0,14.0,5.0,9.0,Grocery,5072,67.0
11403,25.0,Female,Delhi,102332,65.0,41.0,1.0,14.0,Fashion,2077,44.0
11404,18.0,Female,Bangalore,82588,79.0,32.0,19.0,1.0,Fashion,5033,116.0
11405,20.0,Male,Bangalore,90889,96.0,18.0,5.0,1.0,Grocery,4829,142.0
11406,41.0,Female,Hyderabad,50498,78.0,33.0,3.0,13.0,Grocery,6440,137.0
11407,,,,42130,,,,,,4679,
11408,25.0,Male,Mumbai,99567,85.0,24.0,7.0,3.0,Home Decor,2896,57.0
11409,64.0,Female,Mumbai,41056,55.0,15.0,17.0,8.0,Grocery,5308,57.0
11410,54.0,Male,Pune,73732,71.0,7.0,13.0,7.0,Fashion,7088,143.0
11411,20.0,Female,Bangalore,95474,100.0,34.0,14.0,11.0,Home Decor,3943,7.0
11412,68.0,Female,Pune,66829,85.0,20.0,12.0,13.0,Electronics,8212,148.0
11413,50.0,Female,Delhi,99251,50.0,18.0,11.0,7.0,Grocery,5230,19.0
11414,,,,63211,,,,,,4284,
11415,64.0,Female,Delhi,38064,79.0,10.0,3.0,1.0,Home Decor,3748,179.0
11416,25.0,Male,Hyderabad,79354,15.0,43.0,12.0,12.0,Electronics,5391,39.0
11417,51.0,Male,Mumbai,74957,17.0,10.0,9.0,14.0,Home Decor,4813,71.0
11418,,,,137199,,,,,,2428,
11419,49.0,Male,Hyderabad,46372,35.0,21.0,14.0,2.0,Electronics,8183,102.0
11420,,,,63703,,,,,,4327,
11421,31.0,Male,Hyderabad,51728,78.0,26.0,3.0,5.0,Grocery,8166,11.0
11422,49.0,Male,Hyderabad,66437,55.0,17.0,12.0,9.0,Home Decor,2816,162.0
11423,63.0,Female,Mumbai,65429,59.0,41.0,12.0,7.0,Home Decor,6923,31.0
11424,60.0,Female,Pune,48192,5.0,47.0,7.0,14.0,Home Decor,7711,166.0
11425,33.0,Female,Hyderabad,81705,30.0,39.0,1.0,2.0,Home Decor,7545,118.0
11426,21.0,Female,Hyderabad,64646,4.0,37.0,3.0,5.0,Home Decor,5800,114.0
11427,69.0,Male,Mumbai,103637,15.0,29.0,11.0,5.0,Grocery,6992,174.0
11428,54.0,Male,Pune,53786,35.0,44.0,13.0,8.0,Electronics,5936,140.0
11429,38.0,Male,Bangalore,116534,74.0,46.0,10.0,9.0,Home Decor,2938,9.0
11430,31.0,Female,Bangalore,76896,55.0,44.0,19.0,8.0,Home Decor,5826,141.0
11431,48.0,Male,Pune,101783,66.0,32.0,4.0,14.0,Fashion,2818,20.0
11432,65.0,Female,Delhi,72886,60.0,20.0,5.0,13.0,Fashion,2549,59.0
11433,35.0,Male,Mumbai,50483,24.0,1.0,11.0,2.0,Electronics,5559,85.0
11434,24.0,Female,Pune,63411,92.0,12.0,9.0,4.0,Grocery,3818,150.0
11435,27.0,Male,Bangalore,35330,22.0,1.0,13.0,2.0,Grocery,8179,65.0
11436,24.0,Male,Hyderabad,67211,44.0,42.0,17.0,6.0,Electronics,8369,60.0
11437,50.0,Female,Bangalore,74302,32.0,44.0,15.0,4.0,Electronics,10476,125.0
11438,40.0,Male,Hyderabad,71143,95.0,30.0,13.0,7.0,Electronics,2271,41.0
11439,38.0,Female,Mumbai,103253,83.0,9.0,11.0,13.0,Home Decor,2739,81.0
11440,36.0,Male,Hyderabad,66271,51.0,22.0,1.0,2.0,Grocery,6737,173.0
11441,65.0,Male,Pune,22650,85.0,21.0,8.0,9.0,Electronics,4367,4.0
11442,36.0,Female,Hyderabad,158601,3.0,46.0,5.0,14.0,Fashion,3553,70.0
11443,53.0,Female,Delhi,52734,70.0,28.0,16.0,5.0,Home Decor,4233,173.0
11444,46.0,Male,Pune,94218,32.0,32.0,4.0,1.0,Home Decor,4855,83.0
11445,35.0,Male,Mumbai,32393,2.0,30.0,19.0,12.0,Home Decor,6324,94.0
11446,19.0,Male,Pune,76130,88.0,13.0,18.0,11.0,Home Decor,1373,151.0
11447,18.0,Male,Delhi,50136,59.0,9.0,2.0,3.0,Electronics,5816,160.0
11448,64.0,Male,Mumbai,-565,91.0,17.0,13.0,4.0,Home Decor,4616,63.0
11449,22.0,Male,Bangalore,62929,73.0,10.0,16.0,3.0,Fashion,3414,8.0
11450,37.0,Female,Delhi,68748,77.0,38.0,8.0,6.0,Fashion,7777,120.0
11451,28.0,Female,Mumbai,64527,14.0,46.0,19.0,13.0,Electronics,4140,85.0
11452,59.0,Female,Hyderabad,76077,51.0,2.0,3.0,13.0,Home Decor,4313,91.0
11453,19.0,Male,Pune,63262,11.0,1.0,19.0,6.0,Fashion,4441,153.0
11454,20.0,Male,Mumbai,71728,78.0,7.0,17.0,10.0,Grocery,8122,161.0
11455,40.0,Male,Pune,74252,80.0,30.0,9.0,13.0,Home Decor,5217,116.0
11456,29.0,Female,Hyderabad,69120,10.0,7.0,17.0,11.0,Electronics,4861,106.0
11457,37.0,Female,Mumbai,65730,84.0,42.0,1.0,7.0,Grocery,6767,144.0
11458,22.0,Male,Bangalore,47658,80.0,47.0,4.0,14.0,Home Decor,533,164.0
11459,54.0,Male,Delhi,84861,58.0,1.0,15.0,9.0,Grocery,5405,72.0
11460,55.0,Female,Mumbai,62925,34.0,21.0,12.0,10.0,Home Decor,5435,80.0
11461,47.0,Female,Hyderabad,60904,80.0,4.0,17.0,9.0,Home Decor,6654,7.0
11462,26.0,Female,Mumbai,82807,78.0,6.0,12.0,7.0,Fashion,5587,69.0
11463,51.0,Male,Pune,75298,53.0,19.0,16.0,11.0,Grocery,2740,87.0
11464,61.0,Male,Mumbai,52544,28.0,27.0,13.0,1.0,Grocery,1682,8.0
11465,52.0,Male,Bangalore,101266,18.0,12.0,11.0,3.0,Electronics,6275,131.0
11466,69.0,Female,Mumbai,40269,26.0,1.0,15.0,5.0,Electronics,4017,163.0
11467,39.0,Female,Delhi,44213,7.0,31.0,16.0,10.0,Grocery,4342,114.0
11468,61.0,Male,Mumbai,86708,45.0,25.0,6.0,12.0,Fashion,3285,36.0
11469,41.0,Male,Pune,113778,98.0,2.0,11.0,11.0,Fashion,5027,100.0
11470,34.0,Female,Mumbai,55564,45.0,40.0,15.0,6.0,Home Decor,4855,79.0
11471,27.0,Male,Bangalore,80320,71.0,41.0,5.0,6.0,Electronics,2556,30.0
11472,47.0,Female,Hyderabad,40190,97.0,12.0,3.0,5.0,Electronics,6541,15.0
11473,63.0,Female,Mumbai,46775,35.0,20.0,2.0,6.0,Electronics,3572,87.0
11474,40.0,Male,Mumbai,98304,52.0,44.0,1.0,9.0,Home Decor,7852,58.0
11475,49.0,Female,Delhi,79144,21.0,36.0,15.0,13.0,Fashion,5423,156.0
11476,34.0,Male,Bangalore,99080,28.0,22.0,2.0,14.0,Electronics,4825,170.0
11477,67.0,Female,Hyderabad,97157,96.0,6.0,6.0,1.0,Home Decor,1982,97.0
11478,68.0,Female,Pune,17761,44.0,16.0,12.0,1.0,Grocery,6080,146.0
11479,34.0,Male,Mumbai,40101,80.0,27.0,16.0,9.0,Fashion,4920,133.0
11480,31.0,Female,Hyderabad,76861,56.0,46.0,14.0,14.0,Grocery,5342,137.0
11481,26.0,Male,Pune,27572,10.0,29.0,4.0,8.0,Electronics,7633,102.0
11482,57.0,Male,Bangalore,43642,23.0,4.0,8.0,9.0,Home Decor,6739,115.0
11483,19.0,Female,Bangalore,105674,48.0,23.0,12.0,7.0,Fashion,7229,137.0
11484,62.0,Male,Hyderabad,56460,52.0,6.0,14.0,10.0,Electronics,176,18.0
11485,42.0,Male,Pune,87757,15.0,33.0,13.0,6.0,Fashion,4581,143.0
11486,56.0,Male,Bangalore,69295,55.0,49.0,5.0,9.0,Home Decor,1816,78.0
11487,26.0,Male,Hyderabad,53001,43.0,41.0,12.0,2.0,Home Decor,5944,62.0
11488,39.0,Male,Bangalore,28394,50.0,32.0,10.0,4.0,Electronics,1235,163.0
11489,60.0,Male,Bangalore,75832,6.0,26.0,19.0,2.0,Fashion,7106,40.0
11490,63.0,Female,Bangalore,106365,33.0,13.0,13.0,14.0,Home Decor,8139,179.0
11491,21.0,Male,Delhi,53711,62.0,18.0,9.0,6.0,Fashion,4632,124.0
11492,43.0,Female,Pune,71714,55.0,47.0,11.0,1.0,Fashion,5684,60.0
11493,46.0,Female,Hyderabad,32005,39.0,37.0,5.0,7.0,Grocery,8104,56.0
11494,62.0,Male,Hyderabad,53195,12.0,11.0,13.0,7.0,Electronics,9176,84.0
11495,51.0,Female,Pune,78522,100.0,2.0,10.0,7.0,Electronics,8372,41.0
11496,40.0,Female,Pune,88592,31.0,6.0,18.0,14.0,Fashion,6077,17.0
11497,54.0,Male,Pune,83898,74.0,34.0,15.0,4.0,Grocery,8227,105.0
11498,28.0,Male,Pune,19211,53.0,24.0,12.0,8.0,Fashion,3068,25.0
11499,23.0,Male,Mumbai,58576,34.0,48.0,4.0,5.0,Electronics,3631,126.0
11500,35.0,Female,Hyderabad,45817,41.0,14.0,5.0,2.0,Electronics,6871,93.0
11501,38.0,Female,Mumbai,62274,10.0,18.0,8.0,5.0,Fashion,5054,137.0
11502,,,,67220,,,,,,6349,
11503,53.0,Male,Bangalore,483290,75.0,22.0,1.0,10.0,Fashion,27324,118.0
11504,58.0,Female,Hyderabad,77380,57.0,10.0,18.0,9.0,Electronics,6861,2.0
11505,55.0,Female,Bangalore,105445,78.0,20.0,19.0,10.0,Fashion,1296,45.0
11506,51.0,Female,Pune,52512,3.0,33.0,19.0,1.0,Fashion,6362,119.0
11507,34.0,Female,Mumbai,34573,57.0,38.0,10.0,11.0,Home Decor,3736,166.0
11508,54.0,Male,Pune,106381,33.0,6.0,9.0,2.0,Electronics,5511,134.0
11509,42.0,Female,Bangalore,80836,7.0,41.0,1.0,10.0,Fashion,4110,176.0
11510,55.0,Female,Mumbai,51418,4.0,43.0,3.0,8.0,Grocery,4154,172.0
11511,29.0,Female,Pune,80945,39.0,26.0,13.0,13.0,Electronics,3759,7.0
11512,40.0,Female,Hyderabad,90881,48.0,49.0,6.0,5.0,Fashion,6518,66.0
11513,59.0,Male,Pune,72979,74.0,22.0,6.0,12.0,Fashion,4664,158.0
11514,39.0,Male,Bangalore,51774,79.0,37.0,18.0,9.0,Home Decor,4501,76.0
11515,38.0,Female,Mumbai,58968,16.0,19.0,5.0,6.0,Home Decor,4335,52.0
11516,44.0,Female,Hyderabad,77265,38.0,26.0,17.0,13.0,Electronics,6174,94.0
11517,48.0,Male,Mumbai,74972,4.0,7.0,3.0,8.0,Home Decor,3290,36.0
11518,23.0,Male,Hyderabad,100306,4.0,36.0,5.0,12.0,Home Decor,8179,35.0
11519,44.0,Female,Mumbai,63102,100.0,2.0,3.0,1.0,Electronics,3689,66.0
11520,57.0,Female,Bangalore,45905,27.0,1.0,13.0,9.0,Grocery,4124,178.0
11521,51.0,Male,Hyderabad,134426,86.0,21.0,15.0,9.0,Fashion,5042,131.0
11522,29.0,Male,Delhi,74362,86.0,5.0,17.0,3.0,Fashion,5947,106.0
11523,62.0,Male,Mumbai,90856,17.0,38.0,15.0,1.0,Home Decor,4632,76.0
11524,24.0,Male,Mumbai,83046,98.0,39.0,5.0,8.0,Fashion,4530,4.0
11525,27.0,Male,Pune,74664,96.0,35.0,14.0,8.0,Home Decor,7164,55.0
11526,62.0,Male,Hyderabad,64306,70.0,43.0,11.0,12.0,Electronics,456,20.0
11527,34.0,Female,Delhi,-95,54.0,23.0,14.0,9.0,Electronics,3847,19.0
11528,43.0,Male,Bangalore,43419,97.0,11.0,7.0,14.0,Electronics,3349,136.0
11529,38.0,Male,Pune,78227,8.0,16.0,3.0,6.0,Fashion,4189,27.0
11530,45.0,Male,Delhi,2025,53.0,21.0,10.0,9.0,Home Decor,7785,136.0
11531,63.0,Male,Hyderabad,71790,100.0,18.0,11.0,12.0,Home Decor,3634,18.0
11532,19.0,Female,Delhi,86530,5.0,8.0,6.0,10.0,Fashion,4811,29.0
11533,60.0,Female,Mumbai,90831,69.0,11.0,5.0,9.0,Electronics,6095,46.0
11534,18.0,Male,Mumbai,84953,47.0,31.0,13.0,12.0,Grocery,3432,164.0
11535,68.0,Female,Pune,93959,74.0,30.0,12.0,13.0,Home Decor,425,131.0
11536,53.0,Female,Hyderabad,110140,40.0,16.0,19.0,4.0,Home Decor,-116,137.0
11537,68.0,Female,Hyderabad,97402,7.0,22.0,19.0,11.0,Fashion,7664,138.0
11538,43.0,Female,Delhi,74920,12.0,9.0,5.0,5.0,Grocery,5906,84.0
11539,46.0,Female,Pune,66634,94.0,29.0,9.0,6.0,Electronics,4344,1.0
11540,38.0,Female,Hyderabad,72865,25.0,18.0,4.0,6.0,Home Decor,4315,132.0
11541,28.0,Male,Mumbai,63112,28.0,25.0,15.0,10.0,Fashion,3299,176.0
11542,57.0,Male,Delhi,97939,43.0,25.0,3.0,2.0,Grocery,5322,101.0
11543,28.0,Male,Bangalore,84302,77.0,10.0,7.0,4.0,Fashion,6446,96.0
11544,53.0,Male,Mumbai,60473,47.0,19.0,14.0,12.0,Grocery,3209,18.0
11545,66.0,Male,Pune,103102,49.0,44.0,14.0,9.0,Fashion,5516,78.0
11546,56.0,Female,Hyderabad,62703,86.0,3.0,9.0,7.0,Grocery,3272,45.0
11547,57.0,Male,Mumbai,46355,54.0,46.0,3.0,9.0,Home Decor,4817,112.0
11548,52.0,Male,Bangalore,69731,18.0,11.0,9.0,6.0,Grocery,3877,15.0
11549,51.0,Female,Bangalore,49396,27.0,24.0,4.0,11.0,Electronics,6818,179.0
11550,64.0,Female,Pune,93405,72.0,9.0,17.0,7.0,Home Decor,5015,4.0
11551,41.0,Male,Mumbai,48864,6.0,21.0,6.0,9.0,Electronics,2697,147.0
11552,39.0,Female,Delhi,67115,75.0,6.0,16.0,14.0,Home Decor,4834,88.0
11553,22.0,Female,Mumbai,93492,93.0,23.0,18.0,12.0,Grocery,6974,94.0
11554,,,,52194,,,,,,2584,
11555,53.0,Female,Pune,80278,71.0,31.0,7.0,9.0,Fashion,4449,139.0
11556,64.0,Male,Pune,45664,22.0,20.0,3.0,3.0,Grocery,4204,28.0
11557,37.0,Female,Delhi,76109,59.0,6.0,6.0,14.0,Fashion,5419,75.0
11558,36.0,Male,Pune,84181,47.0,7.0,3.0,12.0,Fashion,4575,54.0
11559,52.0,Male,Pune,68946,68.0,37.0,12.0,14.0,Fashion,5732,65.0
11560,69.0,Female,Pune,70838,32.0,20.0,5.0,11.0,Fashion,3567,47.0
11561,60.0,Female,Pune,81099,83.0,7.0,17.0,12.0,Electronics,4653,118.0
11562,34.0,Female,Pune,62987,97.0,24.0,10.0,14.0,Grocery,4588,4.0
11563,62.0,Male,Bangalore,92238,1.0,27.0,7.0,8.0,Fashion,8580,34.0
11564,60.0,Female,Mumbai,104278,54.0,27.0,4.0,3.0,Electronics,5625,76.0
11565,51.0,Female,Hyderabad,46855,46.0,30.0,10.0,3.0,Home Decor,6689,61.0
11566,26.0,Female,Pune,114176,41.0,35.0,7.0,3.0,Fashion,8682,101.0
11567,43.0,Female,Hyderabad,62412,41.0,24.0,11.0,9.0,Fashion,5503,93.0
11568,19.0,Female,Hyderabad,119858,8.0,40.0,8.0,10.0,Electronics,4541,102.0
11569,26.0,Male,Bangalore,62752,32.0,36.0,8.0,14.0,Home Decor,3025,113.0
11570,26.0,Female,Pune,87684,30.0,37.0,5.0,3.0,Home Decor,2533,83.0
11571,57.0,Female,Hyderabad,87550,46.0,11.0,5.0,6.0,Electronics,683,148.0
11572,34.0,Female,Pune,60317,92.0,36.0,7.0,11.0,Fashion,6769,131.0
11573,18.0,Male,Delhi,71815,52.0,36.0,4.0,14.0,Grocery,5915,40.0
11574,42.0,Female,Delhi,105997,96.0,30.0,2.0,4.0,Electronics,4534,151.0
11575,60.0,Male,Delhi,61945,89.0,17.0,19.0,14.0,Grocery,4483,69.0
11576,57.0,Male,Hyderabad,59561,98.0,25.0,2.0,2.0,Fashion,2999,32.0
11577,59.0,Female,Delhi,41163,61.0,5.0,16.0,12.0,Fashion,5991,24.0
11578,42.0,Female,Bangalore,109188,97.0,8.0,12.0,12.0,Home Decor,3796,113.0
11579,56.0,Female,Bangalore,57980,13.0,10.0,15.0,3.0,Fashion,4473,179.0
11580,52.0,Male,Hyderabad,99999,89.0,30.0,10.0,5.0,Home Decor,2779,115.0
11581,20.0,Male,Pune,54966,40.0,45.0,6.0,10.0,Home Decor,3128,170.0
11582,67.0,Male,Mumbai,99214,61.0,1.0,13.0,4.0,Fashion,6862,35.0
11583,54.0,Male,Pune,90166,44.0,28.0,6.0,5.0,Home Decor,7225,32.0
11584,61.0,Male,Pune,64289,62.0,45.0,2.0,13.0,Fashion,2525,45.0
11585,61.0,Male,Pune,51643,44.0,41.0,14.0,12.0,Home Decor,6188,176.0
11586,68.0,Female,Pune,53674,48.0,4.0,18.0,11.0,Home Decor,3520,108.0
11587,47.0,Female,Mumbai,53355,74.0,22.0,6.0,1.0,Fashion,4002,86.0
11588,55.0,Male,Delhi,96629,59.0,35.0,19.0,4.0,Grocery,7401,177.0
11589,51.0,Female,Pune,370025,57.0,6.0,14.0,11.0,Electronics,17708,34.0
11590,29.0,Female,Bangalore,42121,95.0,12.0,13.0,10.0,Fashion,4411,144.0
11591,,,,63696,,,,,,1716,
11592,54.0,Male,Hyderabad,66724,25.0,9.0,5.0,13.0,Electronics,4324,147.0
11593,61.0,Female,Bangalore,16525,61.0,35.0,13.0,2.0,Grocery,3748,92.0
11594,66.0,Male,Pune,65087,46.0,15.0,6.0,7.0,Fashion,5918,157.0
11595,34.0,Male,Mumbai,88079,54.0,14.0,19.0,10.0,Home Decor,3915,54.0
11596,27.0,Female,Delhi,66559,34.0,42.0,11.0,9.0,Home Decor,7447,76.0
11597,66.0,Male,Hyderabad,76360,84.0,18.0,16.0,1.0,Fashion,5792,160.0
11598,64.0,Female,Delhi,82112,7.0,20.0,5.0,12.0,Home Decor,5394,100.0
11599,29.0,Female,Mumbai,61434,97.0,34.0,12.0,7.0,Electronics,6405,116.0
11600,33.0,Female,Hyderabad,88268,62.0,14.0,17.0,11.0,Home Decor,5401,124.0
11601,,,,106437,,,,,,6454,
11602,36.0,Female,Mumbai,31903,99.0,13.0,10.0,1.0,Electronics,4705,56.0
11603,25.0,Male,Delhi,61378,93.0,28.0,15.0,5.0,Fashion,4823,63.0
11604,48.0,Male,Pune,128240,76.0,4.0,19.0,1.0,Home Decor,3390,132.0
11605,38.0,Male,Mumbai,74264,5.0,48.0,17.0,3.0,Electronics,3572,139.0
11606,34.0,Male,Delhi,69128,76.0,17.0,19.0,8.0,Home Decor,7600,131.0
11607,40.0,Female,Pune,63548,93.0,0.0,19.0,13.0,Electronics,5933,155.0
11608,54.0,Female,Pune,101860,35.0,26.0,13.0,4.0,Grocery,1921,111.0
11609,33.0,Male,Mumbai,46525,84.0,26.0,13.0,12.0,Fashion,7115,172.0
11610,23.0,Female,Bangalore,93154,37.0,24.0,16.0,1.0,Fashion,5250,146.0
11611,25.0,Male,Hyderabad,63081,60.0,40.0,3.0,1.0,Fashion,3414,158.0
11612,42.0,Male,Mumbai,51253,65.0,20.0,4.0,8.0,Electronics,8571,70.0
11613,35.0,Male,Pune,64222,16.0,13.0,7.0,14.0,Grocery,7517,175.0
11614,42.0,Female,Pune,68840,30.0,19.0,3.0,8.0,Electronics,6510,34.0
11615,29.0,Female,Mumbai,57556,73.0,27.0,9.0,4.0,Fashion,5317,119.0
11616,,,,97819,,,,,,5680,
11617,43.0,Female,Hyderabad,51447,61.0,22.0,18.0,10.0,Fashion,666,42.0
11618,58.0,Male,Delhi,73501,74.0,10.0,14.0,11.0,Home Decor,6496,23.0
11619,62.0,Female,Mumbai,83435,77.0,1.0,5.0,2.0,Electronics,5362,40.0
11620,43.0,Female,Hyderabad,73243,48.0,19.0,3.0,2.0,Home Decor,5484,15.0
11621,,,,89305,,,,,,5442,
11622,49.0,Male,Pune,59160,84.0,24.0,11.0,6.0,Fashion,4062,57.0
11623,27.0,Male,Delhi,85565,93.0,36.0,17.0,8.0,Home Decor,3101,111.0
11624,33.0,Female,Mumbai,86305,64.0,21.0,8.0,7.0,Electronics,5185,142.0
11625,24.0,Female,Pune,94203,57.0,23.0,9.0,7.0,Fashion,2333,140.0
11626,34.0,Female,Pune,22858,68.0,14.0,8.0,3.0,Electronics,5563,107.0
11627,40.0,Female,Bangalore,82726,46.0,11.0,2.0,12.0,Home Decor,2943,117.0
11628,43.0,Male,Hyderabad,92531,28.0,45.0,4.0,2.0,Electronics,6932,35.0
11629,38.0,Female,Mumbai,59713,77.0,30.0,16.0,10.0,Electronics,2147,153.0
11630,39.0,Female,Mumbai,56304,3.0,42.0,9.0,7.0,Home Decor,4912,78.0
11631,24.0,Female,Mumbai,52465,37.0,30.0,9.0,4.0,Fashion,5149,2.0
11632,31.0,Male,Pune,44199,48.0,29.0,5.0,1.0,Electronics,7438,18.0
11633,32.0,Male,Bangalore,86644,19.0,40.0,3.0,1.0,Electronics,5511,35.0
11634,24.0,Female,Delhi,127047,92.0,19.0,14.0,4.0,Grocery,3373,9.0
11635,26.0,Female,Pune,56099,83.0,7.0,15.0,5.0,Grocery,3216,139.0
11636,68.0,Female,Delhi,58336,17.0,43.0,6.0,5.0,Fashion,7893,67.0
11637,65.0,Female,Bangalore,70384,82.0,29.0,16.0,1.0,Home Decor,4925,69.0
11638,25.0,Female,Hyderabad,29950,82.0,34.0,10.0,3.0,Fashion,4611,105.0
11639,67.0,Male,Mumbai,52611,87.0,20.0,14.0,6.0,Fashion,3610,38.0
11640,40.0,Male,Delhi,68575,40.0,46.0,12.0,10.0,Fashion,2574,70.0
11641,46.0,Male,Pune,47651,50.0,39.0,9.0,7.0,Electronics,8801,81.0
11642,35.0,Female,Delhi,99936,73.0,27.0,19.0,11.0,Electronics,5126,66.0
11643,48.0,Male,Hyderabad,37654,29.0,38.0,12.0,1.0,Fashion,2798,41.0
11644,47.0,Male,Mumbai,92525,51.0,16.0,13.0,8.0,Fashion,6484,24.0
11645,69.0,Male,Delhi,106712,42.0,11.0,13.0,4.0,Grocery,6194,178.0
11646,56.0,Female,Hyderabad,79543,29.0,49.0,17.0,13.0,Home Decor,2501,5.0
11647,52.0,Female,Pune,66563,66.0,17.0,2.0,9.0,Fashion,3830,21.0
11648,,,,76157,,,,,,5917,
11649,59.0,Female,Pune,58985,31.0,27.0,8.0,11.0,Fashion,6450,132.0
11650,56.0,Male,Mumbai,19098,92.0,2.0,7.0,6.0,Home Decor,3475,9.0
11651,34.0,Male,Pune,45518,52.0,14.0,5.0,1.0,Fashion,1269,69.0
11652,31.0,Male,Pune,69720,39.0,15.0,19.0,2.0,Home Decor,5492,68.0
11653,48.0,Male,Pune,46482,60.0,21.0,3.0,3.0,Electronics,6713,126.0
11654,41.0,Female,Pune,59671,94.0,48.0,13.0,2.0,Home Decor,4883,137.0
11655,52.0,Female,Mumbai,81979,99.0,30.0,6.0,10.0,Fashion,4387,146.0
11656,61.0,Female,Hyderabad,73625,51.0,30.0,11.0,7.0,Grocery,8173,59.0
11657,62.0,Female,Delhi,96461,84.0,0.0,4.0,12.0,Electronics,976,171.0
11658,51.0,Male,Bangalore,77354,16.0,10.0,3.0,1.0,Grocery,6447,80.0
11659,20.0,Female,Delhi,78824,98.0,5.0,4.0,9.0,Fashion,6566,29.0
11660,54.0,Male,Delhi,52192,14.0,22.0,3.0,2.0,Electronics,3456,176.0
11661,60.0,Female,Bangalore,36722,90.0,8.0,13.0,4.0,Grocery,373,51.0
11662,57.0,Female,Mumbai,59676,84.0,15.0,15.0,8.0,Fashion,6515,170.0
11663,43.0,Female,Bangalore,51820,42.0,37.0,12.0,11.0,Grocery,5643,36.0
11664,40.0,Male,Mumbai,65830,51.0,43.0,15.0,3.0,Home Decor,7842,76.0
11665,61.0,Male,Delhi,43349,24.0,18.0,11.0,9.0,Home Decor,3870,105.0
11666,56.0,Male,Mumbai,91062,82.0,44.0,11.0,7.0,Fashion,5349,45.0
11667,32.0,Male,Hyderabad,51728,43.0,12.0,13.0,10.0,Grocery,1643,101.0
11668,66.0,Female,Bangalore,60905,73.0,31.0,12.0,12.0,Fashion,6446,163.0
11669,21.0,Male,Hyderabad,69495,19.0,35.0,6.0,12.0,Grocery,1936,104.0
11670,,,,98079,,,,,,4926,
11671,,,,113967,,,,,,2918,
11672,42.0,Female,Delhi,115686,94.0,45.0,3.0,5.0,Fashion,5675,36.0
11673,30.0,Male,Hyderabad,37955,63.0,48.0,16.0,5.0,Grocery,4622,144.0
11674,35.0,Female,Delhi,60671,26.0,36.0,9.0,10.0,Fashion,4543,22.0
11675,50.0,Male,Bangalore,55915,95.0,30.0,14.0,5.0,Electronics,4875,69.0
11676,33.0,Female,Bangalore,79257,35.0,30.0,3.0,12.0,Grocery,5064,69.0
11677,62.0,Male,Delhi,77732,67.0,18.0,3.0,13.0,Grocery,7811,63.0
11678,59.0,Male,Bangalore,55424,56.0,1.0,7.0,9.0,Grocery,5944,75.0
11679,61.0,Male,Bangalore,53451,40.0,44.0,19.0,9.0,Electronics,3632,107.0
11680,19.0,Male,Delhi,45064,29.0,31.0,3.0,6.0,Electronics,3790,19.0
11681,52.0,Male,Hyderabad,3645,6.0,42.0,1.0,11.0,Fashion,7027,102.0
11682,59.0,Female,Bangalore,37545,52.0,33.0,12.0,11.0,Grocery,2858,126.0
11683,51.0,Male,Bangalore,91669,1.0,0.0,6.0,7.0,Electronics,5024,127.0
11684,47.0,Male,Bangalore,106617,52.0,20.0,7.0,10.0,Home Decor,1623,146.0
11685,30.0,Male,Bangalore,103696,24.0,2.0,2.0,8.0,Fashion,4765,114.0
11686,30.0,Male,Delhi,92730,34.0,26.0,18.0,9.0,Electronics,2793,73.0
11687,35.0,Male,Hyderabad,44701,7.0,43.0,15.0,6.0,Electronics,3701,114.0
11688,49.0,Female,Hyderabad,40469,75.0,6.0,15.0,8.0,Electronics,5378,145.0
11689,49.0,Female,Mumbai,24724,11.0,32.0,10.0,2.0,Fashion,6210,41.0
11690,52.0,Male,Bangalore,55420,36.0,8.0,17.0,10.0,Electronics,3570,161.0
11691,56.0,Female,Bangalore,72177,20.0,29.0,18.0,8.0,Electronics,7244,82.0
11692,63.0,Male,Mumbai,44805,63.0,17.0,18.0,13.0,Home Decor,2630,152.0
11693,69.0,Female,Hyderabad,80777,80.0,25.0,15.0,11.0,Home Decor,6565,77.0
11694,46.0,Female,Pune,86296,63.0,19.0,6.0,2.0,Home Decor,4164,168.0
11695,66.0,Male,Pune,58137,69.0,37.0,9.0,8.0,Electronics,6911,28.0
11696,46.0,Female,Hyderabad,36499,88.0,40.0,11.0,2.0,Home Decor,4162,110.0
11697,61.0,Female,Bangalore,104523,30.0,30.0,15.0,3.0,Grocery,3609,167.0
11698,33.0,Male,Pune,70878,30.0,7.0,3.0,7.0,Home Decor,6218,21.0
11699,61.0,Male,Delhi,118530,97.0,22.0,19.0,11.0,Home Decor,5882,165.0
11700,64.0,Female,Delhi,72309,84.0,49.0,1.0,9.0,Electronics,3917,130.0
11701,27.0,Female,Mumbai,74055,22.0,24.0,17.0,3.0,Grocery,6083,6.0
11702,47.0,Female,Hyderabad,45887,61.0,46.0,11.0,5.0,Home Decor,4735,52.0
11703,42.0,Male,Hyderabad,59411,21.0,0.0,18.0,9.0,Electronics,5294,5.0
11704,56.0,Female,Pune,31029,37.0,45.0,11.0,7.0,Grocery,5674,175.0
11705,37.0,Female,Bangalore,36409,27.0,17.0,7.0,14.0,Home Decor,2188,43.0
11706,22.0,Female,Hyderabad,88529,35.0,18.0,1.0,2.0,Electronics,5005,96.0
11707,18.0,Male,Pune,62935,38.0,41.0,12.0,5.0,Grocery,2074,101.0
11708,47.0,Male,Pune,59433,60.0,5.0,4.0,5.0,Home Decor,2902,114.0
11709,66.0,Male,Hyderabad,51489,70.0,16.0,8.0,9.0,Grocery,4781,40.0
11710,20.0,Male,Pune,60361,32.0,45.0,15.0,2.0,Grocery,6955,139.0
11711,62.0,Female,Mumbai,98326,80.0,44.0,11.0,1.0,Electronics,4532,142.0
11712,31.0,Male,Mumbai,73605,92.0,7.0,8.0,4.0,Fashion,4291,2.0
11713,47.0,Female,Hyderabad,40499,80.0,41.0,12.0,4.0,Grocery,4096,167.0
11714,67.0,Female,Bangalore,95759,27.0,8.0,3.0,1.0,Grocery,5784,63.0
11715,21.0,Female,Mumbai,113125,3.0,36.0,4.0,10.0,Grocery,2761,119.0
11716,35.0,Female,Mumbai,82367,49.0,26.0,12.0,7.0,Grocery,2189,146.0
11717,54.0,Male,Hyderabad,92282,85.0,35.0,8.0,2.0,Grocery,7704,94.0
11718,42.0,Male,Delhi,100519,30.0,5.0,10.0,11.0,Fashion,5828,79.0
11719,65.0,Male,Pune,28584,22.0,5.0,1.0,13.0,Electronics,3596,129.0
11720,18.0,Male,Mumbai,116606,19.0,44.0,13.0,9.0,Fashion,3715,145.0
11721,63.0,Male,Delhi,97470,31.0,3.0,7.0,7.0,Electronics,3888,54.0
11722,32.0,Female,Bangalore,82221,20.0,21.0,3.0,13.0,Fashion,2388,122.0
11723,26.0,Male,Delhi,66863,19.0,39.0,16.0,13.0,Electronics,4373,124.0
11724,32.0,Male,Hyderabad,36568,2.0,26.0,12.0,12.0,Home Decor,5045,167.0
11725,66.0,Male,Bangalore,61714,40.0,36.0,5.0,12.0,Grocery,7710,176.0
11726,41.0,Male,Bangalore,81209,39.0,1.0,18.0,14.0,Electronics,5211,66.0
11727,21.0,Female,Delhi,42391,91.0,8.0,8.0,7.0,Electronics,6484,143.0
11728,29.0,Female,Hyderabad,68256,72.0,10.0,12.0,1.0,Grocery,4417,22.0
11729,54.0,Female,Mumbai,40411,54.0,19.0,3.0,14.0,Home Decor,4082,20.0
11730,54.0,Female,Delhi,60384,27.0,42.0,16.0,9.0,Grocery,4987,93.0
11731,60.0,Female,Mumbai,36184,79.0,38.0,10.0,10.0,Electronics,6712,171.0
11732,23.0,Male,Delhi,33555,12.0,13.0,17.0,9.0,Electronics,3802,152.0
11733,56.0,Female,Mumbai,78502,78.0,25.0,10.0,2.0,Grocery,5444,43.0
11734,63.0,Female,Delhi,55506,71.0,37.0,3.0,10.0,Fashion,5390,21.0
11735,41.0,Female,Bangalore,57855,17.0,29.0,2.0,9.0,Grocery,4950,48.0
11736,28.0,Male,Pune,54163,90.0,35.0,14.0,2.0,Electronics,6725,66.0
11737,30.0,Male,Bangalore,138077,84.0,37.0,9.0,13.0,Electronics,5084,115.0
11738,51.0,Female,Mumbai,85184,10.0,34.0,17.0,2.0,Electronics,4718,16.0
11739,42.0,Male,Hyderabad,87868,19.0,5.0,4.0,13.0,Home Decor,4893,168.0
11740,24.0,Male,Bangalore,50614,82.0,2.0,15.0,13.0,Grocery,763,21.0
11741,69.0,Female,Pune,82618,30.0,0.0,13.0,13.0,Home Decor,4682,101.0
11742,,,,64306,,,,,,2869,
11743,25.0,Male,Bangalore,50413,25.0,22.0,9.0,3.0,Home Decor,4586,110.0
11744,37.0,Male,Delhi,118227,88.0,31.0,4.0,14.0,Fashion,4952,86.0
11745,,,,84319,,,,,,5917,
11746,68.0,Female,Mumbai,83058,66.0,22.0,15.0,7.0,Electronics,9027,5.0
11747,62.0,Female,Bangalore,45706,96.0,35.0,14.0,10.0,Grocery,7689,170.0
11748,63.0,Male,Mumbai,38244,35.0,5.0,3.0,6.0,Electronics,4978,111.0
11749,27.0,Female,Delhi,68561,51.0,16.0,17.0,7.0,Home Decor,6117,109.0
11750,60.0,Male,Pune,55662,71.0,17.0,8.0,6.0,Fashion,4199,30.0
11751,51.0,Male,Bangalore,85316,71.0,30.0,14.0,14.0,Home Decor,5383,95.0
11752,43.0,Male,Mumbai,86981,27.0,5.0,13.0,9.0,Home Decor,5427,9.0
11753,58.0,Female,Mumbai,71637,10.0,33.0,15.0,2.0,Grocery,3039,95.0
11754,66.0,Female,Mumbai,90692,97.0,43.0,11.0,8.0,Electronics,4078,95.0
11755,20.0,Female,Pune,74832,43.0,43.0,15.0,11.0,Home Decor,1605,41.0
11756,,,,48207,,,,,,4649,
11757,22.0,Male,Hyderabad,65043,71.0,35.0,9.0,14.0,Home Decor,4928,61.0
11758,22.0,Female,Hyderabad,73393,6.0,47.0,15.0,4.0,Home Decor,4854,6.0
11759,64.0,Male,Mumbai,93223,6.0,41.0,1.0,6.0,Home Decor,2997,119.0
11760,40.0,Female,Hyderabad,75623,77.0,24.0,12.0,6.0,Grocery,4840,26.0
11761,66.0,Female,Bangalore,55713,48.0,9.0,6.0,12.0,Fashion,5324,6.0
11762,26.0,Female,Hyderabad,94154,77.0,38.0,1.0,10.0,Home Decor,5923,53.0
11763,52.0,Male,Mumbai,79518,2.0,45.0,19.0,3.0,Home Decor,5536,61.0
11764,37.0,Male,Delhi,108641,83.0,38.0,13.0,8.0,Grocery,4374,161.0
11765,66.0,Male,Bangalore,72181,51.0,11.0,6.0,5.0,Electronics,4716,173.0
11766,59.0,Male,Pune,44066,61.0,10.0,17.0,11.0,Fashion,5511,94.0
11767,52.0,Male,Mumbai,99424,19.0,48.0,13.0,10.0,Grocery,4151,40.0
11768,67.0,Female,Pune,55580,2.0,42.0,9.0,11.0,Electronics,3293,24.0
11769,35.0,Male,Delhi,77385,51.0,2.0,8.0,4.0,Grocery,4243,92.0
11770,34.0,Male,Pune,74642,26.0,21.0,15.0,14.0,Grocery,5773,45.0
11771,41.0,Male,Mumbai,71140,70.0,3.0,18.0,14.0,Fashion,6443,38.0
11772,20.0,Male,Mumbai,65754,20.0,7.0,2.0,13.0,Fashion,6864,157.0
11773,49.0,Female,Delhi,28696,23.0,13.0,2.0,2.0,Fashion,3303,108.0
11774,52.0,Male,Mumbai,44947,54.0,19.0,11.0,14.0,Fashion,8850,136.0
11775,55.0,Female,Delhi,98053,15.0,23.0,1.0,10.0,Electronics,3586,64.0
11776,30.0,Female,Delhi,80720,6.0,13.0,18.0,1.0,Home Decor,4545,87.0
11777,64.0,Female,Mumbai,117732,92.0,27.0,7.0,13.0,Grocery,7379,107.0
11778,42.0,Male,Hyderabad,44057,35.0,15.0,17.0,7.0,Fashion,1666,51.0
11779,26.0,Female,Delhi,69233,75.0,31.0,16.0,10.0,Home Decor,5261,6.0
11780,21.0,Male,Mumbai,99079,8.0,46.0,7.0,11.0,Electronics,4423,175.0
11781,31.0,Male,Hyderabad,55854,57.0,11.0,7.0,3.0,Fashion,2209,177.0
11782,54.0,Male,Delhi,57865,50.0,15.0,2.0,3.0,Grocery,2239,85.0
11783,,,,62666,,,,,,7244,
11784,28.0,Male,Bangalore,58866,88.0,4.0,14.0,10.0,Fashion,6032,36.0
11785,58.0,Female,Bangalore,83294,21.0,11.0,8.0,12.0,Grocery,6896,89.0
11786,20.0,Female,Hyderabad,25494,36.0,28.0,12.0,13.0,Home Decor,2920,99.0
11787,45.0,Male,Delhi,111068,71.0,4.0,7.0,3.0,Grocery,5575,147.0
11788,46.0,Female,Mumbai,46008,69.0,41.0,6.0,2.0,Electronics,9515,37.0
11789,26.0,Male,Pune,17070,58.0,16.0,13.0,6.0,Fashion,4525,17.0
11790,20.0,Female,Mumbai,69744,63.0,46.0,12.0,14.0,Fashion,5100,16.0
11791,42.0,Female,Pune,60564,93.0,7.0,17.0,10.0,Grocery,5022,172.0
11792,51.0,Female,Pune,65550,16.0,39.0,16.0,3.0,Home Decor,4781,49.0
11793,29.0,Female,Delhi,77814,6.0,39.0,1.0,1.0,Fashion,3441,94.0
11794,59.0,Female,Hyderabad,86121,78.0,29.0,7.0,10.0,Grocery,5087,51.0
11795,26.0,Male,Mumbai,112166,52.0,9.0,3.0,13.0,Electronics,8255,5.0
11796,32.0,Male,Hyderabad,52746,2.0,19.0,6.0,13.0,Fashion,4899,97.0
11797,57.0,Female,Bangalore,89357,89.0,44.0,3.0,9.0,Grocery,7442,174.0
11798,42.0,Male,Delhi,87723,95.0,15.0,3.0,6.0,Home Decor,10712,73.0
11799,22.0,Female,Delhi,3980,77.0,40.0,8.0,6.0,Fashion,3372,145.0
11800,28.0,Male,Bangalore,49170,18.0,15.0,14.0,10.0,Fashion,6080,140.0
11801,51.0,Female,Mumbai,37825,81.0,41.0,9.0,9.0,Electronics,2671,152.0
11802,41.0,Female,Bangalore,81197,92.0,2.0,5.0,2.0,Grocery,4718,56.0
11803,32.0,Female,Mumbai,78445,76.0,22.0,15.0,10.0,Home Decor,9990,122.0
11804,55.0,Male,Pune,78948,35.0,21.0,17.0,9.0,Electronics,6293,126.0
11805,25.0,Male,Delhi,62360,86.0,27.0,10.0,14.0,Electronics,5612,79.0
11806,22.0,Female,Mumbai,64881,39.0,45.0,8.0,12.0,Electronics,2634,16.0
11807,65.0,Female,Hyderabad,69285,1.0,44.0,18.0,3.0,Grocery,3789,126.0
11808,,,,299860,,,,,,13316,
11809,35.0,Male,Delhi,89429,21.0,3.0,17.0,3.0,Fashion,2940,22.0
11810,23.0,Male,Bangalore,43258,1.0,37.0,4.0,1.0,Grocery,6657,110.0
11811,54.0,Male,Bangalore,50454,4.0,23.0,15.0,10.0,Electronics,6379,172.0
11812,65.0,Male,Mumbai,73032,96.0,18.0,10.0,7.0,Grocery,4670,95.0
11813,30.0,Female,Bangalore,60801,58.0,10.0,13.0,10.0,Home Decor,3907,43.0
11814,45.0,Male,Delhi,42280,1.0,39.0,1.0,13.0,Fashion,6452,79.0
11815,22.0,Female,Mumbai,83298,13.0,45.0,9.0,7.0,Electronics,8369,21.0
11816,30.0,Female,Pune,55692,46.0,39.0,5.0,2.0,Fashion,6982,123.0
11817,34.0,Male,Bangalore,48881,47.0,45.0,11.0,6.0,Grocery,5218,8.0
11818,67.0,Male,Bangalore,65640,81.0,38.0,4.0,4.0,Fashion,6844,49.0
11819,57.0,Female,Mumbai,47668,76.0,17.0,16.0,11.0,Fashion,6936,125.0
11820,62.0,Male,Hyderabad,69145,7.0,11.0,18.0,7.0,Grocery,5305,106.0
11821,49.0,Female,Bangalore,61007,51.0,13.0,8.0,14.0,Fashion,5303,134.0
11822,46.0,Male,Delhi,57185,3.0,46.0,2.0,14.0,Grocery,3944,81.0
11823,68.0,Male,Bangalore,57341,50.0,17.0,17.0,7.0,Electronics,6657,104.0
11824,20.0,Male,Pune,94890,26.0,43.0,10.0,4.0,Fashion,4662,109.0
11825,57.0,Female,Bangalore,79230,31.0,41.0,13.0,3.0,Home Decor,3041,175.0
11826,51.0,Male,Hyderabad,27270,100.0,11.0,15.0,7.0,Home Decor,3110,164.0
11827,57.0,Female,Bangalore,92074,62.0,39.0,9.0,9.0,Electronics,4919,125.0
11828,44.0,Male,Mumbai,82913,26.0,26.0,8.0,4.0,Grocery,3109,92.0
11829,30.0,Female,Bangalore,81437,67.0,5.0,6.0,6.0,Grocery,10439,121.0
11830,62.0,Male,Hyderabad,92197,55.0,23.0,4.0,7.0,Fashion,5975,111.0
11831,50.0,Female,Mumbai,70375,28.0,32.0,18.0,10.0,Fashion,4012,23.0
11832,,,,85502,,,,,,5368,
11833,41.0,Female,Mumbai,58388,81.0,15.0,4.0,5.0,Home Decor,6471,110.0
11834,36.0,Female,Pune,91189,38.0,49.0,13.0,12.0,Grocery,5435,75.0
11835,33.0,Female,Mumbai,75452,30.0,11.0,11.0,14.0,Home Decor,3079,62.0
11836,57.0,Female,Delhi,35575,66.0,30.0,8.0,1.0,Grocery,4780,96.0
11837,45.0,Male,Bangalore,95909,8.0,36.0,14.0,6.0,Electronics,4520,57.0
11838,50.0,Female,Mumbai,66777,14.0,12.0,14.0,5.0,Electronics,4090,102.0
11839,65.0,Female,Mumbai,63296,99.0,7.0,16.0,7.0,Home Decor,3342,70.0
11840,58.0,Female,Mumbai,58933,62.0,37.0,14.0,9.0,Fashion,6751,65.0
11841,30.0,Male,Mumbai,60765,75.0,2.0,1.0,11.0,Home Decor,5942,37.0
11842,60.0,Male,Delhi,75740,63.0,19.0,2.0,4.0,Home Decor,5926,68.0
11843,62.0,Male,Hyderabad,45310,79.0,3.0,1.0,9.0,Home Decor,1295,75.0
11844,42.0,Female,Hyderabad,30784,66.0,43.0,11.0,13.0,Fashion,4202,17.0
11845,59.0,Male,Mumbai,43388,96.0,44.0,6.0,6.0,Home Decor,7499,135.0
11846,53.0,Male,Delhi,79542,40.0,1.0,15.0,5.0,Fashion,5786,52.0
11847,44.0,Female,Delhi,65951,13.0,35.0,12.0,2.0,Home Decor,2672,163.0
11848,55.0,Female,Mumbai,97829,17.0,22.0,5.0,1.0,Fashion,8333,130.0
11849,24.0,Male,Pune,68377,15.0,44.0,12.0,8.0,Fashion,151,168.0
11850,22.0,Female,Mumbai,91062,33.0,18.0,14.0,12.0,Fashion,5255,37.0
11851,60.0,Female,Pune,52679,16.0,39.0,14.0,12.0,Fashion,8431,57.0
11852,62.0,Female,Mumbai,59121,13.0,7.0,19.0,6.0,Fashion,1863,101.0
11853,68.0,Female,Pune,70238,86.0,15.0,5.0,14.0,Electronics,4047,10.0
11854,48.0,Male,Pune,66325,23.0,42.0,3.0,7.0,Grocery,2188,81.0
11855,40.0,Female,Mumbai,63990,36.0,17.0,18.0,6.0,Grocery,7823,174.0
11856,59.0,Male,Pune,48197,43.0,35.0,6.0,10.0,Fashion,3361,90.0
11857,27.0,Male,Bangalore,30360,50.0,23.0,9.0,13.0,Grocery,6988,133.0
11858,49.0,Male,Hyderabad,85775,74.0,0.0,7.0,14.0,Fashion,7777,133.0
11859,60.0,Male,Delhi,82981,81.0,0.0,18.0,7.0,Home Decor,2429,120.0
11860,47.0,Female,Pune,54653,94.0,45.0,2.0,9.0,Electronics,2008,102.0
11861,,,,79472,,,,,,5958,
11862,48.0,Female,Delhi,65838,30.0,10.0,12.0,5.0,Home Decor,6551,5.0
11863,35.0,Male,Pune,97654,57.0,17.0,2.0,1.0,Fashion,4858,61.0
11864,53.0,Male,Delhi,37193,30.0,15.0,13.0,1.0,Home Decor,5051,136.0
11865,19.0,Male,Mumbai,66831,71.0,16.0,8.0,9.0,Electronics,7959,159.0
11866,31.0,Female,Bangalore,64836,10.0,23.0,7.0,5.0,Home Decor,4520,97.0
11867,30.0,Male,Bangalore,74027,99.0,33.0,3.0,14.0,Electronics,7752,149.0
11868,46.0,Female,Hyderabad,108428,66.0,3.0,8.0,13.0,Electronics,3847,21.0
11869,29.0,Female,Pune,66907,94.0,34.0,1.0,13.0,Fashion,9795,51.0
11870,56.0,Female,Hyderabad,88578,83.0,14.0,15.0,11.0,Electronics,3230,79.0
11871,19.0,Female,Mumbai,66304,39.0,1.0,1.0,13.0,Home Decor,7368,59.0
11872,49.0,Male,Bangalore,96772,37.0,30.0,12.0,2.0,Fashion,3067,2.0
11873,30.0,Female,Mumbai,88821,3.0,8.0,11.0,3.0,Electronics,6573,158.0
11874,63.0,Male,Mumbai,61667,89.0,9.0,16.0,1.0,Electronics,4984,58.0
11875,44.0,Female,Pune,59867,34.0,24.0,4.0,6.0,Grocery,5555,20.0
11876,66.0,Male,Mumbai,82174,86.0,4.0,2.0,12.0,Fashion,6331,168.0
11877,58.0,Male,Bangalore,53614,38.0,13.0,3.0,6.0,Grocery,5491,157.0
11878,34.0,Female,Hyderabad,74765,14.0,41.0,4.0,3.0,Electronics,5315,133.0
11879,57.0,Female,Bangalore,61105,64.0,47.0,18.0,3.0,Grocery,1283,89.0
11880,48.0,Female,Pune,79202,39.0,37.0,12.0,7.0,Home Decor,7757,138.0
11881,51.0,Male,Bangalore,65974,54.0,39.0,1.0,1.0,Home Decor,8058,105.0
11882,41.0,Female,Delhi,52685,2.0,1.0,3.0,5.0,Electronics,4786,112.0
11883,62.0,Female,Hyderabad,97632,96.0,17.0,4.0,13.0,Grocery,6114,129.0
11884,52.0,Male,Delhi,75988,43.0,28.0,6.0,3.0,Grocery,7731,175.0
11885,65.0,Female,Delhi,68660,53.0,19.0,17.0,5.0,Fashion,6202,98.0
11886,23.0,Male,Pune,80499,3.0,7.0,8.0,11.0,Home Decor,3936,14.0
11887,,,,28220,,,,,,2597,
11888,47.0,Male,Delhi,122254,8.0,48.0,16.0,4.0,Fashion,6268,21.0
11889,24.0,Male,Bangalore,70617,90.0,47.0,6.0,6.0,Home Decor,5278,16.0
11890,27.0,Female,Mumbai,20920,96.0,25.0,19.0,12.0,Grocery,4989,160.0
11891,58.0,Male,Bangalore,99927,75.0,36.0,8.0,9.0,Grocery,3476,173.0
11892,49.0,Female,Bangalore,51215,63.0,48.0,4.0,2.0,Home Decor,4318,64.0
11893,51.0,Female,Mumbai,96092,65.0,3.0,9.0,10.0,Fashion,5673,84.0
11894,45.0,Male,Mumbai,73039,79.0,32.0,8.0,8.0,Electronics,4411,73.0
11895,32.0,Female,Bangalore,30739,4.0,21.0,19.0,14.0,Electronics,5065,60.0
11896,47.0,Male,Pune,76531,68.0,5.0,1.0,13.0,Electronics,4937,98.0
11897,54.0,Male,Hyderabad,74692,92.0,32.0,4.0,2.0,Electronics,6314,147.0
11898,46.0,Male,Hyderabad,98794,10.0,27.0,10.0,4.0,Grocery,2127,47.0
11899,39.0,Male,Pune,83054,75.0,23.0,8.0,9.0,Electronics,4287,158.0
11900,21.0,Male,Mumbai,39014,50.0,3.0,3.0,4.0,Grocery,2796,47.0
11901,37.0,Male,Bangalore,95056,23.0,1.0,12.0,7.0,Grocery,5311,33.0
11902,49.0,Male,Hyderabad,59648,61.0,12.0,9.0,11.0,Electronics,3379,21.0
11903,53.0,Male,Bangalore,113006,47.0,45.0,3.0,5.0,Electronics,6878,95.0
11904,67.0,Female,Pune,61130,3.0,48.0,4.0,13.0,Electronics,4177,63.0
11905,21.0,Female,Bangalore,64717,17.0,10.0,6.0,2.0,Home Decor,3847,42.0
11906,44.0,Male,Pune,49451,22.0,34.0,9.0,8.0,Home Decor,3333,105.0
11907,34.0,Female,Mumbai,57535,91.0,38.0,2.0,11.0,Fashion,5502,126.0
11908,,,,50926,,,,,,2461,
11909,39.0,Female,Pune,99411,80.0,42.0,18.0,10.0,Electronics,4813,43.0
11910,34.0,Female,Hyderabad,36712,3.0,9.0,3.0,2.0,Home Decor,4767,68.0
11911,27.0,Female,Bangalore,90114,52.0,7.0,3.0,3.0,Fashion,3955,26.0
11912,18.0,Female,Hyderabad,90716,33.0,4.0,18.0,10.0,Grocery,5437,161.0
11913,39.0,Male,Delhi,104438,42.0,22.0,6.0,7.0,Grocery,4074,108.0
11914,43.0,Female,Pune,71094,2.0,33.0,1.0,5.0,Grocery,5569,33.0
11915,35.0,Female,Delhi,44332,39.0,46.0,15.0,10.0,Home Decor,3910,49.0
11916,67.0,Female,Hyderabad,65706,46.0,31.0,11.0,11.0,Electronics,3512,84.0
11917,31.0,Female,Bangalore,84867,48.0,15.0,10.0,3.0,Electronics,5511,41.0
11918,64.0,Male,Hyderabad,72118,27.0,3.0,4.0,12.0,Grocery,6614,36.0
11919,46.0,Male,Bangalore,79168,15.0,27.0,14.0,2.0,Grocery,10713,95.0
11920,29.0,Male,Bangalore,104132,7.0,47.0,2.0,11.0,Fashion,4319,119.0
11921,53.0,Male,Mumbai,84550,57.0,43.0,13.0,6.0,Fashion,6544,150.0
11922,52.0,Female,Pune,74961,42.0,13.0,16.0,10.0,Grocery,4110,175.0
11923,69.0,Male,Hyderabad,23890,9.0,11.0,12.0,1.0,Fashion,6512,83.0
11924,29.0,Male,Bangalore,50403,6.0,20.0,5.0,8.0,Home Decor,7604,20.0
11925,24.0,Male,Hyderabad,59883,57.0,47.0,19.0,5.0,Grocery,5257,87.0
11926,46.0,Male,Hyderabad,20572,76.0,15.0,3.0,5.0,Fashion,6422,152.0
11927,28.0,Female,Bangalore,42268,30.0,43.0,2.0,14.0,Grocery,5889,126.0
11928,50.0,Male,Delhi,63288,55.0,1.0,17.0,2.0,Electronics,5022,171.0
11929,23.0,Female,Pune,67357,84.0,22.0,11.0,7.0,Home Decor,4146,100.0
11930,64.0,Male,Pune,82645,84.0,28.0,1.0,5.0,Grocery,4298,73.0
11931,32.0,Female,Mumbai,64867,54.0,45.0,19.0,8.0,Electronics,2354,16.0
11932,49.0,Female,Mumbai,381005,27.0,42.0,8.0,5.0,Grocery,28300,27.0
11933,68.0,Male,Mumbai,59555,84.0,8.0,11.0,9.0,Electronics,8742,45.0
11934,28.0,Male,Pune,71050,59.0,6.0,8.0,5.0,Fashion,2180,165.0
11935,40.0,Male,Delhi,81274,7.0,28.0,17.0,13.0,Electronics,7076,13.0
11936,43.0,Male,Pune,106815,40.0,43.0,6.0,3.0,Home Decor,4911,179.0
11937,51.0,Female,Pune,57133,94.0,16.0,7.0,13.0,Home Decor,3720,2.0
11938,63.0,Female,Pune,73604,72.0,8.0,13.0,2.0,Fashion,5286,76.0
11939,51.0,Male,Pune,91728,2.0,5.0,7.0,5.0,Grocery,3393,105.0
11940,46.0,Male,Delhi,34010,14.0,43.0,11.0,10.0,Home Decor,5468,97.0
11941,21.0,Female,Mumbai,119945,10.0,19.0,10.0,13.0,Fashion,4412,87.0
11942,,,,99475,,,,,,4312,
11943,52.0,Female,Mumbai,27212,18.0,8.0,10.0,5.0,Fashion,7353,14.0
11944,30.0,Male,Mumbai,79284,18.0,11.0,11.0,6.0,Home Decor,1500,103.0
11945,58.0,Female,Hyderabad,55888,16.0,32.0,17.0,2.0,Fashion,3864,177.0
11946,56.0,Female,Pune,60066,52.0,31.0,11.0,5.0,Home Decor,1040,30.0
11947,32.0,Female,Delhi,78762,69.0,33.0,16.0,1.0,Grocery,5261,110.0
11948,46.0,Female,Delhi,96259,52.0,18.0,5.0,3.0,Electronics,4010,98.0
11949,46.0,Female,Mumbai,58353,31.0,32.0,10.0,3.0,Home Decor,3556,9.0
11950,28.0,Male,Hyderabad,58688,84.0,47.0,5.0,3.0,Fashion,5565,24.0
11951,69.0,Female,Bangalore,79304,23.0,15.0,9.0,3.0,Grocery,6223,112.0
11952,49.0,Male,Pune,84298,96.0,49.0,3.0,8.0,Home Decor,7365,41.0
11953,19.0,Female,Mumbai,44821,42.0,49.0,3.0,1.0,Fashion,10861,32.0
11954,64.0,Female,Delhi,113091,81.0,22.0,10.0,6.0,Electronics,3861,175.0
11955,31.0,Male,Hyderabad,53917,62.0,25.0,7.0,6.0,Fashion,3650,21.0
11956,37.0,Male,Hyderabad,94116,77.0,44.0,2.0,1.0,Home Decor,5009,170.0
11957,39.0,Male,Mumbai,81292,50.0,43.0,8.0,13.0,Fashion,5174,70.0
11958,28.0,Male,Bangalore,85158,77.0,40.0,12.0,1.0,Fashion,8466,111.0
11959,44.0,Female,Delhi,54401,81.0,36.0,9.0,3.0,Electronics,6043,89.0
11960,20.0,Male,Mumbai,26903,15.0,8.0,11.0,8.0,Home Decor,3111,2.0
11961,34.0,Female,Bangalore,69464,90.0,29.0,19.0,6.0,Home Decor,2998,159.0
11962,61.0,Male,Hyderabad,69567,44.0,12.0,17.0,4.0,Electronics,6362,56.0
11963,,,,46049,,,,,,4584,
11964,46.0,Female,Delhi,92948,42.0,41.0,1.0,10.0,Fashion,7831,15.0
11965,38.0,Female,Delhi,68711,45.0,15.0,1.0,14.0,Fashion,6030,18.0
11966,64.0,Male,Bangalore,49773,94.0,45.0,8.0,3.0,Fashion,2910,32.0
11967,33.0,Female,Mumbai,84626,35.0,1.0,13.0,14.0,Home Decor,2648,14.0
11968,54.0,Female,Hyderabad,85290,22.0,30.0,6.0,11.0,Home Decor,5690,52.0
11969,37.0,Female,Bangalore,52091,74.0,42.0,3.0,11.0,Fashion,4316,22.0
11970,23.0,Female,Pune,100834,75.0,18.0,16.0,6.0,Home Decor,7278,14.0
11971,36.0,Female,Pune,126081,38.0,10.0,10.0,6.0,Electronics,5678,34.0
11972,22.0,Female,Pune,42749,97.0,13.0,7.0,6.0,Electronics,5639,86.0
11973,20.0,Female,Bangalore,65407,70.0,46.0,3.0,9.0,Home Decor,2541,56.0
11974,,,,78425,,,,,,4045,
11975,55.0,Male,Delhi,127006,7.0,6.0,16.0,10.0,Fashion,4905,63.0
11976,32.0,Female,Mumbai,51655,44.0,14.0,4.0,13.0,Fashion,1251,144.0
11977,51.0,Male,Delhi,46510,76.0,29.0,13.0,11.0,Fashion,6246,80.0
11978,52.0,Female,Hyderabad,46339,7.0,30.0,1.0,8.0,Home Decor,6707,40.0
11979,66.0,Female,Delhi,100535,66.0,23.0,5.0,6.0,Grocery,3941,38.0
11980,42.0,Female,Bangalore,52304,60.0,24.0,18.0,2.0,Grocery,7537,146.0
11981,41.0,Female,Pune,48746,1.0,7.0,12.0,4.0,Fashion,7449,23.0
11982,29.0,Male,Hyderabad,75774,62.0,29.0,11.0,6.0,Fashion,6047,110.0
11983,35.0,Male,Hyderabad,77705,87.0,35.0,9.0,9.0,Fashion,4878,48.0
11984,32.0,Female,Delhi,96775,89.0,49.0,7.0,11.0,Grocery,6991,82.0
11985,61.0,Male,Bangalore,72298,18.0,13.0,14.0,2.0,Electronics,2019,174.0
11986,33.0,Female,Delhi,76223,7.0,28.0,3.0,6.0,Grocery,5149,113.0
11987,44.0,Female,Delhi,67368,54.0,26.0,16.0,10.0,Home Decor,3311,22.0
11988,25.0,Male,Hyderabad,37392,67.0,49.0,7.0,11.0,Grocery,3674,125.0
11989,63.0,Male,Delhi,65009,93.0,35.0,1.0,10.0,Home Decor,5899,54.0
11990,42.0,Female,Pune,71570,10.0,33.0,6.0,10.0,Fashion,3391,40.0
11991,34.0,Female,Delhi,58904,61.0,20.0,6.0,7.0,Home Decor,1939,30.0
11992,46.0,Male,Pune,30888,59.0,37.0,10.0,14.0,Fashion,9440,42.0
11993,25.0,Female,Hyderabad,41625,59.0,10.0,12.0,14.0,Electronics,3791,170.0
11994,32.0,Male,Bangalore,69015,69.0,32.0,19.0,8.0,Fashion,3312,127.0
11995,44.0,Female,Pune,93318,63.0,14.0,6.0,13.0,Fashion,7388,82.0
11996,63.0,Female,Bangalore,112057,98.0,11.0,14.0,9.0,Electronics,3795,53.0
11997,67.0,Male,Bangalore,65404,8.0,23.0,3.0,5.0,Fashion,2460,1.0
11998,69.0,Male,Pune,52078,78.0,49.0,10.0,9.0,Fashion,3169,106.0
11999,24.0,Male,Hyderabad,60687,55.0,36.0,9.0,9.0,Fashion,4137,27.0
12000,20.0,Female,Mumbai,43839,6.0,10.0,19.0,13.0,Grocery,2858,17.0
12001,46.0,Female,Bangalore,89693,1.0,18.0,15.0,11.0,Home Decor,3334,63.0
12002,61.0,Female,Bangalore,123440,56.0,0.0,9.0,7.0,Fashion,4105,128.0
12003,41.0,Female,Hyderabad,52686,97.0,16.0,19.0,2.0,Grocery,6943,169.0
12004,20.0,Male,Hyderabad,40198,75.0,39.0,8.0,8.0,Fashion,9144,121.0
12005,37.0,Female,Delhi,95162,88.0,15.0,4.0,12.0,Home Decor,7217,122.0
12006,63.0,Female,Hyderabad,77951,10.0,25.0,5.0,5.0,Fashion,4544,127.0
12007,32.0,Female,Bangalore,78373,23.0,42.0,19.0,13.0,Home Decor,2178,166.0
12008,42.0,Male,Pune,109704,16.0,42.0,14.0,11.0,Grocery,6402,122.0
12009,47.0,Female,Mumbai,35837,16.0,14.0,18.0,8.0,Grocery,2953,66.0
12010,31.0,Female,Delhi,35139,56.0,7.0,19.0,2.0,Fashion,4261,173.0
12011,24.0,Male,Pune,65957,95.0,29.0,6.0,14.0,Electronics,8231,23.0
12012,34.0,Female,Mumbai,71585,6.0,13.0,5.0,7.0,Home Decor,8408,148.0
12013,61.0,Female,Mumbai,61126,30.0,32.0,11.0,5.0,Fashion,5356,36.0
12014,37.0,Male,Mumbai,131518,63.0,41.0,5.0,4.0,Grocery,7453,170.0
12015,53.0,Female,Pune,62243,1.0,6.0,8.0,10.0,Fashion,7383,150.0
12016,26.0,Female,Delhi,56231,51.0,17.0,5.0,13.0,Home Decor,6314,11.0
12017,55.0,Female,Delhi,73108,89.0,11.0,11.0,6.0,Fashion,4457,28.0
12018,65.0,Male,Mumbai,94272,46.0,1.0,13.0,5.0,Home Decor,3888,45.0
12019,,,,51864,,,,,,5088,
12020,19.0,Female,Mumbai,66325,99.0,28.0,5.0,9.0,Electronics,2433,122.0
12021,41.0,Male,Hyderabad,94982,38.0,20.0,18.0,1.0,Electronics,4045,150.0
12022,25.0,Male,Delhi,96370,69.0,6.0,10.0,13.0,Grocery,6196,81.0
12023,28.0,Female,Bangalore,75440,63.0,26.0,16.0,11.0,Grocery,3740,159.0
12024,30.0,Female,Mumbai,130459,50.0,11.0,14.0,1.0,Fashion,8089,11.0
12025,34.0,Female,Hyderabad,119516,12.0,19.0,15.0,13.0,Grocery,5492,36.0
12026,25.0,Female,Delhi,34847,69.0,13.0,3.0,6.0,Grocery,6565,78.0
12027,38.0,Male,Pune,27700,73.0,9.0,3.0,2.0,Home Decor,4573,35.0
12028,35.0,Female,Delhi,89892,44.0,40.0,12.0,8.0,Fashion,6263,127.0
12029,47.0,Male,Pune,104134,52.0,22.0,15.0,7.0,Home Decor,2741,151.0
12030,,,,64381,,,,,,5846,
12031,63.0,Female,Mumbai,57445,99.0,46.0,10.0,4.0,Fashion,6033,151.0
12032,64.0,Female,Mumbai,49492,65.0,30.0,15.0,9.0,Electronics,7566,124.0
12033,48.0,Male,Delhi,40799,10.0,9.0,18.0,7.0,Electronics,986,16.0
12034,55.0,Male,Hyderabad,98408,46.0,18.0,14.0,7.0,Grocery,3656,103.0
12035,49.0,Female,Delhi,60467,100.0,18.0,6.0,5.0,Fashion,1439,84.0
12036,28.0,Male,Bangalore,77545,58.0,43.0,14.0,1.0,Grocery,3320,147.0
12037,62.0,Female,Pune,24354,37.0,22.0,16.0,14.0,Home Decor,4785,96.0
12038,42.0,Female,Pune,95056,52.0,43.0,2.0,14.0,Grocery,6180,50.0
12039,50.0,Male,Mumbai,84694,99.0,40.0,19.0,2.0,Home Decor,9493,43.0
12040,55.0,Male,Hyderabad,36382,81.0,31.0,5.0,8.0,Electronics,7700,19.0
12041,58.0,Female,Mumbai,76475,13.0,19.0,11.0,11.0,Electronics,4024,113.0
12042,25.0,Male,Bangalore,70118,6.0,3.0,11.0,5.0,Home Decor,6441,121.0
12043,28.0,Female,Delhi,58746,58.0,32.0,19.0,2.0,Home Decor,7450,18.0
12044,39.0,Female,Delhi,-2573,48.0,47.0,18.0,12.0,Home Decor,4800,134.0
12045,68.0,Female,Hyderabad,53491,32.0,0.0,8.0,5.0,Grocery,4873,35.0
12046,41.0,Male,Mumbai,77560,11.0,12.0,12.0,8.0,Home Decor,4540,14.0
12047,58.0,Female,Mumbai,56285,81.0,2.0,9.0,4.0,Fashion,5966,64.0
12048,34.0,Female,Bangalore,64457,5.0,11.0,3.0,3.0,Home Decor,5827,137.0
12049,29.0,Female,Delhi,107418,6.0,28.0,6.0,5.0,Electronics,5284,163.0
12050,63.0,Female,Mumbai,68062,74.0,30.0,1.0,13.0,Home Decor,8474,2.0
12051,49.0,Female,Hyderabad,17580,97.0,40.0,17.0,7.0,Electronics,7007,6.0
12052,32.0,Female,Delhi,65378,94.0,35.0,3.0,2.0,Electronics,1761,99.0
12053,33.0,Female,Bangalore,72484,21.0,1.0,18.0,1.0,Grocery,1402,121.0
12054,39.0,Female,Hyderabad,49366,42.0,21.0,18.0,13.0,Home Decor,5834,153.0
12055,45.0,Female,Pune,88368,81.0,21.0,2.0,11.0,Electronics,4797,73.0
12056,37.0,Female,Bangalore,33444,27.0,40.0,4.0,5.0,Fashion,1500,178.0
12057,50.0,Female,Hyderabad,66556,3.0,30.0,1.0,13.0,Home Decor,1199,135.0
12058,27.0,Male,Mumbai,33156,60.0,44.0,10.0,13.0,Home Decor,4501,63.0
12059,57.0,Female,Pune,62607,93.0,13.0,5.0,7.0,Electronics,5513,156.0
12060,49.0,Female,Bangalore,87703,66.0,28.0,5.0,13.0,Grocery,5587,2.0
12061,67.0,Female,Mumbai,65958,93.0,34.0,9.0,8.0,Grocery,3788,65.0
12062,50.0,Male,Pune,64498,49.0,49.0,14.0,11.0,Home Decor,3885,101.0
12063,19.0,Female,Delhi,70694,100.0,8.0,13.0,8.0,Home Decor,3994,152.0
12064,50.0,Male,Mumbai,71944,34.0,46.0,13.0,10.0,Grocery,5986,38.0
12065,50.0,Female,Hyderabad,87343,37.0,31.0,1.0,9.0,Grocery,1941,62.0
12066,58.0,Female,Bangalore,87495,42.0,26.0,17.0,11.0,Fashion,5038,119.0
12067,30.0,Male,Pune,105542,65.0,9.0,8.0,11.0,Home Decor,7038,179.0
12068,47.0,Female,Mumbai,74190,60.0,24.0,3.0,12.0,Home Decor,4296,52.0
12069,50.0,Male,Delhi,28481,90.0,48.0,17.0,1.0,Home Decor,5320,110.0
12070,30.0,Male,Bangalore,91448,1.0,44.0,12.0,7.0,Grocery,5831,74.0
12071,69.0,Female,Bangalore,103745,59.0,32.0,18.0,10.0,Electronics,3683,98.0
12072,43.0,Female,Mumbai,131542,4.0,10.0,14.0,8.0,Fashion,4796,63.0
12073,39.0,Female,Delhi,106292,14.0,36.0,11.0,6.0,Grocery,2399,139.0
12074,56.0,Female,Pune,57742,18.0,8.0,16.0,10.0,Grocery,5972,48.0
12075,19.0,Male,Mumbai,74679,34.0,6.0,4.0,14.0,Fashion,5325,101.0
12076,55.0,Male,Pune,63234,1.0,6.0,18.0,12.0,Home Decor,7332,178.0
12077,56.0,Female,Bangalore,59836,53.0,33.0,7.0,4.0,Electronics,6755,74.0
12078,43.0,Male,Pune,67162,22.0,18.0,11.0,7.0,Fashion,7362,38.0
12079,63.0,Male,Delhi,102143,80.0,19.0,16.0,3.0,Electronics,7457,136.0
12080,67.0,Female,Hyderabad,30270,61.0,49.0,16.0,2.0,Home Decor,3552,6.0
12081,32.0,Male,Delhi,44936,22.0,41.0,3.0,6.0,Electronics,5959,68.0
12082,51.0,Male,Pune,100487,50.0,24.0,9.0,2.0,Home Decor,6348,134.0
12083,59.0,Female,Mumbai,106341,16.0,4.0,8.0,6.0,Grocery,3752,111.0
12084,61.0,Male,Bangalore,53512,28.0,47.0,7.0,10.0,Home Decor,7466,32.0
12085,66.0,Female,Hyderabad,111268,92.0,28.0,17.0,3.0,Fashion,4782,38.0
12086,57.0,Male,Mumbai,94397,86.0,26.0,11.0,14.0,Fashion,6279,115.0
12087,28.0,Female,Mumbai,63305,70.0,24.0,4.0,2.0,Home Decor,7206,109.0
12088,20.0,Male,Delhi,9118,89.0,36.0,4.0,13.0,Home Decor,5855,64.0
12089,23.0,Male,Pune,28299,42.0,14.0,5.0,8.0,Grocery,8627,54.0
12090,26.0,Female,Delhi,53545,66.0,47.0,8.0,4.0,Grocery,9836,113.0
12091,23.0,Female,Pune,88998,71.0,3.0,10.0,12.0,Home Decor,5035,14.0
12092,26.0,Female,Delhi,89077,81.0,13.0,17.0,14.0,Electronics,6914,64.0
12093,56.0,Female,Mumbai,58338,35.0,48.0,6.0,4.0,Grocery,9737,178.0
12094,48.0,Male,Bangalore,64218,20.0,16.0,9.0,7.0,Fashion,3764,175.0
12095,,,,69187,,,,,,-574,
12096,58.0,Male,Hyderabad,64531,7.0,15.0,8.0,12.0,Grocery,6927,19.0
12097,67.0,Female,Hyderabad,74090,96.0,25.0,15.0,13.0,Grocery,4227,167.0
12098,29.0,Male,Mumbai,69248,49.0,8.0,18.0,9.0,Grocery,2594,126.0
12099,25.0,Male,Delhi,28144,83.0,1.0,5.0,10.0,Home Decor,3574,60.0
12100,,,,64810,,,,,,1879,
12101,67.0,Female,Mumbai,69435,9.0,14.0,1.0,14.0,Electronics,8397,32.0
12102,45.0,Male,Hyderabad,94744,27.0,34.0,2.0,4.0,Grocery,7907,36.0
12103,37.0,Female,Hyderabad,49217,78.0,23.0,10.0,2.0,Grocery,4540,152.0
12104,64.0,Male,Delhi,75097,2.0,47.0,6.0,10.0,Fashion,4710,171.0
12105,,,,84070,,,,,,5390,
12106,28.0,Female,Bangalore,66291,68.0,13.0,11.0,7.0,Fashion,8344,175.0
12107,37.0,Male,Pune,26130,60.0,36.0,18.0,2.0,Fashion,2879,14.0
12108,33.0,Female,Hyderabad,95251,85.0,36.0,16.0,4.0,Home Decor,4668,173.0
12109,21.0,Female,Pune,88678,86.0,5.0,8.0,6.0,Fashion,7495,118.0
12110,23.0,Male,Bangalore,75719,49.0,17.0,4.0,8.0,Fashion,4330,50.0
12111,39.0,Male,Pune,71008,2.0,21.0,11.0,10.0,Electronics,3329,65.0
12112,43.0,Male,Pune,25464,17.0,17.0,10.0,13.0,Electronics,5332,77.0
12113,20.0,Female,Pune,89366,83.0,1.0,16.0,6.0,Fashion,1434,64.0
12114,58.0,Male,Pune,107159,88.0,31.0,12.0,6.0,Home Decor,5743,23.0
12115,59.0,Female,Mumbai,42156,20.0,16.0,3.0,6.0,Electronics,4495,125.0
12116,31.0,Female,Hyderabad,103625,76.0,0.0,11.0,4.0,Electronics,6271,84.0
12117,28.0,Male,Bangalore,98286,89.0,8.0,16.0,13.0,Home Decor,3611,70.0
12118,35.0,Female,Hyderabad,41420,87.0,12.0,3.0,3.0,Grocery,5905,73.0
12119,29.0,Male,Mumbai,60146,98.0,35.0,10.0,1.0,Electronics,5421,92.0
12120,40.0,Male,Mumbai,35114,32.0,36.0,16.0,2.0,Fashion,2638,74.0
12121,29.0,Male,Mumbai,68371,51.0,29.0,7.0,2.0,Fashion,3111,154.0
12122,30.0,Male,Mumbai,81207,88.0,30.0,15.0,10.0,Fashion,7458,44.0
12123,42.0,Male,Pune,36988,42.0,22.0,15.0,7.0,Home Decor,6915,76.0
12124,,,,79645,,,,,,1539,
12125,68.0,Male,Delhi,85978,89.0,27.0,3.0,14.0,Grocery,4129,119.0
12126,36.0,Female,Bangalore,86336,61.0,9.0,6.0,6.0,Home Decor,5631,40.0
12127,63.0,Male,Mumbai,81362,62.0,24.0,18.0,8.0,Electronics,6065,4.0
12128,53.0,Female,Hyderabad,39287,3.0,35.0,5.0,9.0,Home Decor,5549,129.0
12129,62.0,Female,Mumbai,66963,89.0,25.0,16.0,5.0,Fashion,5758,6.0
12130,25.0,Female,Mumbai,78808,92.0,25.0,13.0,11.0,Home Decor,4280,55.0
12131,46.0,Male,Mumbai,106525,76.0,44.0,3.0,3.0,Home Decor,5348,66.0
12132,,,,70061,,,,,,3041,
12133,68.0,Female,Mumbai,80638,48.0,16.0,6.0,14.0,Home Decor,4265,146.0
12134,61.0,Male,Bangalore,46699,8.0,39.0,4.0,11.0,Grocery,830,29.0
12135,35.0,Male,Hyderabad,41127,5.0,3.0,15.0,8.0,Home Decor,2886,53.0
12136,23.0,Female,Mumbai,37923,11.0,22.0,18.0,3.0,Fashion,3239,161.0
12137,35.0,Male,Mumbai,59493,42.0,34.0,9.0,2.0,Electronics,3339,131.0
12138,36.0,Male,Mumbai,121551,99.0,10.0,4.0,7.0,Grocery,6458,148.0
12139,,,,59948,,,,,,1855,
12140,54.0,Male,Pune,79115,41.0,8.0,18.0,4.0,Electronics,3722,82.0
12141,49.0,Female,Pune,83927,19.0,14.0,5.0,13.0,Grocery,6288,136.0
12142,58.0,Male,Delhi,42711,48.0,44.0,13.0,8.0,Fashion,2350,105.0
12143,20.0,Male,Mumbai,59122,53.0,36.0,6.0,1.0,Fashion,7537,86.0
12144,45.0,Male,Delhi,85610,55.0,4.0,19.0,8.0,Electronics,5357,83.0
12145,27.0,Female,Bangalore,80708,61.0,18.0,12.0,5.0,Home Decor,6378,156.0
12146,68.0,Female,Delhi,20150,32.0,10.0,15.0,12.0,Electronics,3111,73.0
12147,52.0,Male,Hyderabad,84860,46.0,8.0,9.0,2.0,Grocery,3480,99.0
12148,46.0,Male,Pune,56225,92.0,34.0,7.0,1.0,Electronics,4714,26.0
12149,32.0,Female,Pune,56879,36.0,49.0,14.0,13.0,Electronics,6623,34.0
12150,50.0,Male,Mumbai,80121,18.0,26.0,19.0,6.0,Home Decor,6563,71.0
12151,24.0,Male,Mumbai,108073,74.0,12.0,16.0,14.0,Fashion,5794,94.0
12152,29.0,Female,Bangalore,64989,96.0,11.0,4.0,9.0,Home Decor,4562,177.0
12153,66.0,Male,Bangalore,99476,18.0,8.0,12.0,9.0,Fashion,3461,89.0
12154,47.0,Male,Hyderabad,33976,12.0,41.0,18.0,9.0,Home Decor,7102,177.0
12155,38.0,Female,Mumbai,73268,72.0,27.0,8.0,11.0,Fashion,4292,27.0
12156,48.0,Female,Mumbai,56473,97.0,12.0,17.0,4.0,Home Decor,1918,33.0
12157,41.0,Male,Bangalore,77050,46.0,19.0,3.0,6.0,Fashion,3078,72.0
12158,37.0,Female,Bangalore,312960,55.0,12.0,4.0,14.0,Fashion,14368,49.0
12159,54.0,Male,Bangalore,36473,38.0,26.0,10.0,12.0,Fashion,4315,63.0
12160,21.0,Male,Pune,47814,78.0,25.0,16.0,10.0,Fashion,4854,160.0
12161,45.0,Male,Delhi,28919,2.0,28.0,2.0,6.0,Home Decor,2263,19.0
12162,61.0,Female,Delhi,37327,9.0,28.0,12.0,5.0,Grocery,4030,178.0
12163,37.0,Female,Mumbai,82008,5.0,21.0,16.0,2.0,Fashion,4285,22.0
12164,41.0,Male,Pune,63724,98.0,8.0,10.0,7.0,Fashion,4596,90.0
12165,67.0,Male,Bangalore,75771,19.0,23.0,5.0,13.0,Fashion,3443,67.0
12166,66.0,Female,Mumbai,115389,71.0,41.0,12.0,1.0,Fashion,9944,137.0
12167,68.0,Female,Pune,62600,39.0,18.0,3.0,6.0,Fashion,4287,163.0
12168,49.0,Female,Hyderabad,85857,42.0,37.0,12.0,5.0,Electronics,3809,71.0
12169,58.0,Male,Pune,70703,17.0,30.0,1.0,5.0,Electronics,2804,79.0
12170,53.0,Female,Mumbai,139067,63.0,38.0,2.0,8.0,Fashion,6525,132.0
12171,51.0,Female,Delhi,-5441,90.0,14.0,11.0,9.0,Fashion,1289,37.0
12172,53.0,Male,Bangalore,52058,46.0,31.0,12.0,7.0,Fashion,1442,28.0
12173,19.0,Male,Hyderabad,86350,91.0,45.0,7.0,10.0,Grocery,4932,137.0
12174,32.0,Male,Pune,51177,92.0,47.0,1.0,13.0,Home Decor,5930,35.0
12175,51.0,Female,Mumbai,84151,20.0,45.0,13.0,8.0,Fashion,4822,112.0
12176,53.0,Male,Mumbai,68498,70.0,28.0,13.0,14.0,Grocery,9058,153.0
12177,23.0,Male,Bangalore,91623,8.0,33.0,2.0,2.0,Grocery,3960,9.0
12178,56.0,Male,Mumbai,41696,96.0,8.0,10.0,2.0,Fashion,4393,52.0
12179,,,,74321,,,,,,4919,
12180,68.0,Female,Bangalore,81650,32.0,5.0,7.0,8.0,Electronics,5083,9.0
12181,68.0,Male,Hyderabad,73294,19.0,36.0,13.0,6.0,Fashion,4753,54.0
12182,29.0,Female,Delhi,73735,24.0,13.0,2.0,8.0,Fashion,4652,133.0
12183,20.0,Female,Delhi,100060,24.0,46.0,7.0,14.0,Electronics,2387,124.0
12184,62.0,Female,Pune,28002,56.0,49.0,17.0,9.0,Home Decor,6377,175.0
12185,35.0,Male,Hyderabad,73124,81.0,48.0,5.0,9.0,Electronics,6958,109.0
12186,57.0,Female,Pune,39771,18.0,8.0,11.0,11.0,Fashion,4056,147.0
12187,38.0,Male,Delhi,88940,12.0,18.0,11.0,6.0,Fashion,4911,66.0
12188,32.0,Male,Bangalore,49051,41.0,22.0,11.0,8.0,Grocery,8110,45.0
12189,50.0,Male,Mumbai,8188,87.0,40.0,17.0,2.0,Electronics,3493,71.0
12190,52.0,Female,Delhi,89536,48.0,27.0,19.0,8.0,Grocery,5410,106.0
12191,43.0,Male,Hyderabad,63290,82.0,15.0,8.0,3.0,Grocery,5198,33.0
12192,25.0,Male,Delhi,78915,64.0,25.0,14.0,14.0,Grocery,8208,118.0
12193,53.0,Male,Hyderabad,105675,16.0,37.0,10.0,1.0,Grocery,8715,80.0
12194,65.0,Female,Hyderabad,79285,80.0,39.0,7.0,7.0,Electronics,6592,171.0
12195,,,,74235,,,,,,12085,
12196,40.0,Female,Pune,68818,23.0,34.0,17.0,14.0,Electronics,5057,94.0
12197,59.0,Male,Bangalore,41317,86.0,4.0,1.0,11.0,Fashion,-3930,154.0
12198,61.0,Female,Delhi,64618,39.0,6.0,13.0,1.0,Home Decor,3977,45.0
12199,31.0,Male,Bangalore,119347,33.0,22.0,19.0,1.0,Grocery,4097,35.0
12200,31.0,Male,Mumbai,60619,24.0,24.0,14.0,4.0,Fashion,8100,81.0
12201,19.0,Female,Delhi,66099,61.0,0.0,18.0,13.0,Electronics,4626,102.0
12202,54.0,Male,Bangalore,101427,55.0,21.0,14.0,14.0,Electronics,7652,10.0
12203,22.0,Female,Bangalore,31467,61.0,3.0,15.0,12.0,Fashion,6608,41.0
12204,55.0,Male,Mumbai,85503,84.0,27.0,14.0,13.0,Grocery,5588,114.0
12205,62.0,Female,Hyderabad,30278,97.0,47.0,5.0,14.0,Electronics,5806,126.0
12206,58.0,Male,Delhi,79979,95.0,13.0,16.0,12.0,Grocery,5568,17.0
12207,64.0,Male,Delhi,69439,40.0,32.0,5.0,4.0,Grocery,7275,127.0
12208,31.0,Male,Mumbai,85310,58.0,3.0,13.0,14.0,Home Decor,4499,71.0
12209,56.0,Male,Hyderabad,44688,72.0,41.0,16.0,10.0,Electronics,4236,11.0
12210,42.0,Male,Delhi,56624,74.0,10.0,15.0,11.0,Fashion,5820,63.0
12211,37.0,Female,Delhi,86601,1.0,38.0,5.0,6.0,Home Decor,5390,174.0
12212,19.0,Male,Delhi,57254,85.0,31.0,6.0,12.0,Grocery,4583,20.0
12213,56.0,Female,Hyderabad,88887,25.0,3.0,13.0,10.0,Fashion,9370,141.0
12214,23.0,Female,Mumbai,75229,96.0,0.0,16.0,12.0,Home Decor,6428,17.0
12215,34.0,Female,Delhi,58856,53.0,25.0,10.0,3.0,Home Decor,3882,160.0
12216,,,,62116,,,,,,6198,
12217,45.0,Male,Hyderabad,70087,46.0,16.0,13.0,6.0,Grocery,3117,85.0
12218,19.0,Male,Pune,64495,74.0,26.0,17.0,13.0,Grocery,2708,16.0
12219,52.0,Female,Mumbai,88256,60.0,41.0,1.0,7.0,Electronics,6603,23.0
12220,54.0,Male,Bangalore,60718,51.0,4.0,4.0,11.0,Home Decor,3282,139.0
12221,,,,55674,,,,,,5082,
12222,18.0,Female,Pune,92756,84.0,24.0,6.0,14.0,Grocery,2920,142.0
12223,57.0,Female,Mumbai,59446,48.0,7.0,12.0,14.0,Home Decor,4420,71.0
12224,29.0,Female,Hyderabad,56490,84.0,33.0,13.0,6.0,Fashion,4135,173.0
12225,53.0,Female,Pune,7858,40.0,40.0,2.0,10.0,Grocery,4810,33.0
12226,62.0,Female,Pune,44012,7.0,3.0,17.0,1.0,Fashion,9614,45.0
12227,40.0,Female,Bangalore,49034,75.0,11.0,10.0,7.0,Fashion,7564,51.0
12228,64.0,Male,Mumbai,56496,85.0,30.0,19.0,10.0,Electronics,4774,115.0
12229,48.0,Female,Bangalore,51946,19.0,10.0,5.0,5.0,Grocery,4587,124.0
12230,28.0,Male,Bangalore,94576,15.0,36.0,12.0,10.0,Grocery,3589,87.0
12231,27.0,Male,Delhi,50621,70.0,43.0,18.0,14.0,Grocery,2925,151.0
12232,20.0,Male,Hyderabad,52484,61.0,35.0,9.0,4.0,Grocery,4702,29.0
12233,31.0,Female,Pune,73891,56.0,44.0,11.0,1.0,Electronics,7665,6.0
12234,33.0,Male,Mumbai,42457,10.0,21.0,4.0,9.0,Electronics,-1317,167.0
12235,27.0,Female,Hyderabad,109099,46.0,0.0,10.0,7.0,Home Decor,7043,133.0
12236,46.0,Female,Hyderabad,90053,80.0,49.0,1.0,2.0,Grocery,7295,96.0
12237,27.0,Male,Mumbai,40797,75.0,3.0,2.0,4.0,Fashion,733,168.0
12238,29.0,Female,Hyderabad,95341,57.0,35.0,9.0,4.0,Electronics,5073,90.0
12239,47.0,Male,Delhi,100542,35.0,7.0,18.0,8.0,Fashion,4127,82.0
12240,58.0,Male,Hyderabad,41447,72.0,24.0,16.0,2.0,Fashion,4666,21.0
12241,18.0,Female,Delhi,40870,92.0,27.0,14.0,11.0,Fashion,5428,59.0
12242,22.0,Male,Pune,54739,3.0,37.0,4.0,5.0,Home Decor,5635,148.0
12243,37.0,Male,Pune,34619,66.0,35.0,2.0,10.0,Home Decor,2258,24.0
12244,25.0,Male,Bangalore,50492,53.0,35.0,12.0,8.0,Grocery,8253,131.0
12245,60.0,Female,Delhi,59996,78.0,42.0,5.0,6.0,Electronics,4048,86.0
12246,29.0,Male,Pune,82603,52.0,40.0,4.0,4.0,Grocery,10260,72.0
12247,18.0,Female,Hyderabad,72030,93.0,45.0,15.0,5.0,Home Decor,3115,110.0
12248,37.0,Female,Mumbai,66299,53.0,3.0,3.0,2.0,Home Decor,2884,57.0
12249,45.0,Male,Mumbai,57920,54.0,12.0,17.0,5.0,Fashion,5647,110.0
12250,60.0,Male,Delhi,37301,47.0,37.0,8.0,3.0,Grocery,6797,93.0
12251,54.0,Female,Bangalore,84792,3.0,44.0,12.0,12.0,Fashion,7547,71.0
12252,64.0,Female,Hyderabad,84234,65.0,24.0,8.0,3.0,Home Decor,3024,70.0
12253,54.0,Male,Delhi,54578,15.0,2.0,5.0,7.0,Grocery,4332,70.0
12254,29.0,Male,Mumbai,42471,84.0,31.0,6.0,3.0,Grocery,8731,76.0
12255,54.0,Female,Delhi,108902,86.0,38.0,5.0,4.0,Electronics,4262,47.0
12256,66.0,Female,Hyderabad,76168,34.0,0.0,8.0,7.0,Home Decor,6780,89.0
12257,66.0,Female,Pune,79924,50.0,10.0,18.0,14.0,Home Decor,1211,19.0
12258,61.0,Female,Hyderabad,81003,33.0,1.0,4.0,3.0,Electronics,1774,141.0
12259,45.0,Female,Pune,39937,73.0,4.0,4.0,10.0,Home Decor,6932,45.0
12260,64.0,Male,Pune,107481,3.0,21.0,5.0,10.0,Fashion,4703,160.0
12261,32.0,Female,Pune,59912,2.0,45.0,15.0,13.0,Fashion,6512,158.0
12262,23.0,Female,Delhi,90551,4.0,12.0,6.0,2.0,Fashion,3744,85.0
12263,61.0,Male,Mumbai,106460,16.0,47.0,16.0,10.0,Grocery,1687,126.0
12264,37.0,Male,Delhi,72034,54.0,22.0,14.0,7.0,Fashion,5185,170.0
12265,67.0,Female,Mumbai,40463,33.0,46.0,14.0,5.0,Home Decor,2206,109.0
12266,31.0,Female,Hyderabad,7663,9.0,30.0,16.0,1.0,Electronics,5250,108.0
12267,19.0,Male,Bangalore,69039,57.0,34.0,4.0,12.0,Fashion,3068,72.0
12268,26.0,Female,Hyderabad,76253,40.0,37.0,11.0,10.0,Fashion,6304,170.0
12269,54.0,Female,Delhi,55480,52.0,40.0,19.0,13.0,Grocery,4459,135.0
12270,37.0,Male,Delhi,73392,82.0,34.0,19.0,8.0,Home Decor,4396,131.0
12271,43.0,Female,Mumbai,80758,16.0,44.0,8.0,3.0,Electronics,5683,37.0
12272,46.0,Male,Delhi,94848,8.0,12.0,10.0,11.0,Home Decor,6857,3.0
12273,18.0,Male,Pune,64285,87.0,6.0,5.0,7.0,Fashion,5364,146.0
12274,52.0,Male,Delhi,68866,60.0,4.0,16.0,6.0,Home Decor,8564,124.0
12275,23.0,Male,Mumbai,65534,36.0,28.0,3.0,10.0,Electronics,8482,170.0
12276,54.0,Female,Mumbai,70839,3.0,7.0,10.0,12.0,Fashion,3596,137.0
12277,22.0,Male,Pune,57170,15.0,7.0,13.0,13.0,Home Decor,2765,152.0
12278,50.0,Female,Mumbai,57050,97.0,6.0,7.0,14.0,Electronics,2555,7.0
12279,66.0,Female,Bangalore,58624,82.0,18.0,12.0,6.0,Fashion,8605,97.0
12280,68.0,Female,Hyderabad,73906,23.0,38.0,14.0,13.0,Fashion,2563,170.0
12281,,,,48817,,,,,,4222,
12282,29.0,Female,Bangalore,58725,30.0,35.0,9.0,8.0,Grocery,5022,102.0
12283,59.0,Male,Delhi,115214,45.0,41.0,12.0,13.0,Grocery,8541,102.0
12284,37.0,Male,Bangalore,92409,17.0,31.0,3.0,13.0,Electronics,2379,56.0
12285,67.0,Male,Delhi,46072,58.0,44.0,13.0,12.0,Home Decor,7174,146.0
12286,41.0,Male,Pune,91616,58.0,3.0,6.0,13.0,Electronics,5028,167.0
12287,60.0,Female,Mumbai,85684,96.0,29.0,6.0,4.0,Home Decor,4744,50.0
12288,51.0,Male,Mumbai,67402,57.0,41.0,19.0,4.0,Electronics,4946,161.0
12289,42.0,Female,Pune,52300,7.0,38.0,7.0,12.0,Electronics,3592,28.0
12290,67.0,Female,Bangalore,49462,39.0,4.0,4.0,3.0,Home Decor,4168,25.0
12291,46.0,Male,Hyderabad,75596,78.0,2.0,5.0,1.0,Grocery,3551,142.0
12292,56.0,Male,Bangalore,48844,58.0,21.0,1.0,14.0,Electronics,2377,84.0
12293,48.0,Male,Mumbai,97430,56.0,27.0,18.0,10.0,Home Decor,2645,135.0
12294,64.0,Male,Hyderabad,104520,15.0,21.0,17.0,3.0,Home Decor,7365,132.0
12295,60.0,Female,Delhi,68929,44.0,21.0,9.0,1.0,Home Decor,4299,158.0
12296,67.0,Female,Hyderabad,98469,12.0,33.0,9.0,6.0,Fashion,6342,62.0
12297,40.0,Male,Bangalore,59711,8.0,28.0,10.0,8.0,Home Decor,4644,165.0
12298,61.0,Female,Pune,52141,80.0,42.0,17.0,3.0,Home Decor,4610,85.0
12299,55.0,Female,Delhi,97506,41.0,41.0,13.0,14.0,Fashion,4848,65.0
12300,37.0,Female,Bangalore,109496,34.0,12.0,4.0,12.0,Fashion,6461,52.0
12301,40.0,Male,Delhi,119078,46.0,6.0,18.0,4.0,Grocery,3627,3.0
12302,62.0,Female,Hyderabad,78316,88.0,9.0,18.0,5.0,Home Decor,4691,77.0
12303,69.0,Male,Mumbai,91552,29.0,27.0,9.0,7.0,Electronics,6808,135.0
12304,33.0,Male,Bangalore,77765,16.0,3.0,3.0,12.0,Fashion,7167,70.0
12305,67.0,Female,Pune,105084,5.0,31.0,7.0,11.0,Fashion,7970,70.0
12306,59.0,Female,Hyderabad,80832,5.0,21.0,15.0,6.0,Grocery,3075,162.0
12307,25.0,Male,Bangalore,90127,30.0,19.0,9.0,2.0,Grocery,3720,96.0
12308,67.0,Female,Pune,41614,50.0,47.0,9.0,7.0,Grocery,4602,16.0
12309,38.0,Female,Bangalore,64220,5.0,19.0,4.0,8.0,Home Decor,2369,136.0
12310,18.0,Male,Hyderabad,90340,13.0,5.0,18.0,14.0,Home Decor,6744,149.0
12311,25.0,Male,Bangalore,88099,99.0,8.0,17.0,12.0,Home Decor,5576,121.0
12312,46.0,Male,Delhi,92472,49.0,27.0,6.0,14.0,Fashion,4690,11.0
12313,49.0,Male,Hyderabad,73016,89.0,12.0,7.0,1.0,Grocery,7059,50.0
12314,55.0,Female,Bangalore,53699,50.0,30.0,10.0,6.0,Fashion,3489,87.0
12315,22.0,Female,Mumbai,68526,14.0,38.0,10.0,11.0,Electronics,7257,6.0
12316,64.0,Male,Bangalore,71175,46.0,49.0,6.0,9.0,Home Decor,8483,110.0
12317,39.0,Male,Delhi,76043,90.0,13.0,6.0,7.0,Fashion,5615,143.0
12318,64.0,Male,Pune,45803,82.0,21.0,19.0,5.0,Electronics,4985,139.0
12319,51.0,Female,Pune,63353,84.0,36.0,8.0,13.0,Fashion,5336,155.0
12320,18.0,Male,Pune,67783,34.0,44.0,9.0,14.0,Electronics,2221,173.0
12321,43.0,Female,Mumbai,13944,71.0,23.0,1.0,10.0,Fashion,4607,166.0
12322,60.0,Male,Delhi,90812,47.0,7.0,16.0,11.0,Fashion,9116,4.0
12323,27.0,Male,Hyderabad,74100,60.0,14.0,6.0,10.0,Home Decor,9249,173.0
12324,,,,76632,,,,,,5182,
12325,67.0,Female,Delhi,57112,79.0,5.0,15.0,2.0,Fashion,3910,121.0
12326,35.0,Female,Bangalore,84656,81.0,22.0,12.0,7.0,Grocery,7057,157.0
12327,34.0,Female,Mumbai,49201,11.0,24.0,10.0,9.0,Fashion,4928,140.0
12328,43.0,Male,Delhi,53129,98.0,30.0,16.0,2.0,Home Decor,6892,168.0
12329,25.0,Female,Delhi,85708,91.0,45.0,15.0,13.0,Fashion,3513,84.0
12330,64.0,Female,Hyderabad,78929,85.0,28.0,11.0,11.0,Home Decor,5611,165.0
12331,57.0,Male,Delhi,38059,95.0,22.0,7.0,10.0,Grocery,4277,20.0
12332,66.0,Male,Hyderabad,109434,50.0,9.0,8.0,6.0,Home Decor,4988,12.0
12333,29.0,Female,Mumbai,51037,4.0,8.0,11.0,9.0,Grocery,3858,38.0
12334,44.0,Female,Mumbai,66685,41.0,48.0,9.0,14.0,Grocery,4720,158.0
12335,25.0,Female,Bangalore,113669,59.0,12.0,7.0,3.0,Grocery,5605,47.0
12336,42.0,Female,Hyderabad,18505,60.0,31.0,15.0,8.0,Grocery,6391,82.0
12337,63.0,Male,Hyderabad,27343,81.0,48.0,15.0,14.0,Grocery,4678,74.0
12338,21.0,Male,Pune,81048,62.0,44.0,16.0,5.0,Home Decor,7900,42.0
12339,50.0,Male,Pune,8036,84.0,40.0,3.0,7.0,Grocery,2426,5.0
12340,,,,18912,,,,,,2007,
12341,36.0,Female,Mumbai,99378,87.0,0.0,15.0,12.0,Grocery,3812,115.0
12342,48.0,Male,Pune,59778,79.0,36.0,1.0,3.0,Grocery,5021,127.0
12343,33.0,Male,Delhi,124902,33.0,39.0,14.0,8.0,Grocery,8247,99.0
12344,31.0,Female,Mumbai,44130,19.0,17.0,11.0,2.0,Electronics,4628,103.0
12345,65.0,Female,Delhi,62037,57.0,35.0,3.0,13.0,Fashion,3107,179.0
12346,22.0,Male,Hyderabad,83515,15.0,30.0,9.0,8.0,Fashion,3715,140.0
12347,58.0,Male,Mumbai,81788,41.0,0.0,6.0,2.0,Grocery,5161,138.0
12348,43.0,Male,Bangalore,63627,69.0,46.0,16.0,7.0,Grocery,2846,37.0
12349,45.0,Female,Hyderabad,53788,80.0,35.0,11.0,2.0,Electronics,8859,125.0
12350,19.0,Female,Hyderabad,75784,60.0,8.0,18.0,7.0,Grocery,316,66.0
12351,67.0,Female,Delhi,104422,96.0,21.0,17.0,1.0,Electronics,3473,67.0
12352,,,,89070,,,,,,3876,
12353,26.0,Female,Pune,54188,43.0,25.0,3.0,10.0,Home Decor,3050,47.0
12354,50.0,Female,Mumbai,45205,32.0,9.0,19.0,7.0,Fashion,6345,148.0
12355,58.0,Male,Pune,52680,13.0,46.0,15.0,4.0,Home Decor,3687,109.0
12356,42.0,Male,Delhi,38156,38.0,2.0,10.0,11.0,Home Decor,6240,113.0
12357,65.0,Female,Delhi,368425,26.0,1.0,8.0,11.0,Home Decor,32636,68.0
12358,,,,90344,,,,,,7474,
12359,26.0,Female,Hyderabad,68216,5.0,30.0,4.0,12.0,Electronics,5319,26.0
12360,30.0,Male,Bangalore,112994,49.0,32.0,8.0,6.0,Home Decor,5003,47.0
12361,48.0,Female,Delhi,114385,97.0,31.0,2.0,4.0,Electronics,6767,73.0
12362,58.0,Male,Mumbai,77693,91.0,42.0,8.0,3.0,Fashion,4427,3.0
12363,28.0,Male,Bangalore,87548,5.0,11.0,7.0,4.0,Home Decor,4024,130.0
12364,21.0,Female,Hyderabad,47488,71.0,2.0,9.0,6.0,Fashion,3018,169.0
12365,51.0,Female,Delhi,60979,48.0,47.0,18.0,5.0,Electronics,5617,30.0
12366,55.0,Male,Mumbai,101806,18.0,25.0,17.0,2.0,Electronics,2888,165.0
12367,63.0,Male,Mumbai,55518,95.0,13.0,1.0,2.0,Fashion,3584,3.0
12368,21.0,Female,Mumbai,107184,6.0,11.0,12.0,3.0,Electronics,9208,9.0
12369,55.0,Male,Delhi,97814,66.0,25.0,4.0,11.0,Fashion,6347,8.0
12370,36.0,Female,Bangalore,88790,77.0,15.0,17.0,6.0,Electronics,5807,9.0
12371,,,,40682,,,,,,3558,
12372,51.0,Male,Hyderabad,62200,52.0,48.0,3.0,14.0,Fashion,6542,145.0
12373,35.0,Female,Mumbai,86105,11.0,48.0,1.0,1.0,Home Decor,2966,152.0
12374,30.0,Male,Bangalore,45356,26.0,27.0,19.0,11.0,Home Decor,1949,142.0
12375,58.0,Male,Delhi,65248,21.0,6.0,2.0,7.0,Home Decor,3894,80.0
12376,40.0,Female,Mumbai,88803,66.0,14.0,6.0,8.0,Electronics,2640,18.0
12377,36.0,Male,Mumbai,55795,40.0,40.0,11.0,7.0,Fashion,5930,167.0
12378,,,,48838,,,,,,5731,
12379,28.0,Female,Hyderabad,24980,51.0,7.0,1.0,3.0,Home Decor,5456,175.0
12380,18.0,Female,Mumbai,60334,20.0,9.0,11.0,6.0,Grocery,6167,27.0
12381,41.0,Male,Mumbai,89329,81.0,14.0,16.0,14.0,Home Decor,6080,92.0
12382,24.0,Female,Hyderabad,48177,80.0,17.0,6.0,4.0,Home Decor,3646,71.0
12383,42.0,Male,Bangalore,70446,57.0,45.0,11.0,5.0,Home Decor,5959,34.0
12384,38.0,Female,Pune,64394,5.0,36.0,8.0,3.0,Grocery,5627,103.0
12385,32.0,Female,Pune,53334,14.0,40.0,1.0,5.0,Grocery,3767,147.0
12386,18.0,Female,Mumbai,90942,24.0,44.0,14.0,6.0,Fashion,4284,134.0
12387,29.0,Male,Hyderabad,111056,68.0,42.0,2.0,8.0,Grocery,6704,158.0
12388,24.0,Male,Delhi,95108,52.0,43.0,6.0,12.0,Fashion,2369,92.0
12389,32.0,Female,Delhi,52601,48.0,34.0,9.0,6.0,Grocery,5666,140.0
12390,38.0,Female,Pune,119809,88.0,1.0,14.0,9.0,Fashion,4783,143.0
12391,36.0,Male,Bangalore,95035,47.0,21.0,8.0,10.0,Home Decor,4943,109.0
12392,46.0,Male,Pune,58566,60.0,14.0,3.0,10.0,Grocery,4432,167.0
12393,42.0,Male,Mumbai,50616,73.0,36.0,10.0,14.0,Electronics,5842,103.0
12394,50.0,Female,Bangalore,98025,3.0,38.0,18.0,10.0,Electronics,1846,64.0
12395,66.0,Male,Delhi,74344,9.0,35.0,9.0,10.0,Fashion,5504,64.0
12396,49.0,Female,Hyderabad,48730,82.0,4.0,9.0,4.0,Grocery,2902,15.0
12397,66.0,Male,Hyderabad,66297,100.0,47.0,19.0,2.0,Grocery,7063,100.0
12398,52.0,Female,Mumbai,59820,83.0,14.0,13.0,12.0,Electronics,2414,67.0
12399,61.0,Female,Pune,49398,24.0,26.0,1.0,9.0,Grocery,208,1.0
12400,55.0,Female,Mumbai,95364,4.0,15.0,17.0,11.0,Grocery,1603,7.0
12401,43.0,Male,Hyderabad,89543,9.0,35.0,4.0,3.0,Fashion,4886,137.0
12402,28.0,Male,Delhi,90963,97.0,37.0,4.0,11.0,Home Decor,1894,1.0
12403,52.0,Male,Hyderabad,90616,1.0,17.0,16.0,7.0,Electronics,2387,5.0
12404,25.0,Female,Bangalore,47099,35.0,34.0,16.0,4.0,Home Decor,3604,47.0
12405,63.0,Female,Hyderabad,54907,74.0,24.0,15.0,12.0,Grocery,6057,100.0
12406,31.0,Male,Hyderabad,106466,12.0,21.0,6.0,12.0,Grocery,3465,10.0
12407,27.0,Female,Bangalore,72700,18.0,30.0,5.0,1.0,Fashion,4580,2.0
12408,19.0,Female,Pune,33238,78.0,36.0,10.0,8.0,Home Decor,4547,23.0
12409,63.0,Female,Hyderabad,75423,10.0,33.0,7.0,13.0,Home Decor,2109,103.0
12410,26.0,Male,Mumbai,86369,74.0,22.0,7.0,12.0,Fashion,5813,147.0
12411,20.0,Female,Hyderabad,83101,18.0,15.0,10.0,4.0,Home Decor,9503,166.0
12412,38.0,Male,Mumbai,46553,24.0,5.0,10.0,11.0,Fashion,1543,47.0
12413,43.0,Male,Bangalore,117168,1.0,14.0,15.0,6.0,Fashion,3234,84.0
12414,,,,32485,,,,,,2454,
12415,65.0,Male,Bangalore,72772,79.0,37.0,2.0,8.0,Grocery,4603,151.0
12416,19.0,Male,Bangalore,113413,72.0,12.0,8.0,10.0,Grocery,2097,50.0
12417,23.0,Female,Pune,84791,99.0,23.0,15.0,2.0,Fashion,7505,17.0
12418,45.0,Male,Hyderabad,90905,82.0,12.0,18.0,9.0,Grocery,7827,48.0
12419,46.0,Male,Mumbai,43670,16.0,0.0,5.0,10.0,Electronics,6384,121.0
12420,43.0,Male,Mumbai,78676,85.0,47.0,4.0,13.0,Electronics,6871,2.0
12421,42.0,Female,Hyderabad,69084,15.0,35.0,10.0,3.0,Grocery,5230,85.0
12422,29.0,Female,Pune,41748,62.0,48.0,19.0,1.0,Fashion,7159,13.0
12423,22.0,Female,Pune,91626,5.0,17.0,14.0,2.0,Electronics,4393,61.0
12424,51.0,Female,Pune,49512,45.0,47.0,13.0,8.0,Grocery,3927,11.0
12425,65.0,Male,Mumbai,52476,52.0,32.0,10.0,10.0,Electronics,6328,97.0
12426,54.0,Male,Bangalore,80814,71.0,37.0,6.0,6.0,Electronics,4229,27.0
12427,32.0,Female,Pune,66418,7.0,42.0,13.0,11.0,Electronics,9276,35.0
12428,61.0,Female,Mumbai,74232,27.0,5.0,11.0,1.0,Home Decor,7108,18.0
12429,53.0,Female,Mumbai,64887,89.0,16.0,15.0,11.0,Electronics,3884,68.0
12430,32.0,Female,Bangalore,105326,86.0,3.0,2.0,9.0,Grocery,4662,41.0
12431,60.0,Male,Hyderabad,46874,13.0,13.0,15.0,7.0,Electronics,4718,96.0
12432,65.0,Female,Hyderabad,58379,17.0,29.0,19.0,10.0,Grocery,3498,171.0
12433,40.0,Female,Pune,82029,44.0,45.0,17.0,11.0,Electronics,6776,177.0
12434,23.0,Female,Pune,45302,13.0,19.0,18.0,3.0,Electronics,3254,139.0
12435,63.0,Female,Bangalore,44194,90.0,7.0,6.0,13.0,Home Decor,4813,67.0
12436,67.0,Female,Pune,73443,73.0,1.0,15.0,7.0,Electronics,3459,179.0
12437,61.0,Female,Bangalore,91683,5.0,36.0,17.0,6.0,Grocery,3905,52.0
12438,60.0,Female,Mumbai,94946,33.0,3.0,9.0,3.0,Home Decor,6537,119.0
12439,62.0,Male,Pune,72293,4.0,9.0,12.0,8.0,Home Decor,6356,85.0
12440,38.0,Male,Mumbai,53196,92.0,19.0,5.0,1.0,Electronics,4300,171.0
12441,40.0,Male,Delhi,76891,26.0,34.0,14.0,5.0,Electronics,7274,70.0
12442,60.0,Male,Bangalore,84153,68.0,47.0,8.0,8.0,Fashion,6145,157.0
12443,33.0,Male,Delhi,76546,16.0,9.0,17.0,3.0,Electronics,5234,159.0
12444,64.0,Male,Pune,100854,22.0,27.0,9.0,11.0,Fashion,6816,28.0
12445,32.0,Female,Mumbai,44645,36.0,14.0,3.0,13.0,Grocery,7837,107.0
12446,42.0,Female,Pune,52575,58.0,35.0,7.0,10.0,Electronics,5880,178.0
12447,53.0,Male,Delhi,97383,55.0,0.0,12.0,11.0,Electronics,5546,36.0
12448,28.0,Female,Pune,33174,35.0,21.0,3.0,12.0,Fashion,1158,92.0
12449,68.0,Male,Hyderabad,56515,25.0,26.0,9.0,6.0,Fashion,5524,147.0
12450,32.0,Female,Delhi,51711,72.0,28.0,14.0,10.0,Home Decor,5929,12.0
12451,21.0,Female,Pune,30894,81.0,14.0,18.0,11.0,Home Decor,5628,76.0
12452,,,,65321,,,,,,3197,
12453,30.0,Female,Pune,88657,18.0,19.0,4.0,9.0,Grocery,3626,65.0
12454,39.0,Female,Mumbai,73908,58.0,21.0,8.0,2.0,Home Decor,6444,92.0
12455,36.0,Female,Hyderabad,89990,76.0,49.0,18.0,5.0,Home Decor,4223,80.0
12456,51.0,Male,Pune,498990,57.0,47.0,13.0,3.0,Home Decor,21420,149.0
12457,31.0,Male,Hyderabad,60359,97.0,8.0,4.0,10.0,Fashion,794,98.0
12458,21.0,Female,Delhi,136171,87.0,31.0,10.0,12.0,Electronics,4968,26.0
12459,65.0,Male,Mumbai,61364,63.0,16.0,8.0,9.0,Fashion,6612,118.0
12460,69.0,Female,Delhi,64686,12.0,41.0,12.0,9.0,Grocery,5604,163.0
12461,63.0,Male,Mumbai,52309,11.0,18.0,19.0,7.0,Fashion,4721,80.0
12462,44.0,Female,Hyderabad,83634,13.0,39.0,12.0,10.0,Electronics,2900,58.0
12463,46.0,Male,Bangalore,62737,35.0,26.0,2.0,5.0,Fashion,1414,170.0
12464,64.0,Female,Pune,68027,27.0,36.0,8.0,9.0,Grocery,3437,157.0
12465,,,,64869,,,,,,7080,
12466,52.0,Female,Mumbai,64302,67.0,46.0,1.0,2.0,Electronics,4891,137.0
12467,25.0,Male,Mumbai,73957,89.0,48.0,3.0,10.0,Electronics,6381,78.0
12468,33.0,Female,Mumbai,58744,45.0,9.0,2.0,1.0,Electronics,7869,121.0
12469,,,,59917,,,,,,5248,
12470,53.0,Female,Pune,96821,81.0,20.0,3.0,10.0,Electronics,6691,2.0
12471,47.0,Male,Delhi,313305,67.0,20.0,15.0,14.0,Grocery,29080,2.0
12472,35.0,Male,Bangalore,79588,22.0,33.0,2.0,4.0,Grocery,2201,111.0
12473,19.0,Male,Pune,47762,78.0,8.0,17.0,10.0,Fashion,3476,146.0
12474,66.0,Female,Mumbai,58882,91.0,33.0,6.0,8.0,Fashion,1632,69.0
12475,30.0,Male,Pune,39185,42.0,49.0,1.0,6.0,Electronics,1360,122.0
12476,21.0,Female,Hyderabad,116360,20.0,11.0,4.0,14.0,Home Decor,4002,151.0
12477,43.0,Male,Mumbai,104386,48.0,46.0,19.0,2.0,Home Decor,4488,19.0
12478,42.0,Male,Bangalore,84886,18.0,20.0,7.0,5.0,Electronics,1255,19.0
12479,47.0,Male,Mumbai,123777,77.0,19.0,14.0,9.0,Grocery,5909,112.0
12480,28.0,Male,Bangalore,89257,70.0,5.0,14.0,6.0,Fashion,4027,177.0
12481,24.0,Female,Bangalore,65700,74.0,49.0,10.0,6.0,Electronics,7870,173.0
12482,48.0,Male,Delhi,79312,93.0,44.0,7.0,7.0,Electronics,5367,28.0
12483,61.0,Male,Delhi,104019,6.0,35.0,16.0,13.0,Grocery,5352,75.0
12484,,,,47992,,,,,,4590,
12485,56.0,Female,Pune,40679,11.0,40.0,7.0,5.0,Home Decor,4761,139.0
12486,30.0,Male,Bangalore,80151,25.0,30.0,15.0,3.0,Home Decor,5740,55.0
12487,48.0,Male,Mumbai,55328,94.0,1.0,17.0,3.0,Electronics,6811,137.0
12488,24.0,Female,Hyderabad,13502,55.0,15.0,3.0,5.0,Electronics,2334,142.0
12489,66.0,Female,Hyderabad,38926,84.0,0.0,16.0,4.0,Electronics,3325,113.0
12490,59.0,Female,Mumbai,62214,58.0,3.0,2.0,5.0,Electronics,5587,149.0
12491,59.0,Male,Mumbai,71204,37.0,46.0,7.0,14.0,Electronics,4922,48.0
12492,53.0,Male,Delhi,71949,16.0,0.0,16.0,9.0,Home Decor,6583,58.0
12493,37.0,Male,Hyderabad,120129,95.0,46.0,9.0,5.0,Electronics,3655,137.0
12494,21.0,Female,Bangalore,64809,93.0,34.0,12.0,4.0,Fashion,7527,18.0
12495,24.0,Female,Pune,76953,70.0,12.0,1.0,13.0,Grocery,3965,12.0
12496,18.0,Female,Delhi,29352,93.0,49.0,14.0,4.0,Home Decor,4365,124.0
12497,61.0,Male,Hyderabad,69221,96.0,44.0,11.0,1.0,Grocery,7189,16.0
12498,62.0,Female,Mumbai,78354,73.0,41.0,18.0,10.0,Grocery,6142,165.0
12499,59.0,Male,Hyderabad,35618,37.0,30.0,5.0,4.0,Electronics,8964,148.0
12500,64.0,Female,Bangalore,46650,53.0,19.0,15.0,12.0,Grocery,6897,20.0
12501,30.0,Male,Delhi,82229,87.0,6.0,7.0,14.0,Fashion,7579,143.0
12502,39.0,Male,Mumbai,56341,16.0,39.0,14.0,4.0,Electronics,4406,25.0
12503,38.0,Female,Bangalore,67436,18.0,32.0,8.0,9.0,Home Decor,7606,145.0
12504,39.0,Male,Pune,83519,19.0,27.0,4.0,11.0,Fashion,5137,12.0
12505,45.0,Female,Delhi,120921,44.0,49.0,3.0,4.0,Home Decor,560,109.0
12506,26.0,Male,Bangalore,64455,2.0,43.0,12.0,7.0,Electronics,5948,170.0
12507,43.0,Female,Bangalore,114229,58.0,49.0,18.0,1.0,Electronics,6120,39.0
12508,26.0,Female,Mumbai,21030,10.0,43.0,15.0,14.0,Home Decor,2816,71.0
12509,32.0,Male,Pune,73709,76.0,19.0,11.0,7.0,Grocery,5719,47.0
12510,27.0,Female,Bangalore,61647,46.0,31.0,11.0,14.0,Home Decor,5231,25.0
12511,41.0,Male,Delhi,56688,82.0,8.0,12.0,2.0,Fashion,7425,178.0
12512,59.0,Female,Bangalore,86451,19.0,33.0,19.0,12.0,Grocery,5876,118.0
12513,25.0,Female,Hyderabad,64634,38.0,13.0,17.0,11.0,Electronics,5000,33.0
12514,41.0,Female,Delhi,19376,37.0,3.0,6.0,8.0,Fashion,2337,29.0
12515,33.0,Female,Delhi,30290,91.0,28.0,8.0,1.0,Fashion,1067,3.0
12516,,,,88050,,,,,,7531,
12517,43.0,Female,Mumbai,29069,45.0,16.0,10.0,3.0,Grocery,5788,4.0
12518,44.0,Female,Delhi,88720,34.0,18.0,15.0,8.0,Electronics,4519,165.0
12519,54.0,Male,Hyderabad,73119,2.0,37.0,12.0,10.0,Fashion,6109,95.0
12520,21.0,Male,Mumbai,65742,44.0,8.0,11.0,8.0,Fashion,4525,134.0
12521,67.0,Male,Mumbai,67963,97.0,26.0,18.0,11.0,Fashion,997,138.0
12522,41.0,Male,Mumbai,82868,83.0,48.0,5.0,13.0,Electronics,7026,12.0
12523,36.0,Male,Delhi,40562,27.0,14.0,12.0,5.0,Home Decor,7281,118.0
12524,53.0,Male,Mumbai,71057,48.0,36.0,5.0,5.0,Fashion,4342,66.0
12525,56.0,Female,Bangalore,41512,94.0,27.0,10.0,8.0,Fashion,4916,131.0
12526,27.0,Male,Mumbai,74091,7.0,49.0,14.0,10.0,Grocery,3773,64.0
12527,42.0,Female,Hyderabad,86161,27.0,3.0,16.0,5.0,Home Decor,8689,35.0
12528,,,,74148,,,,,,7408,
12529,36.0,Female,Hyderabad,85215,71.0,33.0,11.0,1.0,Fashion,3375,175.0
12530,53.0,Female,Delhi,52499,89.0,18.0,19.0,5.0,Home Decor,6210,112.0
12531,27.0,Female,Mumbai,68445,18.0,36.0,8.0,3.0,Grocery,3245,52.0
12532,50.0,Male,Mumbai,64050,33.0,3.0,19.0,3.0,Electronics,3374,34.0
12533,67.0,Male,Bangalore,62414,33.0,36.0,18.0,2.0,Grocery,4114,84.0
12534,22.0,Male,Mumbai,49983,96.0,31.0,12.0,3.0,Home Decor,3784,80.0
12535,64.0,Male,Hyderabad,59204,25.0,44.0,13.0,7.0,Grocery,1881,111.0
12536,66.0,Female,Delhi,42182,14.0,47.0,18.0,8.0,Home Decor,7652,153.0
12537,52.0,Male,Pune,27646,38.0,11.0,15.0,12.0,Home Decor,5422,157.0
12538,61.0,Female,Mumbai,52482,38.0,40.0,15.0,8.0,Grocery,8107,92.0
12539,51.0,Female,Pune,85648,4.0,15.0,12.0,11.0,Grocery,4667,41.0
12540,50.0,Male,Mumbai,75851,62.0,13.0,9.0,8.0,Electronics,2064,87.0
12541,38.0,Male,Delhi,38584,82.0,0.0,19.0,1.0,Grocery,7050,51.0
12542,34.0,Male,Hyderabad,59849,10.0,31.0,12.0,14.0,Home Decor,5522,126.0
12543,39.0,Female,Delhi,87311,35.0,20.0,5.0,11.0,Fashion,4469,146.0
12544,65.0,Male,Pune,58787,99.0,3.0,10.0,7.0,Grocery,7409,41.0
12545,54.0,Female,Mumbai,34555,23.0,8.0,7.0,2.0,Grocery,2313,99.0
12546,32.0,Male,Pune,126440,89.0,45.0,11.0,11.0,Home Decor,6962,107.0
12547,52.0,Female,Hyderabad,65826,65.0,21.0,8.0,10.0,Fashion,6436,24.0
12548,45.0,Male,Delhi,40910,82.0,11.0,7.0,4.0,Electronics,5462,47.0
12549,24.0,Male,Pune,74281,79.0,29.0,16.0,5.0,Fashion,2044,28.0
12550,49.0,Female,Pune,67859,25.0,29.0,16.0,12.0,Home Decor,6876,36.0
12551,28.0,Male,Hyderabad,31463,96.0,31.0,14.0,1.0,Home Decor,6488,21.0
12552,27.0,Male,Mumbai,72334,53.0,35.0,15.0,14.0,Home Decor,5532,69.0
12553,26.0,Male,Pune,94593,84.0,6.0,9.0,4.0,Home Decor,4890,154.0
12554,31.0,Male,Hyderabad,64177,17.0,16.0,16.0,4.0,Fashion,2742,44.0
12555,30.0,Male,Mumbai,18495,57.0,0.0,16.0,9.0,Fashion,2759,161.0
12556,42.0,Male,Mumbai,78548,75.0,13.0,5.0,9.0,Fashion,3449,154.0
12557,19.0,Male,Delhi,85072,77.0,46.0,3.0,13.0,Grocery,1849,121.0
12558,52.0,Female,Hyderabad,55339,89.0,43.0,13.0,13.0,Home Decor,1915,150.0
12559,24.0,Female,Mumbai,55523,20.0,43.0,8.0,11.0,Grocery,4112,148.0
12560,38.0,Male,Delhi,126446,25.0,37.0,17.0,10.0,Grocery,2333,2.0
12561,35.0,Male,Bangalore,53544,42.0,25.0,5.0,1.0,Grocery,4535,41.0
12562,20.0,Male,Hyderabad,41952,45.0,26.0,6.0,8.0,Electronics,5131,54.0
12563,59.0,Female,Bangalore,70627,31.0,44.0,2.0,4.0,Grocery,2102,146.0
12564,56.0,Female,Mumbai,84371,65.0,15.0,14.0,4.0,Home Decor,6655,133.0
12565,58.0,Male,Hyderabad,416550,52.0,45.0,4.0,5.0,Grocery,28084,46.0
12566,66.0,Female,Delhi,8298,80.0,6.0,3.0,2.0,Home Decor,628,75.0
12567,28.0,Male,Mumbai,53481,92.0,31.0,9.0,1.0,Electronics,7705,149.0
12568,56.0,Male,Hyderabad,98822,21.0,24.0,18.0,5.0,Fashion,6118,150.0
12569,41.0,Male,Hyderabad,78167,30.0,30.0,12.0,7.0,Home Decor,5187,3.0
12570,63.0,Male,Bangalore,39105,3.0,15.0,9.0,10.0,Grocery,7924,9.0
12571,,,,101060,,,,,,5212,
12572,21.0,Female,Delhi,94122,70.0,13.0,13.0,12.0,Grocery,3439,28.0
12573,43.0,Male,Delhi,62584,43.0,24.0,14.0,12.0,Fashion,2014,34.0
12574,55.0,Female,Mumbai,91986,29.0,29.0,10.0,13.0,Home Decor,4764,59.0
12575,59.0,Female,Mumbai,119993,3.0,6.0,3.0,2.0,Grocery,4757,10.0
12576,,,,43640,,,,,,1592,
12577,56.0,Female,Bangalore,83886,33.0,2.0,18.0,8.0,Fashion,4284,93.0
12578,62.0,Male,Mumbai,119648,75.0,26.0,16.0,7.0,Fashion,8070,2.0
12579,63.0,Male,Mumbai,86325,45.0,45.0,17.0,2.0,Fashion,6008,48.0
12580,53.0,Male,Pune,51140,69.0,18.0,6.0,5.0,Home Decor,2304,134.0
12581,57.0,Male,Pune,75972,32.0,42.0,12.0,7.0,Home Decor,5608,44.0
12582,54.0,Female,Hyderabad,104247,82.0,36.0,19.0,3.0,Grocery,6403,36.0
12583,50.0,Male,Delhi,44605,84.0,44.0,3.0,2.0,Fashion,7060,136.0
12584,53.0,Female,Bangalore,69247,52.0,41.0,3.0,6.0,Grocery,6168,83.0
12585,20.0,Male,Hyderabad,63912,64.0,6.0,18.0,10.0,Home Decor,7323,10.0
12586,26.0,Male,Mumbai,54214,40.0,48.0,11.0,13.0,Electronics,6511,161.0
12587,,,,76038,,,,,,4512,
12588,50.0,Male,Delhi,67482,13.0,31.0,19.0,11.0,Grocery,5660,93.0
12589,23.0,Female,Hyderabad,86083,90.0,7.0,5.0,4.0,Fashion,4542,19.0
12590,58.0,Female,Delhi,98524,80.0,48.0,13.0,1.0,Grocery,5806,18.0
12591,56.0,Male,Pune,38179,89.0,12.0,5.0,5.0,Grocery,6470,115.0
12592,21.0,Male,Hyderabad,71688,74.0,10.0,3.0,1.0,Electronics,4848,179.0
12593,30.0,Male,Hyderabad,68671,29.0,19.0,19.0,11.0,Home Decor,5607,23.0
12594,66.0,Male,Delhi,75085,63.0,17.0,17.0,14.0,Fashion,4034,129.0
12595,19.0,Male,Pune,69613,84.0,36.0,3.0,11.0,Home Decor,4389,59.0
12596,22.0,Male,Mumbai,45483,26.0,5.0,15.0,8.0,Grocery,4861,107.0
12597,61.0,Female,Hyderabad,106368,96.0,19.0,17.0,2.0,Home Decor,3879,131.0
12598,44.0,Female,Mumbai,117019,59.0,31.0,13.0,9.0,Electronics,7654,10.0
12599,49.0,Male,Pune,83672,49.0,45.0,14.0,9.0,Home Decor,6193,123.0
12600,38.0,Female,Hyderabad,84952,53.0,43.0,16.0,3.0,Grocery,6480,49.0
12601,25.0,Female,Hyderabad,73276,88.0,28.0,11.0,6.0,Grocery,6119,56.0
12602,55.0,Male,Mumbai,94230,31.0,3.0,17.0,9.0,Electronics,5339,90.0
12603,25.0,Male,Bangalore,8921,12.0,6.0,5.0,7.0,Fashion,2565,144.0
12604,67.0,Female,Mumbai,69903,58.0,42.0,15.0,4.0,Electronics,7244,39.0
12605,20.0,Male,Mumbai,55684,36.0,19.0,18.0,3.0,Fashion,9162,109.0
12606,61.0,Female,Bangalore,73645,10.0,33.0,16.0,2.0,Grocery,6323,96.0
12607,20.0,Male,Pune,97315,6.0,35.0,14.0,10.0,Home Decor,3426,44.0
12608,39.0,Female,Pune,70475,7.0,6.0,14.0,10.0,Grocery,6188,8.0
12609,23.0,Female,Hyderabad,60987,31.0,32.0,13.0,1.0,Electronics,3400,136.0
12610,19.0,Female,Delhi,34918,91.0,14.0,1.0,11.0,Electronics,4046,45.0
12611,40.0,Female,Delhi,67268,72.0,31.0,6.0,10.0,Home Decor,160,139.0
12612,61.0,Male,Hyderabad,86806,3.0,21.0,11.0,11.0,Electronics,7739,97.0
12613,19.0,Male,Delhi,48972,47.0,39.0,11.0,1.0,Grocery,5633,153.0
12614,55.0,Female,Mumbai,19916,85.0,28.0,16.0,12.0,Home Decor,6145,17.0
12615,34.0,Female,Mumbai,126856,1.0,24.0,3.0,4.0,Fashion,6578,83.0
12616,52.0,Male,Bangalore,78379,45.0,4.0,17.0,4.0,Electronics,5954,79.0
12617,51.0,Male,Bangalore,64460,54.0,13.0,14.0,9.0,Fashion,6953,56.0
12618,40.0,Female,Hyderabad,104774,50.0,49.0,2.0,10.0,Home Decor,7730,44.0
12619,47.0,Female,Hyderabad,73536,79.0,34.0,9.0,1.0,Electronics,4928,53.0
12620,69.0,Female,Hyderabad,103300,7.0,1.0,8.0,11.0,Home Decor,1677,163.0
12621,25.0,Female,Mumbai,101159,63.0,24.0,11.0,4.0,Electronics,3312,39.0
12622,39.0,Female,Delhi,38136,15.0,15.0,7.0,3.0,Electronics,6237,130.0
12623,61.0,Male,Hyderabad,81499,89.0,45.0,2.0,9.0,Electronics,2945,98.0
12624,53.0,Female,Hyderabad,113132,67.0,15.0,4.0,13.0,Home Decor,4874,25.0
12625,22.0,Male,Mumbai,45033,30.0,10.0,14.0,5.0,Home Decor,10001,166.0
12626,30.0,Male,Mumbai,45340,78.0,48.0,13.0,9.0,Grocery,7089,80.0
12627,46.0,Male,Mumbai,49569,68.0,34.0,13.0,10.0,Grocery,976,32.0
12628,48.0,Female,Delhi,92260,36.0,22.0,13.0,6.0,Home Decor,9662,79.0
12629,64.0,Male,Hyderabad,77109,67.0,4.0,5.0,11.0,Home Decor,7734,78.0
12630,33.0,Male,Pune,21605,5.0,34.0,12.0,9.0,Electronics,6326,169.0
12631,59.0,Male,Pune,78523,25.0,28.0,6.0,1.0,Grocery,5269,79.0
12632,47.0,Male,Hyderabad,63702,95.0,46.0,14.0,13.0,Grocery,2241,71.0
12633,33.0,Female,Hyderabad,67193,11.0,4.0,8.0,4.0,Home Decor,4253,7.0
12634,,,,49074,,,,,,1033,
12635,34.0,Male,Hyderabad,78706,90.0,5.0,7.0,14.0,Home Decor,6903,17.0
12636,33.0,Male,Delhi,96261,66.0,22.0,17.0,10.0,Grocery,5370,117.0
12637,29.0,Female,Pune,53950,28.0,45.0,11.0,10.0,Fashion,3513,104.0
12638,25.0,Female,Bangalore,27938,60.0,1.0,10.0,6.0,Fashion,7020,77.0
12639,37.0,Female,Pune,62422,10.0,17.0,13.0,10.0,Grocery,5665,59.0
12640,20.0,Male,Pune,88907,50.0,29.0,10.0,13.0,Home Decor,8278,11.0
12641,33.0,Female,Mumbai,59474,39.0,37.0,14.0,1.0,Fashion,4112,125.0
12642,47.0,Male,Hyderabad,32561,37.0,4.0,9.0,10.0,Electronics,7786,51.0
12643,62.0,Male,Hyderabad,89081,63.0,45.0,7.0,5.0,Home Decor,5449,7.0
12644,40.0,Female,Hyderabad,105383,61.0,48.0,7.0,3.0,Fashion,3450,155.0
12645,45.0,Male,Mumbai,70500,85.0,10.0,18.0,1.0,Electronics,6187,37.0
12646,68.0,Female,Delhi,29855,92.0,0.0,16.0,6.0,Fashion,5149,5.0
12647,57.0,Male,Delhi,62054,38.0,9.0,8.0,3.0,Fashion,5911,62.0
12648,22.0,Female,Bangalore,73788,33.0,40.0,16.0,4.0,Electronics,3027,74.0
12649,37.0,Male,Delhi,49757,75.0,43.0,19.0,12.0,Electronics,379,90.0
12650,57.0,Male,Delhi,84584,45.0,25.0,15.0,9.0,Grocery,4010,79.0
12651,61.0,Female,Hyderabad,47313,44.0,32.0,15.0,2.0,Fashion,6143,55.0
12652,18.0,Female,Pune,70640,1.0,26.0,6.0,1.0,Electronics,6084,144.0
12653,47.0,Female,Delhi,64291,53.0,49.0,9.0,10.0,Grocery,4092,92.0
12654,,,,85396,,,,,,5467,
12655,37.0,Male,Mumbai,69643,33.0,1.0,7.0,12.0,Grocery,4215,56.0
12656,23.0,Female,Bangalore,65087,67.0,0.0,8.0,1.0,Grocery,4731,179.0
12657,39.0,Female,Mumbai,49928,90.0,0.0,18.0,1.0,Electronics,7524,174.0
12658,35.0,Male,Hyderabad,70869,15.0,32.0,16.0,14.0,Electronics,2332,61.0
12659,25.0,Female,Pune,63494,14.0,21.0,15.0,7.0,Fashion,8773,104.0
12660,,,,48236,,,,,,5347,
12661,49.0,Male,Mumbai,73987,54.0,38.0,1.0,4.0,Grocery,9037,78.0
12662,50.0,Female,Delhi,79099,8.0,35.0,13.0,4.0,Electronics,8722,33.0
12663,33.0,Female,Delhi,61539,54.0,20.0,12.0,2.0,Fashion,452,55.0
12664,29.0,Female,Bangalore,93289,36.0,19.0,9.0,6.0,Grocery,5367,18.0
12665,55.0,Female,Delhi,76599,84.0,35.0,2.0,10.0,Fashion,3037,140.0
12666,69.0,Female,Mumbai,37903,52.0,25.0,9.0,14.0,Grocery,4729,74.0
12667,51.0,Female,Mumbai,103434,6.0,46.0,8.0,2.0,Fashion,5914,21.0
12668,31.0,Male,Delhi,89174,97.0,30.0,5.0,12.0,Electronics,7914,97.0
12669,53.0,Female,Delhi,95045,28.0,0.0,13.0,8.0,Home Decor,2830,154.0
12670,50.0,Male,Hyderabad,80012,50.0,37.0,2.0,4.0,Home Decor,10058,149.0
12671,40.0,Male,Pune,11556,38.0,13.0,10.0,1.0,Grocery,3838,150.0
12672,67.0,Male,Bangalore,97315,30.0,25.0,6.0,7.0,Home Decor,2313,46.0
12673,62.0,Male,Mumbai,71519,81.0,45.0,7.0,6.0,Home Decor,7189,41.0
12674,19.0,Female,Bangalore,78830,73.0,41.0,3.0,12.0,Grocery,5255,5.0
12675,58.0,Female,Hyderabad,83509,92.0,6.0,14.0,14.0,Home Decor,9422,44.0
12676,38.0,Female,Mumbai,118406,54.0,11.0,16.0,6.0,Fashion,3031,144.0
12677,19.0,Male,Hyderabad,56344,71.0,23.0,6.0,11.0,Fashion,5368,163.0
12678,44.0,Female,Hyderabad,56989,46.0,18.0,8.0,3.0,Fashion,7540,5.0
12679,26.0,Female,Delhi,48724,28.0,8.0,1.0,10.0,Electronics,3308,62.0
12680,18.0,Female,Bangalore,43251,17.0,34.0,15.0,7.0,Fashion,7563,90.0
12681,28.0,Male,Bangalore,43711,48.0,3.0,17.0,6.0,Home Decor,5795,26.0
12682,20.0,Male,Delhi,23705,44.0,44.0,18.0,10.0,Home Decor,2988,61.0
12683,69.0,Female,Bangalore,80666,60.0,41.0,3.0,10.0,Fashion,7526,179.0
12684,40.0,Male,Delhi,119695,60.0,31.0,6.0,9.0,Electronics,4607,69.0
12685,43.0,Male,Mumbai,121289,5.0,45.0,17.0,3.0,Fashion,7376,50.0
12686,21.0,Female,Hyderabad,48690,69.0,5.0,13.0,3.0,Electronics,3594,125.0
12687,35.0,Male,Hyderabad,63196,78.0,27.0,17.0,4.0,Electronics,2095,36.0
12688,23.0,Male,Bangalore,100833,70.0,27.0,16.0,3.0,Fashion,4119,152.0
12689,52.0,Female,Pune,80808,7.0,39.0,17.0,4.0,Electronics,4755,30.0
12690,,,,73362,,,,,,5389,
12691,60.0,Male,Delhi,63581,17.0,41.0,16.0,1.0,Fashion,6067,176.0
12692,32.0,Male,Pune,99457,59.0,4.0,6.0,2.0,Home Decor,8919,22.0
12693,39.0,Male,Pune,43173,9.0,4.0,8.0,10.0,Electronics,4793,33.0
12694,54.0,Male,Hyderabad,82021,95.0,36.0,1.0,6.0,Grocery,8563,69.0
12695,69.0,Male,Hyderabad,78623,22.0,40.0,2.0,12.0,Fashion,7049,96.0
12696,59.0,Male,Hyderabad,71084,45.0,27.0,15.0,13.0,Grocery,4838,50.0
12697,,,,89693,,,,,,5613,
12698,64.0,Female,Pune,70843,59.0,46.0,15.0,12.0,Grocery,5791,138.0
12699,66.0,Female,Bangalore,56636,80.0,8.0,10.0,14.0,Grocery,7051,164.0
12700,59.0,Female,Delhi,72312,100.0,28.0,5.0,1.0,Home Decor,7356,114.0
12701,55.0,Female,Mumbai,30197,98.0,13.0,3.0,6.0,Fashion,2199,17.0
12702,35.0,Male,Hyderabad,85317,13.0,37.0,6.0,14.0,Home Decor,6957,91.0
12703,62.0,Female,Pune,91705,83.0,39.0,15.0,11.0,Electronics,5815,136.0
12704,52.0,Female,Delhi,53584,12.0,33.0,18.0,12.0,Fashion,5785,172.0
12705,47.0,Male,Mumbai,47637,36.0,36.0,14.0,9.0,Fashion,4734,122.0
12706,41.0,Male,Delhi,54506,10.0,48.0,10.0,8.0,Home Decor,6407,134.0
12707,59.0,Male,Delhi,68424,16.0,41.0,4.0,10.0,Electronics,6776,71.0
12708,,,,75397,,,,,,5224,
12709,31.0,Male,Bangalore,110387,19.0,17.0,7.0,13.0,Electronics,7043,165.0
12710,23.0,Female,Delhi,107227,6.0,32.0,15.0,4.0,Home Decor,3737,54.0
12711,20.0,Male,Mumbai,90788,4.0,33.0,9.0,6.0,Home Decor,5023,23.0
12712,33.0,Female,Pune,73031,30.0,27.0,15.0,11.0,Home Decor,5721,51.0
12713,24.0,Female,Pune,46826,95.0,35.0,12.0,14.0,Grocery,4381,58.0
12714,69.0,Male,Hyderabad,111990,46.0,44.0,18.0,12.0,Fashion,4338,147.0
12715,31.0,Female,Hyderabad,63808,27.0,47.0,6.0,5.0,Electronics,3140,155.0
12716,26.0,Female,Pune,77034,45.0,36.0,18.0,13.0,Electronics,5863,25.0
12717,32.0,Male,Delhi,85683,85.0,22.0,18.0,6.0,Grocery,8889,149.0
12718,38.0,Female,Delhi,71539,37.0,41.0,6.0,14.0,Home Decor,6204,123.0
12719,52.0,Female,Bangalore,98777,9.0,16.0,15.0,14.0,Electronics,4664,25.0
12720,19.0,Female,Bangalore,81384,61.0,10.0,19.0,10.0,Fashion,7631,125.0
12721,44.0,Male,Hyderabad,94715,35.0,31.0,5.0,11.0,Electronics,4931,179.0
12722,19.0,Male,Pune,81183,47.0,36.0,4.0,3.0,Home Decor,6500,71.0
12723,52.0,Male,Delhi,69052,21.0,14.0,17.0,7.0,Electronics,6120,35.0
12724,35.0,Female,Pune,71854,17.0,3.0,10.0,8.0,Home Decor,2014,70.0
12725,31.0,Male,Mumbai,68443,55.0,38.0,12.0,5.0,Fashion,5200,104.0
12726,37.0,Female,Pune,37892,88.0,29.0,5.0,5.0,Grocery,9286,178.0
12727,35.0,Male,Mumbai,44979,95.0,9.0,7.0,12.0,Home Decor,3916,143.0
12728,27.0,Female,Bangalore,88513,6.0,22.0,12.0,4.0,Home Decor,8186,152.0
12729,42.0,Male,Bangalore,38515,35.0,23.0,2.0,10.0,Electronics,7025,49.0
12730,19.0,Male,Hyderabad,59894,50.0,35.0,17.0,5.0,Grocery,4101,68.0
12731,42.0,Female,Pune,43747,37.0,4.0,13.0,12.0,Home Decor,5210,7.0
12732,50.0,Male,Pune,58557,13.0,36.0,5.0,10.0,Electronics,3084,94.0
12733,53.0,Female,Mumbai,66118,25.0,42.0,5.0,11.0,Fashion,6900,128.0
12734,48.0,Male,Bangalore,59844,96.0,18.0,12.0,8.0,Grocery,3109,81.0
12735,31.0,Male,Mumbai,34290,1.0,36.0,12.0,5.0,Electronics,6005,38.0
12736,18.0,Female,Bangalore,65361,49.0,7.0,7.0,9.0,Grocery,8856,94.0
12737,63.0,Female,Mumbai,46027,35.0,6.0,6.0,13.0,Home Decor,3906,45.0
12738,33.0,Female,Bangalore,54086,83.0,39.0,10.0,12.0,Electronics,5890,103.0
12739,63.0,Male,Mumbai,88513,53.0,12.0,19.0,13.0,Fashion,2209,137.0
12740,69.0,Female,Bangalore,93884,52.0,36.0,16.0,1.0,Fashion,5284,55.0
12741,20.0,Male,Mumbai,37225,54.0,26.0,2.0,7.0,Electronics,3174,52.0
12742,52.0,Female,Pune,109216,76.0,17.0,4.0,5.0,Electronics,5689,111.0
12743,58.0,Female,Hyderabad,57247,47.0,23.0,9.0,4.0,Grocery,4128,49.0
12744,23.0,Female,Mumbai,54974,43.0,40.0,5.0,3.0,Electronics,3218,70.0
12745,42.0,Female,Hyderabad,47708,20.0,1.0,1.0,12.0,Grocery,4925,111.0
12746,30.0,Female,Pune,71397,33.0,15.0,11.0,10.0,Home Decor,-104,131.0
12747,51.0,Female,Pune,119538,93.0,13.0,19.0,7.0,Electronics,3090,68.0
12748,25.0,Male,Bangalore,31508,16.0,16.0,3.0,12.0,Home Decor,9941,101.0
12749,38.0,Female,Hyderabad,18577,78.0,5.0,1.0,2.0,Fashion,4740,38.0
12750,51.0,Male,Delhi,76712,7.0,34.0,4.0,5.0,Grocery,4247,49.0
12751,21.0,Female,Bangalore,84233,70.0,16.0,9.0,2.0,Grocery,5945,92.0
12752,42.0,Female,Hyderabad,71316,21.0,44.0,16.0,7.0,Fashion,7318,8.0
12753,32.0,Female,Mumbai,84894,36.0,37.0,7.0,6.0,Home Decor,8500,116.0
12754,21.0,Male,Mumbai,41718,86.0,39.0,5.0,13.0,Grocery,5102,95.0
12755,,,,46378,,,,,,4820,
12756,29.0,Female,Delhi,73098,19.0,47.0,11.0,7.0,Fashion,6004,29.0
12757,49.0,Male,Mumbai,113951,25.0,37.0,14.0,12.0,Fashion,5352,79.0
12758,49.0,Female,Hyderabad,84017,67.0,48.0,17.0,9.0,Electronics,4902,177.0
12759,45.0,Female,Hyderabad,85180,100.0,20.0,12.0,13.0,Home Decor,6440,24.0
12760,30.0,Male,Mumbai,43158,53.0,34.0,19.0,2.0,Fashion,6410,149.0
12761,48.0,Male,Hyderabad,80560,98.0,22.0,5.0,9.0,Home Decor,5354,113.0
12762,31.0,Male,Hyderabad,40446,75.0,11.0,8.0,7.0,Grocery,10059,23.0
12763,37.0,Male,Pune,114193,48.0,28.0,2.0,2.0,Electronics,9048,95.0
12764,35.0,Female,Delhi,44701,42.0,26.0,17.0,10.0,Fashion,6346,156.0
12765,46.0,Male,Pune,50087,47.0,5.0,2.0,2.0,Fashion,7552,160.0
12766,23.0,Male,Delhi,33173,91.0,20.0,3.0,4.0,Fashion,3886,150.0
12767,49.0,Female,Hyderabad,72145,42.0,6.0,18.0,2.0,Grocery,5295,67.0
12768,,,,71094,,,,,,6696,
12769,60.0,Male,Hyderabad,107831,6.0,40.0,5.0,6.0,Home Decor,8025,73.0
12770,19.0,Male,Hyderabad,89410,46.0,15.0,17.0,10.0,Home Decor,3166,6.0
12771,40.0,Male,Pune,50230,66.0,4.0,14.0,14.0,Home Decor,3920,65.0
12772,36.0,Female,Pune,91834,81.0,14.0,1.0,11.0,Home Decor,5394,22.0
12773,48.0,Female,Bangalore,38912,40.0,20.0,14.0,5.0,Home Decor,8286,179.0
12774,68.0,Male,Mumbai,52041,58.0,3.0,9.0,12.0,Home Decor,5390,109.0
12775,22.0,Male,Bangalore,72961,78.0,4.0,5.0,3.0,Home Decor,7541,116.0
12776,36.0,Female,Bangalore,41702,74.0,6.0,4.0,11.0,Electronics,4917,55.0
12777,51.0,Male,Delhi,96616,33.0,34.0,1.0,1.0,Electronics,6696,170.0
12778,27.0,Male,Hyderabad,126982,62.0,35.0,3.0,9.0,Grocery,3057,19.0
12779,42.0,Male,Hyderabad,62636,12.0,14.0,11.0,8.0,Fashion,3728,108.0
12780,19.0,Male,Hyderabad,53707,96.0,27.0,16.0,6.0,Electronics,4733,129.0
12781,28.0,Male,Mumbai,66760,49.0,1.0,11.0,6.0,Fashion,2840,169.0
12782,67.0,Male,Delhi,56065,88.0,4.0,10.0,12.0,Grocery,2724,48.0
12783,48.0,Male,Delhi,76543,78.0,6.0,12.0,4.0,Electronics,4330,160.0
12784,32.0,Male,Hyderabad,36939,5.0,21.0,5.0,13.0,Grocery,2205,178.0
12785,26.0,Male,Bangalore,77962,51.0,48.0,10.0,2.0,Electronics,4869,142.0
12786,40.0,Female,Mumbai,117798,69.0,30.0,13.0,12.0,Electronics,5670,17.0
12787,36.0,Female,Bangalore,19946,32.0,31.0,19.0,4.0,Home Decor,3423,96.0
12788,26.0,Female,Pune,40783,49.0,7.0,7.0,14.0,Fashion,4390,30.0
12789,52.0,Male,Delhi,58873,97.0,40.0,16.0,2.0,Grocery,4335,121.0
12790,38.0,Male,Delhi,83547,60.0,41.0,6.0,13.0,Home Decor,8177,111.0
12791,26.0,Female,Bangalore,92259,46.0,10.0,10.0,7.0,Electronics,5320,179.0
12792,45.0,Male,Mumbai,90248,68.0,0.0,10.0,9.0,Electronics,9514,98.0
12793,63.0,Female,Delhi,27707,94.0,46.0,11.0,13.0,Grocery,4174,152.0
12794,68.0,Male,Bangalore,53141,41.0,39.0,10.0,2.0,Fashion,4170,120.0
12795,24.0,Female,Mumbai,47492,81.0,18.0,14.0,9.0,Grocery,7300,142.0
12796,33.0,Female,Bangalore,68370,67.0,43.0,15.0,9.0,Electronics,-42,34.0
12797,33.0,Female,Mumbai,70457,13.0,37.0,7.0,8.0,Home Decor,6561,111.0
12798,50.0,Male,Hyderabad,35769,100.0,41.0,13.0,1.0,Grocery,4814,86.0
12799,21.0,Female,Mumbai,59011,18.0,36.0,11.0,5.0,Home Decor,5226,161.0
12800,21.0,Male,Pune,84512,87.0,6.0,7.0,14.0,Fashion,4328,108.0
12801,56.0,Male,Hyderabad,54291,99.0,38.0,11.0,10.0,Fashion,6179,118.0
12802,,,,64994,,,,,,1307,
12803,34.0,Male,Hyderabad,112422,51.0,21.0,17.0,13.0,Fashion,3512,58.0
12804,54.0,Male,Hyderabad,119750,36.0,26.0,16.0,11.0,Home Decor,8918,18.0
12805,,,,15965,,,,,,5128,
12806,,,,72847,,,,,,2635,
12807,46.0,Female,Pune,142925,12.0,37.0,9.0,13.0,Fashion,5123,140.0
12808,69.0,Female,Bangalore,81971,5.0,47.0,10.0,11.0,Home Decor,6494,130.0
12809,53.0,Female,Delhi,70462,48.0,38.0,19.0,14.0,Fashion,5193,28.0
12810,55.0,Male,Delhi,102817,91.0,14.0,15.0,8.0,Home Decor,4774,120.0
12811,56.0,Male,Pune,75452,40.0,1.0,16.0,14.0,Home Decor,3819,123.0
12812,67.0,Male,Mumbai,87728,13.0,7.0,11.0,10.0,Fashion,2468,42.0
12813,54.0,Male,Mumbai,64742,26.0,43.0,17.0,11.0,Home Decor,1259,3.0
12814,69.0,Female,Delhi,75087,14.0,42.0,19.0,13.0,Home Decor,3337,176.0
12815,52.0,Male,Bangalore,80665,96.0,5.0,13.0,8.0,Fashion,7626,87.0
12816,24.0,Female,Pune,91638,11.0,19.0,6.0,2.0,Electronics,4150,141.0
12817,44.0,Male,Mumbai,59206,38.0,26.0,15.0,3.0,Grocery,4674,57.0
12818,45.0,Female,Mumbai,58527,80.0,44.0,16.0,13.0,Fashion,1954,131.0
12819,39.0,Male,Hyderabad,21812,57.0,22.0,4.0,10.0,Home Decor,5012,114.0
12820,,,,60321,,,,,,4193,
12821,24.0,Male,Bangalore,93825,16.0,39.0,7.0,7.0,Grocery,4333,59.0
12822,54.0,Female,Pune,81580,77.0,16.0,17.0,4.0,Home Decor,3811,28.0
12823,39.0,Male,Mumbai,45081,76.0,12.0,16.0,6.0,Home Decor,3839,26.0
12824,22.0,Female,Hyderabad,22403,82.0,3.0,2.0,8.0,Electronics,4513,84.0
12825,19.0,Female,Delhi,66439,29.0,19.0,17.0,8.0,Home Decor,4937,91.0
12826,44.0,Male,Delhi,93094,82.0,41.0,4.0,7.0,Grocery,480,65.0
12827,38.0,Female,Pune,58027,2.0,24.0,14.0,13.0,Home Decor,1638,74.0
12828,55.0,Male,Mumbai,33876,54.0,21.0,8.0,12.0,Grocery,3945,61.0
12829,32.0,Male,Pune,55262,2.0,47.0,5.0,2.0,Fashion,6844,1.0
12830,38.0,Male,Pune,78153,3.0,16.0,5.0,2.0,Fashion,2167,160.0
12831,27.0,Female,Hyderabad,505300,93.0,39.0,5.0,3.0,Grocery,24644,32.0
12832,40.0,Female,Delhi,63582,56.0,10.0,5.0,4.0,Fashion,8313,155.0
12833,56.0,Male,Bangalore,96372,72.0,24.0,3.0,1.0,Electronics,4466,141.0
12834,22.0,Male,Delhi,93601,11.0,4.0,6.0,5.0,Grocery,4102,17.0
12835,18.0,Female,Delhi,40583,76.0,20.0,1.0,14.0,Grocery,6075,156.0
12836,30.0,Female,Hyderabad,101267,32.0,25.0,8.0,7.0,Home Decor,5218,89.0
12837,38.0,Female,Bangalore,77377,4.0,15.0,13.0,12.0,Electronics,3755,52.0
12838,43.0,Male,Mumbai,39832,9.0,39.0,6.0,10.0,Home Decor,5545,114.0
12839,67.0,Male,Bangalore,114020,88.0,20.0,18.0,11.0,Electronics,3628,164.0
12840,62.0,Male,Mumbai,66860,56.0,47.0,18.0,5.0,Electronics,7752,47.0
12841,38.0,Male,Bangalore,21413,16.0,31.0,16.0,14.0,Electronics,4570,160.0
12842,35.0,Male,Pune,52343,81.0,3.0,8.0,7.0,Grocery,5846,32.0
12843,54.0,Female,Bangalore,46188,86.0,37.0,17.0,5.0,Fashion,8329,95.0
12844,62.0,Male,Hyderabad,52956,71.0,7.0,8.0,11.0,Fashion,4638,123.0
12845,49.0,Female,Mumbai,58870,10.0,8.0,15.0,10.0,Home Decor,3497,107.0
12846,53.0,Female,Delhi,63565,93.0,44.0,10.0,8.0,Home Decor,3855,128.0
12847,,,,62624,,,,,,4993,
12848,,,,67562,,,,,,4713,
12849,66.0,Male,Mumbai,84684,64.0,12.0,17.0,1.0,Electronics,4643,40.0
12850,28.0,Female,Delhi,51339,56.0,8.0,1.0,11.0,Home Decor,5699,28.0
12851,38.0,Male,Pune,99525,78.0,5.0,9.0,1.0,Home Decor,5243,81.0
12852,69.0,Male,Hyderabad,39370,78.0,26.0,14.0,12.0,Home Decor,4075,31.0
12853,43.0,Female,Delhi,85377,89.0,41.0,5.0,5.0,Home Decor,5021,119.0
12854,21.0,Male,Delhi,111081,22.0,36.0,6.0,14.0,Fashion,3620,87.0
12855,51.0,Female,Pune,65566,52.0,38.0,5.0,2.0,Fashion,4032,31.0
12856,69.0,Male,Hyderabad,74836,50.0,42.0,4.0,9.0,Grocery,334,154.0
12857,65.0,Male,Delhi,45800,47.0,23.0,16.0,2.0,Grocery,3333,4.0
12858,35.0,Male,Pune,57205,23.0,8.0,16.0,12.0,Fashion,6631,107.0
12859,57.0,Female,Hyderabad,109191,96.0,41.0,10.0,9.0,Electronics,6257,107.0
12860,52.0,Female,Bangalore,88712,90.0,10.0,14.0,10.0,Fashion,6461,107.0
12861,58.0,Male,Mumbai,80463,91.0,34.0,13.0,2.0,Electronics,5850,117.0
12862,46.0,Female,Pune,21550,76.0,28.0,4.0,4.0,Home Decor,4030,79.0
12863,69.0,Male,Mumbai,52088,83.0,7.0,14.0,3.0,Grocery,2469,23.0
12864,46.0,Female,Bangalore,113474,19.0,16.0,9.0,6.0,Electronics,4365,105.0
12865,55.0,Female,Delhi,80270,52.0,6.0,3.0,4.0,Home Decor,-1191,171.0
12866,59.0,Male,Delhi,83389,34.0,11.0,10.0,9.0,Fashion,7284,154.0
12867,38.0,Male,Hyderabad,74263,96.0,47.0,15.0,9.0,Grocery,5409,116.0
12868,59.0,Male,Pune,54675,29.0,14.0,19.0,13.0,Fashion,6709,55.0
12869,30.0,Male,Pune,78313,61.0,28.0,2.0,10.0,Home Decor,3973,175.0
12870,66.0,Male,Hyderabad,31744,85.0,44.0,2.0,14.0,Home Decor,1787,144.0
12871,58.0,Female,Mumbai,29863,35.0,49.0,9.0,9.0,Fashion,5368,58.0
12872,34.0,Female,Delhi,51618,5.0,49.0,4.0,3.0,Home Decor,5344,107.0
12873,26.0,Male,Delhi,74804,76.0,23.0,5.0,3.0,Home Decor,4725,1.0
12874,58.0,Male,Pune,30758,7.0,36.0,2.0,4.0,Electronics,5570,127.0
12875,18.0,Male,Pune,73176,41.0,13.0,7.0,9.0,Fashion,4044,173.0
12876,19.0,Female,Hyderabad,45136,2.0,10.0,19.0,14.0,Fashion,5398,94.0
12877,65.0,Male,Bangalore,48504,89.0,34.0,6.0,6.0,Grocery,5937,134.0
12878,46.0,Male,Mumbai,102489,10.0,16.0,16.0,9.0,Electronics,8351,52.0
12879,50.0,Female,Bangalore,70932,44.0,26.0,14.0,8.0,Electronics,6531,19.0
12880,27.0,Female,Bangalore,47404,70.0,43.0,12.0,7.0,Home Decor,2521,102.0
12881,67.0,Female,Pune,74670,91.0,2.0,6.0,13.0,Grocery,4220,171.0
12882,57.0,Female,Pune,33259,35.0,1.0,13.0,5.0,Grocery,3289,19.0
12883,38.0,Male,Pune,79558,62.0,3.0,15.0,13.0,Electronics,7741,39.0
12884,45.0,Female,Bangalore,97682,74.0,17.0,14.0,9.0,Grocery,4019,108.0
12885,28.0,Female,Mumbai,86543,73.0,19.0,8.0,4.0,Electronics,4472,160.0
12886,51.0,Male,Pune,123942,20.0,20.0,11.0,14.0,Grocery,4776,65.0
12887,,,,21540,,,,,,5805,
12888,,,,73174,,,,,,2620,
12889,25.0,Female,Delhi,36412,72.0,1.0,6.0,4.0,Home Decor,4978,74.0
12890,66.0,Male,Mumbai,65669,54.0,25.0,19.0,7.0,Home Decor,6877,164.0
12891,32.0,Female,Pune,70038,95.0,18.0,3.0,4.0,Grocery,4342,155.0
12892,34.0,Female,Hyderabad,126996,80.0,41.0,1.0,11.0,Home Decor,8657,72.0
12893,40.0,Female,Pune,68505,28.0,27.0,15.0,1.0,Fashion,3231,152.0
12894,41.0,Male,Bangalore,68039,70.0,28.0,15.0,10.0,Fashion,3990,148.0
12895,,,,95128,,,,,,6548,
12896,36.0,Male,Mumbai,68679,92.0,42.0,11.0,4.0,Electronics,5065,9.0
12897,22.0,Male,Bangalore,115778,11.0,27.0,1.0,3.0,Home Decor,4542,120.0
12898,49.0,Male,Pune,86742,42.0,40.0,10.0,3.0,Grocery,2761,167.0
12899,61.0,Female,Delhi,90712,23.0,47.0,11.0,9.0,Fashion,3833,114.0
12900,18.0,Female,Pune,23310,30.0,25.0,7.0,8.0,Electronics,8661,1.0
12901,40.0,Female,Mumbai,119630,9.0,4.0,17.0,10.0,Home Decor,5638,11.0
12902,54.0,Male,Bangalore,53588,92.0,14.0,12.0,7.0,Electronics,6152,105.0
12903,25.0,Female,Delhi,69756,88.0,45.0,4.0,7.0,Electronics,3752,1.0
12904,30.0,Female,Hyderabad,53682,59.0,8.0,12.0,4.0,Home Decor,5389,81.0
12905,25.0,Female,Delhi,44393,28.0,31.0,3.0,3.0,Home Decor,4448,123.0
12906,40.0,Female,Delhi,39945,88.0,25.0,18.0,12.0,Fashion,2505,172.0
12907,60.0,Female,Pune,72581,79.0,36.0,12.0,4.0,Fashion,3531,51.0
12908,18.0,Male,Hyderabad,20752,33.0,14.0,19.0,6.0,Electronics,3960,17.0
12909,62.0,Male,Mumbai,63929,47.0,40.0,13.0,12.0,Electronics,9190,103.0
12910,68.0,Male,Mumbai,96444,98.0,3.0,16.0,13.0,Fashion,8741,107.0
12911,41.0,Male,Delhi,85798,22.0,35.0,8.0,14.0,Fashion,1652,120.0
12912,52.0,Female,Delhi,80810,29.0,19.0,6.0,4.0,Electronics,3347,112.0
12913,41.0,Male,Bangalore,47615,34.0,26.0,10.0,4.0,Grocery,4635,23.0
12914,34.0,Female,Hyderabad,30347,42.0,20.0,10.0,2.0,Grocery,5052,169.0
12915,22.0,Male,Delhi,96044,52.0,21.0,6.0,14.0,Grocery,4736,126.0
12916,37.0,Male,Bangalore,58776,47.0,6.0,8.0,7.0,Home Decor,8699,59.0
12917,38.0,Male,Hyderabad,67923,74.0,46.0,18.0,6.0,Fashion,4055,106.0
12918,57.0,Female,Mumbai,65060,51.0,30.0,17.0,2.0,Grocery,8631,94.0
12919,48.0,Female,Bangalore,86809,45.0,16.0,10.0,5.0,Grocery,6923,25.0
12920,63.0,Male,Hyderabad,116082,94.0,49.0,2.0,6.0,Fashion,4874,145.0
12921,53.0,Female,Bangalore,106559,75.0,6.0,12.0,5.0,Home Decor,3710,110.0
12922,28.0,Male,Delhi,11694,34.0,18.0,10.0,4.0,Grocery,3680,19.0
12923,69.0,Male,Pune,62286,21.0,27.0,9.0,11.0,Home Decor,8885,82.0
12924,32.0,Male,Mumbai,36331,13.0,9.0,16.0,11.0,Home Decor,6442,46.0
12925,36.0,Female,Delhi,93460,54.0,26.0,7.0,9.0,Electronics,5589,35.0
12926,24.0,Male,Delhi,70099,25.0,12.0,9.0,3.0,Fashion,608,23.0
12927,68.0,Male,Hyderabad,85153,21.0,1.0,6.0,11.0,Electronics,4011,109.0
12928,45.0,Male,Bangalore,60146,1.0,21.0,10.0,2.0,Grocery,4260,44.0
12929,68.0,Female,Mumbai,44015,58.0,19.0,7.0,9.0,Electronics,5435,9.0
12930,60.0,Male,Delhi,48292,69.0,42.0,18.0,8.0,Fashion,4726,160.0
12931,22.0,Female,Hyderabad,31674,86.0,4.0,11.0,9.0,Home Decor,4232,90.0
12932,22.0,Male,Mumbai,38409,71.0,5.0,1.0,10.0,Home Decor,5643,93.0
12933,47.0,Female,Bangalore,33142,13.0,34.0,19.0,11.0,Grocery,6798,42.0
12934,49.0,Male,Delhi,44107,52.0,0.0,5.0,3.0,Fashion,3806,147.0
12935,25.0,Male,Delhi,42693,23.0,34.0,6.0,1.0,Home Decor,3019,93.0
12936,27.0,Female,Delhi,79852,21.0,2.0,7.0,11.0,Grocery,3874,117.0
12937,55.0,Female,Mumbai,78871,6.0,35.0,4.0,1.0,Fashion,3079,127.0
12938,64.0,Male,Mumbai,79825,20.0,6.0,16.0,3.0,Fashion,4467,35.0
12939,49.0,Female,Mumbai,99374,76.0,28.0,10.0,4.0,Electronics,9007,136.0
12940,65.0,Male,Mumbai,68041,40.0,14.0,15.0,2.0,Home Decor,4320,111.0
12941,,,,50479,,,,,,2798,
12942,34.0,Male,Pune,125285,50.0,17.0,8.0,14.0,Home Decor,4115,45.0
12943,48.0,Female,Hyderabad,92641,28.0,43.0,13.0,13.0,Home Decor,8122,134.0
12944,25.0,Male,Delhi,73807,11.0,3.0,7.0,12.0,Fashion,4443,13.0
12945,57.0,Female,Hyderabad,72071,96.0,23.0,17.0,3.0,Home Decor,3383,11.0
12946,42.0,Male,Bangalore,77241,75.0,10.0,4.0,13.0,Electronics,1537,102.0
12947,26.0,Female,Mumbai,64947,88.0,5.0,7.0,14.0,Grocery,4332,135.0
12948,19.0,Female,Bangalore,73205,56.0,17.0,16.0,4.0,Grocery,2103,55.0
12949,32.0,Male,Bangalore,82484,79.0,14.0,2.0,6.0,Fashion,5432,19.0
12950,67.0,Female,Delhi,51836,35.0,2.0,14.0,10.0,Electronics,4157,107.0
12951,20.0,Male,Mumbai,29147,81.0,16.0,14.0,13.0,Grocery,813,6.0
12952,66.0,Male,Bangalore,18108,25.0,32.0,8.0,6.0,Electronics,8326,9.0
12953,53.0,Male,Delhi,92197,99.0,33.0,6.0,13.0,Fashion,9275,148.0
12954,21.0,Male,Mumbai,30426,19.0,29.0,7.0,2.0,Electronics,5513,25.0
12955,31.0,Male,Pune,81633,31.0,18.0,7.0,6.0,Fashion,8072,50.0
12956,58.0,Female,Delhi,41141,81.0,8.0,2.0,4.0,Grocery,5458,72.0
12957,58.0,Male,Hyderabad,41543,50.0,39.0,4.0,5.0,Grocery,1106,178.0
12958,42.0,Female,Mumbai,52045,87.0,43.0,13.0,7.0,Grocery,4489,166.0
12959,67.0,Female,Bangalore,74853,63.0,30.0,10.0,7.0,Grocery,3735,66.0
12960,27.0,Male,Bangalore,37785,47.0,26.0,9.0,6.0,Home Decor,2006,57.0
12961,38.0,Female,Hyderabad,54576,1.0,46.0,15.0,10.0,Electronics,5003,22.0
12962,53.0,Male,Hyderabad,69357,58.0,24.0,12.0,6.0,Electronics,3509,56.0
12963,29.0,Female,Bangalore,39743,10.0,6.0,10.0,6.0,Electronics,5375,36.0
12964,44.0,Female,Mumbai,105705,8.0,47.0,19.0,4.0,Fashion,6466,179.0
12965,57.0,Female,Delhi,26936,26.0,6.0,5.0,3.0,Grocery,8396,68.0
12966,19.0,Male,Hyderabad,64545,34.0,19.0,7.0,1.0,Grocery,4933,1.0
12967,30.0,Female,Hyderabad,101813,19.0,43.0,11.0,3.0,Home Decor,2755,48.0
12968,49.0,Male,Hyderabad,36888,78.0,48.0,16.0,3.0,Home Decor,3925,161.0
12969,48.0,Female,Pune,67259,72.0,42.0,13.0,9.0,Grocery,4159,152.0
12970,33.0,Female,Mumbai,73321,1.0,35.0,4.0,14.0,Electronics,9597,177.0
12971,49.0,Female,Mumbai,49830,48.0,18.0,16.0,3.0,Electronics,4785,58.0
12972,49.0,Female,Mumbai,68062,25.0,1.0,13.0,8.0,Grocery,6017,48.0
12973,51.0,Male,Mumbai,84036,24.0,33.0,1.0,8.0,Fashion,7176,99.0
12974,28.0,Male,Mumbai,58321,47.0,16.0,4.0,3.0,Electronics,7752,126.0
12975,,,,89108,,,,,,5411,
12976,32.0,Female,Hyderabad,79818,94.0,8.0,16.0,10.0,Grocery,4300,90.0
12977,34.0,Male,Bangalore,55427,69.0,0.0,4.0,12.0,Home Decor,4017,113.0
12978,57.0,Male,Pune,98186,67.0,41.0,17.0,13.0,Home Decor,2434,171.0
12979,35.0,Male,Delhi,51476,32.0,27.0,11.0,6.0,Grocery,6776,169.0
12980,26.0,Male,Hyderabad,91397,17.0,14.0,5.0,12.0,Fashion,10479,107.0
12981,42.0,Female,Pune,51924,61.0,20.0,13.0,8.0,Grocery,7703,154.0
12982,57.0,Female,Bangalore,62098,69.0,14.0,12.0,8.0,Electronics,5042,105.0
12983,31.0,Male,Delhi,65933,11.0,22.0,3.0,10.0,Fashion,2429,177.0
12984,42.0,Male,Pune,78464,38.0,1.0,4.0,10.0,Fashion,3891,133.0
12985,67.0,Male,Delhi,9663,68.0,45.0,10.0,9.0,Home Decor,5805,172.0
12986,39.0,Male,Pune,81450,19.0,35.0,9.0,9.0,Grocery,4319,18.0
12987,69.0,Male,Bangalore,67438,87.0,49.0,10.0,8.0,Home Decor,4746,112.0
12988,47.0,Male,Delhi,77143,17.0,8.0,13.0,7.0,Electronics,5770,40.0
12989,37.0,Female,Pune,82562,13.0,1.0,1.0,10.0,Home Decor,5425,102.0
12990,38.0,Female,Bangalore,79845,91.0,1.0,12.0,3.0,Electronics,9648,113.0
12991,61.0,Female,Hyderabad,19815,1.0,17.0,11.0,7.0,Grocery,9553,174.0
12992,49.0,Male,Bangalore,43474,2.0,16.0,8.0,4.0,Grocery,4381,58.0
12993,68.0,Male,Bangalore,78320,82.0,40.0,14.0,2.0,Home Decor,7063,85.0
12994,63.0,Male,Hyderabad,74992,100.0,7.0,14.0,14.0,Home Decor,2216,152.0
12995,66.0,Female,Bangalore,50261,97.0,33.0,17.0,8.0,Home Decor,6881,156.0
12996,38.0,Male,Hyderabad,88440,100.0,33.0,19.0,2.0,Electronics,5967,46.0
12997,52.0,Male,Hyderabad,63589,66.0,4.0,17.0,1.0,Fashion,3196,72.0
12998,49.0,Female,Hyderabad,92143,68.0,43.0,6.0,12.0,Fashion,7306,33.0
12999,47.0,Male,Pune,100250,16.0,28.0,14.0,12.0,Home Decor,2949,67.0
13000,56.0,Female,Delhi,76957,4.0,27.0,18.0,5.0,Home Decor,4734,113.0
13001,66.0,Female,Pune,83888,57.0,15.0,17.0,10.0,Grocery,5291,84.0
13002,29.0,Male,Hyderabad,54788,73.0,13.0,6.0,13.0,Home Decor,1620,163.0
13003,58.0,Female,Delhi,92305,85.0,1.0,5.0,9.0,Grocery,5318,39.0
13004,64.0,Male,Delhi,75453,23.0,39.0,13.0,5.0,Electronics,3196,175.0
13005,35.0,Female,Hyderabad,62632,2.0,3.0,16.0,11.0,Electronics,4174,71.0
13006,38.0,Male,Delhi,39529,67.0,40.0,9.0,2.0,Electronics,4805,5.0
13007,30.0,Female,Delhi,57863,87.0,30.0,12.0,10.0,Electronics,1608,165.0
13008,38.0,Male,Pune,42263,26.0,25.0,10.0,4.0,Home Decor,3984,1.0
13009,,,,89037,,,,,,4650,
13010,63.0,Female,Hyderabad,100510,100.0,33.0,19.0,7.0,Grocery,4266,135.0
13011,57.0,Female,Mumbai,92906,44.0,30.0,16.0,5.0,Home Decor,3093,113.0
13012,63.0,Male,Mumbai,132150,33.0,47.0,17.0,4.0,Grocery,2290,8.0
13013,24.0,Male,Mumbai,58489,64.0,10.0,16.0,14.0,Electronics,2961,108.0
13014,40.0,Female,Hyderabad,84914,36.0,7.0,14.0,5.0,Grocery,1124,126.0
13015,61.0,Male,Mumbai,40466,4.0,11.0,16.0,7.0,Grocery,3306,126.0
13016,49.0,Female,Pune,65068,23.0,34.0,15.0,5.0,Home Decor,7456,28.0
13017,28.0,Male,Hyderabad,33066,25.0,44.0,12.0,8.0,Electronics,1910,154.0
13018,39.0,Female,Hyderabad,84204,90.0,33.0,5.0,7.0,Fashion,6818,34.0
13019,39.0,Male,Hyderabad,61112,92.0,12.0,11.0,7.0,Home Decor,2315,96.0
13020,60.0,Female,Delhi,18635,92.0,26.0,5.0,9.0,Home Decor,6007,22.0
13021,42.0,Female,Delhi,52874,85.0,7.0,11.0,8.0,Fashion,10260,124.0
13022,,,,114827,,,,,,6180,
13023,45.0,Female,Bangalore,80260,27.0,20.0,19.0,12.0,Fashion,4615,142.0
13024,46.0,Male,Pune,89227,51.0,40.0,17.0,8.0,Grocery,4676,151.0
13025,,,,73138,,,,,,6775,
13026,35.0,Male,Hyderabad,65461,81.0,21.0,12.0,7.0,Electronics,5787,147.0
13027,19.0,Male,Delhi,70389,99.0,20.0,5.0,8.0,Electronics,5531,78.0
13028,46.0,Female,Hyderabad,76135,69.0,27.0,12.0,13.0,Fashion,4062,39.0
13029,38.0,Male,Hyderabad,42583,80.0,2.0,16.0,5.0,Home Decor,5660,165.0
13030,32.0,Male,Mumbai,89076,23.0,6.0,1.0,10.0,Fashion,1415,99.0
13031,69.0,Male,Hyderabad,98045,9.0,13.0,2.0,2.0,Grocery,3803,129.0
13032,44.0,Female,Bangalore,65085,33.0,14.0,10.0,14.0,Fashion,8577,19.0
13033,67.0,Male,Delhi,56923,35.0,8.0,2.0,7.0,Fashion,6743,15.0
13034,48.0,Male,Pune,51452,50.0,42.0,10.0,10.0,Fashion,4741,1.0
13035,32.0,Female,Pune,113980,24.0,6.0,18.0,3.0,Grocery,2815,31.0
13036,68.0,Female,Mumbai,58693,88.0,11.0,1.0,10.0,Fashion,9028,171.0
13037,40.0,Male,Pune,86332,24.0,18.0,5.0,11.0,Home Decor,3754,174.0
13038,41.0,Female,Pune,65260,19.0,26.0,12.0,8.0,Grocery,3084,86.0
13039,61.0,Male,Delhi,63909,39.0,17.0,17.0,6.0,Home Decor,5347,50.0
13040,,,,50881,,,,,,3919,
13041,39.0,Male,Bangalore,45742,25.0,42.0,18.0,14.0,Electronics,973,105.0
13042,60.0,Female,Mumbai,88498,95.0,0.0,13.0,4.0,Electronics,2117,43.0
13043,54.0,Male,Pune,45176,25.0,37.0,3.0,2.0,Grocery,4604,5.0
13044,50.0,Female,Bangalore,81562,27.0,20.0,10.0,13.0,Grocery,2742,66.0
13045,20.0,Female,Mumbai,72264,32.0,33.0,14.0,7.0,Grocery,1895,140.0
13046,36.0,Male,Pune,88815,11.0,12.0,8.0,1.0,Electronics,2069,128.0
13047,40.0,Female,Pune,54751,69.0,44.0,10.0,7.0,Grocery,4628,71.0
13048,46.0,Female,Delhi,97003,33.0,40.0,2.0,13.0,Electronics,4742,66.0
13049,47.0,Female,Hyderabad,66470,19.0,22.0,13.0,10.0,Electronics,6680,73.0
13050,,,,134792,,,,,,2595,
13051,61.0,Female,Pune,29645,99.0,22.0,11.0,10.0,Grocery,4630,156.0
13052,64.0,Male,Mumbai,130723,11.0,27.0,1.0,7.0,Grocery,3658,165.0
13053,42.0,Female,Bangalore,66840,75.0,31.0,10.0,10.0,Electronics,6102,79.0
13054,54.0,Male,Bangalore,75570,74.0,7.0,13.0,13.0,Fashion,5034,19.0
13055,64.0,Male,Hyderabad,54892,98.0,25.0,4.0,3.0,Grocery,5686,179.0
13056,25.0,Male,Pune,30777,69.0,13.0,10.0,4.0,Fashion,7464,13.0
13057,59.0,Male,Delhi,56790,87.0,23.0,12.0,12.0,Fashion,5396,45.0
13058,33.0,Male,Pune,60857,55.0,47.0,14.0,4.0,Fashion,7192,6.0
13059,25.0,Male,Mumbai,74570,25.0,28.0,3.0,4.0,Home Decor,2380,129.0
13060,18.0,Female,Bangalore,98028,93.0,3.0,2.0,9.0,Fashion,2080,106.0
13061,61.0,Female,Mumbai,74768,77.0,17.0,19.0,6.0,Fashion,7648,121.0
13062,22.0,Female,Hyderabad,75203,96.0,13.0,11.0,10.0,Electronics,5560,25.0
13063,20.0,Male,Bangalore,79609,34.0,26.0,7.0,9.0,Home Decor,6192,154.0
13064,18.0,Female,Delhi,26126,12.0,40.0,18.0,12.0,Electronics,7338,141.0
13065,21.0,Female,Bangalore,28436,88.0,46.0,14.0,4.0,Electronics,3485,19.0
13066,57.0,Female,Pune,32575,21.0,2.0,7.0,7.0,Fashion,3768,138.0
13067,52.0,Male,Pune,60668,29.0,29.0,7.0,13.0,Electronics,6641,173.0
13068,49.0,Female,Bangalore,23207,51.0,35.0,9.0,12.0,Grocery,4309,71.0
13069,59.0,Male,Hyderabad,52755,23.0,22.0,12.0,10.0,Fashion,3887,15.0
13070,51.0,Female,Pune,35793,33.0,17.0,6.0,12.0,Grocery,2460,107.0
13071,60.0,Male,Pune,82192,8.0,45.0,7.0,12.0,Fashion,6787,159.0
13072,42.0,Male,Delhi,80941,42.0,46.0,4.0,9.0,Fashion,3912,126.0
13073,27.0,Male,Bangalore,62483,77.0,39.0,16.0,10.0,Fashion,6761,136.0
13074,38.0,Female,Pune,22500,69.0,9.0,7.0,3.0,Home Decor,5989,30.0
13075,63.0,Female,Hyderabad,64071,41.0,11.0,8.0,13.0,Fashion,7786,98.0
13076,56.0,Male,Mumbai,78215,74.0,40.0,8.0,3.0,Grocery,1619,97.0
13077,44.0,Female,Bangalore,90268,63.0,7.0,3.0,6.0,Fashion,-736,1.0
13078,44.0,Male,Delhi,113835,14.0,31.0,9.0,8.0,Fashion,8508,16.0
13079,,,,97962,,,,,,7023,
13080,58.0,Female,Hyderabad,74119,62.0,40.0,13.0,4.0,Fashion,2950,11.0
13081,65.0,Female,Bangalore,62868,75.0,44.0,7.0,13.0,Fashion,3356,155.0
13082,30.0,Female,Hyderabad,51426,46.0,13.0,15.0,8.0,Fashion,5093,86.0
13083,26.0,Male,Hyderabad,103891,67.0,36.0,19.0,6.0,Fashion,4595,168.0
13084,69.0,Male,Delhi,74164,93.0,8.0,2.0,14.0,Fashion,3671,172.0
13085,53.0,Female,Bangalore,85763,53.0,25.0,12.0,2.0,Fashion,3305,70.0
13086,39.0,Male,Pune,55244,52.0,47.0,8.0,8.0,Home Decor,4041,120.0
13087,59.0,Female,Delhi,38977,94.0,23.0,8.0,13.0,Grocery,5986,176.0
13088,43.0,Male,Pune,59991,7.0,22.0,13.0,14.0,Home Decor,5032,168.0
13089,29.0,Female,Mumbai,62426,81.0,30.0,1.0,1.0,Grocery,4018,39.0
13090,34.0,Female,Hyderabad,74794,84.0,38.0,10.0,12.0,Home Decor,3664,131.0
13091,31.0,Male,Mumbai,51564,54.0,43.0,9.0,1.0,Fashion,9287,1.0
13092,31.0,Female,Hyderabad,70624,11.0,1.0,2.0,7.0,Home Decor,3846,23.0
13093,51.0,Female,Delhi,99442,25.0,49.0,19.0,14.0,Grocery,6041,115.0
13094,37.0,Male,Pune,28175,59.0,17.0,14.0,10.0,Electronics,9927,162.0
13095,28.0,Female,Pune,17077,88.0,15.0,10.0,3.0,Electronics,6382,145.0
13096,33.0,Male,Delhi,101147,66.0,28.0,10.0,12.0,Fashion,5947,48.0
13097,68.0,Female,Bangalore,33409,27.0,10.0,8.0,12.0,Fashion,7470,91.0
13098,48.0,Male,Mumbai,60498,83.0,1.0,14.0,8.0,Grocery,7783,53.0
13099,23.0,Female,Mumbai,85211,58.0,13.0,13.0,9.0,Electronics,4945,61.0
13100,36.0,Female,Pune,68519,93.0,3.0,6.0,8.0,Fashion,2343,103.0
13101,54.0,Female,Pune,68167,11.0,38.0,13.0,1.0,Home Decor,4690,102.0
13102,21.0,Female,Pune,71809,55.0,33.0,3.0,1.0,Home Decor,6160,139.0
13103,64.0,Male,Delhi,132967,19.0,45.0,13.0,6.0,Electronics,4310,143.0
13104,21.0,Male,Bangalore,114515,92.0,38.0,19.0,12.0,Grocery,4536,90.0
13105,37.0,Male,Mumbai,52656,39.0,8.0,16.0,1.0,Fashion,8236,118.0
13106,27.0,Male,Hyderabad,96272,85.0,39.0,4.0,8.0,Fashion,6571,139.0
13107,41.0,Male,Delhi,82637,90.0,40.0,3.0,13.0,Fashion,6181,135.0
13108,,,,69512,,,,,,2928,
13109,43.0,Male,Bangalore,236515,70.0,16.0,15.0,6.0,Home Decor,18032,136.0
13110,54.0,Female,Delhi,81284,11.0,22.0,18.0,5.0,Grocery,5765,5.0
13111,55.0,Female,Mumbai,62348,14.0,44.0,7.0,13.0,Electronics,6304,87.0
13112,38.0,Female,Delhi,60510,60.0,10.0,5.0,6.0,Electronics,8176,91.0
13113,57.0,Female,Mumbai,50823,36.0,21.0,8.0,4.0,Fashion,6338,63.0
13114,56.0,Male,Mumbai,94995,41.0,17.0,10.0,1.0,Home Decor,3921,21.0
13115,38.0,Male,Bangalore,50806,2.0,48.0,1.0,7.0,Grocery,8762,119.0
13116,27.0,Male,Hyderabad,50958,57.0,27.0,11.0,10.0,Grocery,4444,121.0
13117,55.0,Female,Bangalore,89448,60.0,15.0,3.0,9.0,Fashion,6832,102.0
13118,63.0,Male,Mumbai,66391,20.0,41.0,3.0,4.0,Grocery,3847,90.0
13119,21.0,Female,Delhi,67064,22.0,3.0,15.0,13.0,Home Decor,3445,140.0
13120,62.0,Male,Bangalore,95822,4.0,35.0,17.0,4.0,Fashion,2290,112.0
13121,37.0,Male,Hyderabad,102842,56.0,21.0,18.0,9.0,Fashion,2432,139.0
13122,34.0,Male,Mumbai,16803,93.0,10.0,8.0,4.0,Home Decor,4050,138.0
13123,24.0,Male,Bangalore,66780,58.0,20.0,13.0,10.0,Grocery,7615,119.0
13124,21.0,Female,Bangalore,34743,88.0,39.0,10.0,4.0,Home Decor,5525,16.0
13125,46.0,Female,Bangalore,60330,65.0,40.0,3.0,8.0,Grocery,1445,143.0
13126,31.0,Male,Bangalore,69831,88.0,15.0,14.0,11.0,Grocery,6661,119.0
13127,20.0,Female,Delhi,61128,58.0,41.0,13.0,4.0,Grocery,4991,84.0
13128,41.0,Male,Hyderabad,44368,30.0,8.0,3.0,9.0,Home Decor,8033,132.0
13129,54.0,Male,Hyderabad,43099,76.0,34.0,13.0,11.0,Home Decor,4016,22.0
13130,33.0,Male,Mumbai,88198,19.0,33.0,9.0,8.0,Electronics,3190,163.0
13131,69.0,Male,Pune,108370,62.0,8.0,16.0,5.0,Home Decor,8465,142.0
13132,21.0,Female,Delhi,18488,68.0,12.0,8.0,9.0,Fashion,7006,94.0
13133,41.0,Male,Mumbai,61809,79.0,5.0,12.0,8.0,Fashion,1580,31.0
13134,51.0,Male,Mumbai,88299,84.0,3.0,12.0,14.0,Fashion,5721,70.0
13135,47.0,Female,Bangalore,69184,44.0,45.0,19.0,10.0,Fashion,1584,91.0
13136,,,,42157,,,,,,6910,
13137,36.0,Female,Pune,58055,61.0,10.0,15.0,4.0,Home Decor,2773,11.0
13138,48.0,Male,Delhi,77553,21.0,33.0,18.0,1.0,Home Decor,2492,36.0
13139,36.0,Male,Pune,62320,10.0,34.0,7.0,4.0,Grocery,7774,80.0
13140,66.0,Male,Mumbai,68800,30.0,4.0,13.0,12.0,Home Decor,5827,24.0
13141,63.0,Male,Pune,69520,24.0,38.0,19.0,13.0,Grocery,6471,168.0
13142,36.0,Male,Pune,56892,48.0,10.0,16.0,8.0,Grocery,4031,113.0
13143,39.0,Male,Hyderabad,90414,55.0,11.0,11.0,12.0,Fashion,4838,42.0
13144,,,,58062,,,,,,8135,
13145,62.0,Male,Pune,44863,38.0,18.0,2.0,5.0,Electronics,5641,96.0
13146,,,,125740,,,,,,9660,
13147,47.0,Female,Bangalore,68055,93.0,3.0,16.0,4.0,Grocery,4608,81.0
13148,55.0,Male,Pune,4996,8.0,13.0,5.0,14.0,Fashion,6919,55.0
13149,48.0,Female,Pune,101368,29.0,43.0,7.0,5.0,Grocery,7218,124.0
13150,53.0,Male,Hyderabad,101288,10.0,1.0,9.0,10.0,Fashion,5393,132.0
13151,,,,81429,,,,,,7724,
13152,65.0,Male,Delhi,85790,75.0,21.0,19.0,12.0,Home Decor,3929,87.0
13153,62.0,Female,Mumbai,123993,68.0,12.0,15.0,9.0,Home Decor,6725,153.0
13154,53.0,Female,Bangalore,45929,49.0,20.0,7.0,3.0,Grocery,2921,142.0
13155,47.0,Male,Mumbai,73331,58.0,20.0,18.0,10.0,Electronics,2472,41.0
13156,66.0,Female,Pune,119242,35.0,27.0,5.0,4.0,Fashion,5078,166.0
13157,50.0,Male,Bangalore,124539,50.0,32.0,13.0,1.0,Electronics,4742,41.0
13158,35.0,Male,Mumbai,60847,40.0,28.0,3.0,11.0,Electronics,2785,45.0
13159,69.0,Male,Bangalore,120253,12.0,36.0,6.0,5.0,Grocery,6530,126.0
13160,66.0,Male,Delhi,90065,85.0,21.0,12.0,4.0,Fashion,8123,96.0
13161,45.0,Male,Mumbai,107380,16.0,25.0,18.0,6.0,Fashion,4352,144.0
13162,,,,89245,,,,,,7081,
13163,28.0,Female,Bangalore,77636,85.0,10.0,4.0,13.0,Grocery,3730,37.0
13164,62.0,Female,Hyderabad,125234,48.0,44.0,14.0,10.0,Grocery,4601,85.0
13165,50.0,Male,Bangalore,56784,91.0,33.0,14.0,6.0,Grocery,4901,26.0
13166,34.0,Female,Hyderabad,587785,100.0,18.0,1.0,3.0,Home Decor,26668,94.0
13167,23.0,Female,Pune,121517,1.0,47.0,11.0,14.0,Home Decor,4836,104.0
13168,21.0,Female,Delhi,104076,65.0,36.0,9.0,7.0,Fashion,1003,125.0
13169,37.0,Female,Hyderabad,68206,22.0,13.0,18.0,3.0,Home Decor,7399,141.0
13170,65.0,Female,Delhi,76110,15.0,28.0,5.0,6.0,Grocery,5227,91.0
13171,64.0,Male,Bangalore,38129,84.0,18.0,10.0,13.0,Grocery,404,87.0
13172,44.0,Male,Pune,58685,67.0,36.0,15.0,13.0,Electronics,7841,162.0
13173,32.0,Female,Hyderabad,85517,14.0,20.0,10.0,14.0,Home Decor,7947,123.0
13174,23.0,Male,Bangalore,34332,73.0,23.0,16.0,10.0,Grocery,2842,98.0
13175,64.0,Male,Mumbai,62552,19.0,25.0,4.0,1.0,Grocery,2163,23.0
13176,31.0,Female,Bangalore,118620,40.0,40.0,4.0,14.0,Fashion,7285,108.0
13177,28.0,Female,Delhi,66140,98.0,11.0,8.0,8.0,Home Decor,7288,148.0
13178,56.0,Male,Pune,95840,4.0,47.0,6.0,7.0,Grocery,5963,54.0
13179,26.0,Female,Pune,84162,33.0,18.0,11.0,12.0,Fashion,4109,59.0
13180,43.0,Male,Bangalore,62307,43.0,46.0,13.0,9.0,Electronics,3416,148.0
13181,33.0,Male,Mumbai,66123,37.0,48.0,19.0,14.0,Electronics,6200,39.0
13182,,,,74171,,,,,,3718,
13183,69.0,Male,Bangalore,18724,27.0,14.0,2.0,12.0,Home Decor,3729,91.0
13184,27.0,Male,Bangalore,93674,45.0,2.0,3.0,8.0,Grocery,6567,160.0
13185,67.0,Male,Pune,67040,81.0,48.0,15.0,2.0,Home Decor,6964,169.0
13186,20.0,Female,Delhi,94547,50.0,12.0,13.0,9.0,Fashion,8001,69.0
13187,30.0,Female,Mumbai,79705,95.0,8.0,10.0,1.0,Grocery,1361,68.0
13188,60.0,Female,Pune,65936,63.0,12.0,5.0,12.0,Grocery,4002,87.0
13189,66.0,Female,Bangalore,74938,6.0,15.0,11.0,10.0,Grocery,4316,21.0
13190,47.0,Male,Pune,75022,95.0,13.0,14.0,7.0,Home Decor,4963,152.0
13191,62.0,Female,Pune,106904,67.0,7.0,15.0,14.0,Home Decor,2456,144.0
13192,23.0,Female,Hyderabad,71566,67.0,18.0,13.0,10.0,Fashion,6134,32.0
13193,34.0,Female,Pune,77204,97.0,31.0,3.0,14.0,Electronics,8778,154.0
13194,62.0,Female,Pune,38452,59.0,34.0,9.0,1.0,Fashion,2615,3.0
13195,68.0,Male,Delhi,68823,13.0,22.0,8.0,6.0,Grocery,5377,82.0
13196,36.0,Male,Pune,106357,21.0,20.0,15.0,1.0,Fashion,7509,121.0
13197,59.0,Male,Mumbai,80720,64.0,17.0,1.0,13.0,Electronics,4524,116.0
13198,52.0,Female,Bangalore,42974,37.0,47.0,2.0,4.0,Fashion,3533,135.0
13199,63.0,Female,Delhi,45654,80.0,13.0,9.0,7.0,Electronics,5356,88.0
13200,43.0,Male,Pune,51462,85.0,15.0,17.0,2.0,Electronics,6467,144.0
13201,68.0,Female,Mumbai,94990,48.0,23.0,9.0,3.0,Grocery,2473,53.0
13202,22.0,Female,Bangalore,91913,56.0,48.0,1.0,4.0,Electronics,7072,4.0
13203,46.0,Male,Delhi,-16356,44.0,31.0,8.0,6.0,Home Decor,4575,173.0
13204,54.0,Male,Mumbai,67965,13.0,10.0,5.0,13.0,Fashion,3665,32.0
13205,37.0,Female,Pune,73690,4.0,44.0,11.0,12.0,Fashion,1933,83.0
13206,66.0,Female,Hyderabad,45946,95.0,10.0,6.0,9.0,Home Decor,3693,102.0
13207,38.0,Female,Hyderabad,60238,73.0,3.0,17.0,4.0,Home Decor,3786,58.0
13208,27.0,Male,Delhi,103274,33.0,25.0,18.0,6.0,Grocery,2609,13.0
13209,22.0,Male,Mumbai,80221,37.0,45.0,18.0,12.0,Fashion,5947,150.0
13210,53.0,Male,Bangalore,57510,53.0,4.0,5.0,7.0,Home Decor,5294,44.0
13211,23.0,Male,Mumbai,65317,24.0,35.0,5.0,4.0,Grocery,6961,172.0
13212,43.0,Female,Hyderabad,64303,89.0,32.0,19.0,6.0,Fashion,6429,30.0
13213,21.0,Male,Delhi,77048,51.0,13.0,13.0,3.0,Fashion,3719,151.0
13214,56.0,Male,Pune,34256,41.0,31.0,7.0,5.0,Home Decor,4371,12.0
13215,56.0,Female,Mumbai,53256,29.0,6.0,14.0,12.0,Electronics,3509,14.0
13216,67.0,Female,Hyderabad,95884,59.0,9.0,8.0,12.0,Electronics,1806,36.0
13217,52.0,Female,Bangalore,68185,40.0,1.0,3.0,11.0,Home Decor,5767,45.0
13218,18.0,Male,Delhi,48752,51.0,9.0,4.0,10.0,Electronics,5331,24.0
13219,41.0,Female,Pune,49783,50.0,34.0,10.0,4.0,Fashion,3783,119.0
13220,53.0,Female,Mumbai,88021,36.0,20.0,4.0,7.0,Grocery,6610,131.0
13221,23.0,Male,Bangalore,57054,79.0,39.0,18.0,6.0,Grocery,4320,78.0
13222,58.0,Male,Pune,82772,60.0,41.0,12.0,7.0,Home Decor,7465,179.0
13223,63.0,Female,Hyderabad,54329,18.0,7.0,15.0,6.0,Grocery,4690,38.0
13224,61.0,Male,Hyderabad,41750,20.0,45.0,13.0,12.0,Home Decor,2410,92.0
13225,48.0,Female,Bangalore,76111,5.0,17.0,12.0,2.0,Electronics,8045,87.0
13226,37.0,Female,Hyderabad,67565,18.0,8.0,8.0,14.0,Fashion,5730,20.0
13227,41.0,Male,Delhi,87128,40.0,40.0,9.0,7.0,Electronics,3106,97.0
13228,42.0,Female,Bangalore,92103,1.0,29.0,9.0,8.0,Home Decor,4195,2.0
13229,53.0,Male,Hyderabad,61050,19.0,3.0,17.0,7.0,Fashion,3340,154.0
13230,38.0,Male,Mumbai,78723,87.0,34.0,1.0,4.0,Fashion,6982,2.0
13231,,,,60279,,,,,,835,
13232,41.0,Female,Delhi,85841,29.0,13.0,7.0,12.0,Electronics,5556,40.0
13233,61.0,Male,Pune,75835,59.0,47.0,9.0,5.0,Fashion,1564,137.0
13234,59.0,Male,Pune,54404,63.0,36.0,10.0,14.0,Electronics,1229,130.0
13235,47.0,Female,Hyderabad,52310,98.0,19.0,4.0,9.0,Electronics,5821,156.0
13236,39.0,Female,Pune,76716,83.0,28.0,16.0,5.0,Fashion,2578,3.0
13237,45.0,Female,Hyderabad,99054,62.0,22.0,12.0,2.0,Home Decor,6394,16.0
13238,24.0,Female,Delhi,92532,48.0,46.0,9.0,5.0,Fashion,6928,132.0
13239,,,,46424,,,,,,4105,
13240,45.0,Male,Mumbai,49053,18.0,30.0,9.0,3.0,Electronics,5977,102.0
13241,31.0,Male,Hyderabad,263690,66.0,31.0,17.0,10.0,Fashion,31788,77.0
13242,27.0,Female,Pune,55085,27.0,40.0,14.0,8.0,Home Decor,3083,134.0
13243,33.0,Female,Delhi,24583,6.0,6.0,5.0,10.0,Fashion,6723,55.0
13244,33.0,Male,Delhi,89751,70.0,12.0,1.0,10.0,Home Decor,3444,136.0
13245,48.0,Female,Mumbai,58602,59.0,22.0,1.0,13.0,Grocery,5006,73.0
13246,59.0,Female,Delhi,81551,6.0,7.0,3.0,2.0,Grocery,3754,98.0
13247,42.0,Male,Delhi,62106,31.0,11.0,9.0,14.0,Grocery,3828,81.0
13248,30.0,Male,Pune,69425,94.0,35.0,6.0,11.0,Fashion,4280,114.0
13249,23.0,Female,Hyderabad,52870,56.0,15.0,9.0,4.0,Electronics,3801,67.0
13250,61.0,Female,Bangalore,69293,54.0,25.0,4.0,5.0,Home Decor,4737,41.0
13251,26.0,Female,Delhi,48218,85.0,28.0,19.0,12.0,Grocery,7337,40.0
13252,62.0,Male,Delhi,69479,41.0,28.0,5.0,4.0,Home Decor,2245,103.0
13253,53.0,Male,Bangalore,106430,18.0,5.0,5.0,13.0,Electronics,5857,155.0
13254,60.0,Male,Delhi,83015,87.0,36.0,14.0,14.0,Home Decor,2843,39.0
13255,37.0,Male,Pune,77276,23.0,32.0,10.0,5.0,Home Decor,2965,53.0
13256,35.0,Male,Pune,37006,92.0,30.0,16.0,10.0,Grocery,1289,40.0
13257,60.0,Female,Bangalore,420905,36.0,45.0,6.0,11.0,Home Decor,28608,52.0
13258,38.0,Female,Delhi,86611,25.0,40.0,14.0,13.0,Grocery,4517,37.0
13259,21.0,Female,Delhi,76706,7.0,17.0,18.0,4.0,Electronics,3201,67.0
13260,67.0,Male,Hyderabad,75357,82.0,37.0,9.0,13.0,Grocery,5259,147.0
13261,50.0,Male,Delhi,66495,20.0,46.0,7.0,3.0,Home Decor,4302,162.0
13262,44.0,Male,Pune,86235,5.0,30.0,18.0,1.0,Electronics,7202,85.0
13263,24.0,Female,Mumbai,104925,18.0,15.0,10.0,14.0,Fashion,2964,66.0
13264,23.0,Male,Mumbai,78263,33.0,39.0,2.0,4.0,Fashion,4717,138.0
13265,32.0,Male,Mumbai,45707,79.0,36.0,13.0,9.0,Electronics,6700,52.0
13266,35.0,Female,Mumbai,47619,35.0,13.0,6.0,1.0,Electronics,2869,170.0
13267,49.0,Male,Delhi,88155,65.0,38.0,9.0,7.0,Home Decor,4077,2.0
13268,28.0,Female,Delhi,45910,63.0,3.0,8.0,3.0,Fashion,2444,129.0
13269,37.0,Male,Hyderabad,75026,85.0,29.0,10.0,8.0,Electronics,3263,178.0
13270,41.0,Male,Delhi,61361,72.0,32.0,16.0,6.0,Fashion,1891,164.0
13271,32.0,Female,Mumbai,43194,71.0,35.0,15.0,13.0,Fashion,2878,97.0
13272,65.0,Female,Bangalore,90806,41.0,29.0,13.0,1.0,Home Decor,2380,22.0
13273,24.0,Female,Bangalore,87669,50.0,13.0,18.0,10.0,Electronics,3664,113.0
13274,38.0,Female,Pune,36108,30.0,22.0,6.0,5.0,Grocery,6944,82.0
13275,,,,82036,,,,,,5559,
13276,43.0,Female,Delhi,78381,35.0,27.0,18.0,12.0,Fashion,7594,121.0
13277,,,,90936,,,,,,4225,
13278,31.0,Male,Mumbai,74169,46.0,41.0,5.0,8.0,Grocery,3205,172.0
13279,54.0,Female,Mumbai,105670,8.0,9.0,11.0,11.0,Fashion,4745,118.0
13280,38.0,Male,Mumbai,66833,68.0,3.0,13.0,3.0,Grocery,3784,144.0
13281,35.0,Female,Delhi,63197,37.0,43.0,3.0,12.0,Grocery,5821,139.0
13282,22.0,Male,Delhi,45630,85.0,37.0,1.0,12.0,Electronics,1990,10.0
13283,20.0,Female,Hyderabad,46651,13.0,12.0,4.0,4.0,Fashion,4855,179.0
13284,40.0,Male,Mumbai,44387,73.0,20.0,19.0,7.0,Home Decor,8007,170.0
13285,43.0,Male,Mumbai,75459,45.0,32.0,18.0,11.0,Grocery,3157,25.0
13286,54.0,Male,Delhi,63272,29.0,39.0,6.0,6.0,Fashion,4117,120.0
13287,41.0,Male,Delhi,78267,41.0,27.0,10.0,14.0,Electronics,1545,6.0
13288,66.0,Male,Hyderabad,39768,56.0,22.0,7.0,7.0,Electronics,7218,110.0
13289,36.0,Female,Hyderabad,48607,88.0,31.0,12.0,13.0,Electronics,4803,172.0
13290,,,,48186,,,,,,3959,
13291,42.0,Female,Bangalore,124231,12.0,4.0,13.0,9.0,Home Decor,5094,162.0
13292,38.0,Male,Mumbai,65857,66.0,25.0,18.0,2.0,Electronics,4857,41.0
13293,29.0,Female,Mumbai,68340,62.0,38.0,14.0,3.0,Home Decor,3598,110.0
13294,58.0,Male,Hyderabad,68063,19.0,25.0,11.0,4.0,Fashion,2190,1.0
13295,50.0,Male,Hyderabad,108820,30.0,2.0,10.0,6.0,Electronics,5307,131.0
13296,,,,29666,,,,,,5029,
13297,21.0,Female,Bangalore,68502,88.0,33.0,13.0,6.0,Electronics,4224,102.0
13298,59.0,Male,Pune,29432,13.0,33.0,10.0,11.0,Grocery,4388,77.0
13299,24.0,Female,Bangalore,10504,69.0,19.0,12.0,8.0,Fashion,7161,171.0
13300,39.0,Female,Mumbai,51644,23.0,29.0,1.0,2.0,Home Decor,5581,47.0
13301,50.0,Male,Pune,80304,62.0,41.0,18.0,6.0,Home Decor,2348,114.0
13302,34.0,Male,Hyderabad,50055,31.0,19.0,13.0,9.0,Home Decor,7578,83.0
13303,41.0,Female,Pune,79894,53.0,40.0,4.0,5.0,Electronics,6361,19.0
13304,51.0,Female,Pune,72661,17.0,17.0,6.0,1.0,Electronics,6218,70.0
13305,45.0,Female,Mumbai,66523,49.0,37.0,18.0,13.0,Fashion,3413,47.0
13306,60.0,Female,Hyderabad,101624,49.0,19.0,5.0,8.0,Home Decor,6707,117.0
13307,58.0,Female,Hyderabad,55099,67.0,5.0,18.0,4.0,Fashion,5361,78.0
13308,56.0,Female,Delhi,79516,26.0,41.0,5.0,8.0,Grocery,2676,5.0
13309,39.0,Male,Delhi,24922,13.0,24.0,7.0,13.0,Electronics,5575,64.0
13310,66.0,Female,Delhi,72469,38.0,40.0,9.0,4.0,Home Decor,6903,107.0
13311,34.0,Female,Mumbai,63569,22.0,40.0,3.0,11.0,Electronics,6136,173.0
13312,51.0,Female,Pune,40443,85.0,2.0,12.0,8.0,Home Decor,1400,173.0
13313,23.0,Female,Hyderabad,79962,29.0,43.0,14.0,9.0,Home Decor,5799,36.0
13314,63.0,Male,Hyderabad,51526,45.0,42.0,8.0,5.0,Electronics,4272,137.0
13315,23.0,Male,Pune,113304,46.0,45.0,12.0,5.0,Electronics,1230,151.0
13316,51.0,Female,Hyderabad,9154,39.0,18.0,7.0,2.0,Fashion,6298,160.0
13317,18.0,Female,Pune,76206,69.0,9.0,9.0,9.0,Electronics,6366,173.0
13318,27.0,Female,Mumbai,71067,78.0,4.0,12.0,11.0,Electronics,4937,156.0
13319,38.0,Male,Mumbai,62978,82.0,21.0,4.0,4.0,Electronics,2960,11.0
13320,22.0,Male,Mumbai,56769,68.0,8.0,5.0,3.0,Grocery,7787,147.0
13321,19.0,Male,Pune,71715,97.0,32.0,9.0,2.0,Grocery,6095,64.0
13322,,,,96554,,,,,,6208,
13323,65.0,Male,Bangalore,28195,20.0,23.0,14.0,4.0,Fashion,6843,73.0
13324,19.0,Male,Hyderabad,49850,77.0,29.0,17.0,9.0,Fashion,7424,57.0
13325,27.0,Female,Hyderabad,43742,100.0,35.0,1.0,6.0,Home Decor,5645,66.0
13326,51.0,Male,Bangalore,42567,68.0,38.0,15.0,10.0,Fashion,2723,132.0
13327,33.0,Male,Bangalore,78568,35.0,5.0,15.0,5.0,Electronics,3627,157.0
13328,65.0,Female,Mumbai,84733,8.0,14.0,1.0,13.0,Home Decor,3960,4.0
13329,68.0,Male,Bangalore,96627,52.0,37.0,15.0,9.0,Electronics,7431,124.0
13330,56.0,Female,Pune,85127,40.0,38.0,2.0,8.0,Home Decor,5429,129.0
13331,39.0,Male,Delhi,87153,36.0,21.0,4.0,6.0,Fashion,3631,92.0
13332,29.0,Female,Pune,34704,6.0,2.0,17.0,3.0,Grocery,4601,18.0
13333,41.0,Female,Bangalore,107089,86.0,28.0,16.0,7.0,Electronics,7645,141.0
13334,64.0,Female,Hyderabad,64756,70.0,28.0,18.0,13.0,Home Decor,6228,70.0
13335,57.0,Female,Pune,95824,100.0,30.0,16.0,10.0,Grocery,7085,177.0
13336,55.0,Female,Hyderabad,35595,73.0,44.0,8.0,6.0,Electronics,2768,175.0
13337,27.0,Male,Pune,63964,16.0,1.0,6.0,12.0,Electronics,4581,103.0
13338,52.0,Male,Hyderabad,93575,46.0,34.0,2.0,11.0,Grocery,3717,86.0
13339,68.0,Female,Pune,70698,59.0,44.0,19.0,14.0,Fashion,8003,30.0
13340,66.0,Female,Hyderabad,51150,38.0,8.0,13.0,8.0,Grocery,4724,155.0
13341,,,,102745,,,,,,3852,
13342,24.0,Male,Mumbai,40714,18.0,18.0,6.0,6.0,Home Decor,987,156.0
13343,38.0,Female,Pune,69489,12.0,49.0,13.0,14.0,Fashion,7821,130.0
13344,37.0,Female,Delhi,86004,54.0,36.0,1.0,11.0,Home Decor,7918,20.0
13345,43.0,Female,Mumbai,122392,91.0,9.0,9.0,10.0,Home Decor,894,78.0
13346,21.0,Female,Pune,58541,47.0,45.0,12.0,4.0,Home Decor,5425,152.0
13347,63.0,Male,Delhi,63088,1.0,20.0,12.0,10.0,Home Decor,6893,77.0
13348,69.0,Female,Delhi,58882,15.0,16.0,4.0,12.0,Electronics,5954,72.0
13349,39.0,Female,Delhi,75961,91.0,2.0,19.0,7.0,Home Decor,4127,172.0
13350,32.0,Male,Bangalore,84698,80.0,6.0,16.0,7.0,Electronics,3107,149.0
13351,57.0,Female,Hyderabad,97332,21.0,40.0,12.0,11.0,Electronics,7336,150.0
13352,,,,88901,,,,,,6541,
13353,32.0,Male,Hyderabad,57565,93.0,35.0,4.0,2.0,Fashion,6275,106.0
13354,39.0,Male,Hyderabad,90334,67.0,2.0,9.0,11.0,Fashion,7342,128.0
13355,69.0,Male,Hyderabad,72288,12.0,12.0,7.0,6.0,Grocery,9372,107.0
13356,45.0,Female,Delhi,88631,28.0,40.0,10.0,14.0,Electronics,4348,11.0
13357,31.0,Female,Hyderabad,90059,39.0,29.0,13.0,3.0,Electronics,4352,80.0
13358,44.0,Male,Bangalore,110753,37.0,22.0,8.0,8.0,Fashion,4191,9.0
13359,58.0,Male,Pune,61135,95.0,6.0,10.0,4.0,Electronics,3154,100.0
13360,57.0,Male,Delhi,56361,60.0,29.0,10.0,14.0,Fashion,7388,52.0
13361,45.0,Female,Mumbai,81179,31.0,28.0,8.0,4.0,Grocery,7688,115.0
13362,43.0,Female,Pune,99562,58.0,7.0,15.0,2.0,Home Decor,7130,141.0
13363,66.0,Male,Pune,71451,97.0,9.0,1.0,13.0,Home Decor,8333,129.0
13364,19.0,Female,Pune,101192,97.0,32.0,15.0,6.0,Home Decor,5202,172.0
13365,42.0,Male,Hyderabad,87251,11.0,19.0,17.0,6.0,Grocery,5751,75.0
13366,20.0,Female,Hyderabad,64969,29.0,28.0,13.0,1.0,Electronics,6304,152.0
13367,25.0,Female,Delhi,84083,89.0,28.0,12.0,12.0,Grocery,4160,133.0
13368,61.0,Female,Hyderabad,59129,13.0,20.0,3.0,8.0,Electronics,2859,148.0
13369,50.0,Female,Hyderabad,75965,51.0,0.0,19.0,3.0,Electronics,5290,143.0
13370,59.0,Male,Hyderabad,43171,54.0,33.0,5.0,1.0,Home Decor,4066,68.0
13371,69.0,Female,Delhi,68296,19.0,43.0,3.0,10.0,Fashion,9338,54.0
13372,52.0,Female,Delhi,94992,58.0,31.0,5.0,1.0,Fashion,2021,11.0
13373,23.0,Male,Bangalore,445890,36.0,44.0,9.0,1.0,Home Decor,19524,151.0
13374,56.0,Female,Bangalore,85521,28.0,13.0,6.0,5.0,Electronics,5578,129.0
13375,69.0,Male,Bangalore,385930,68.0,36.0,16.0,5.0,Grocery,13360,170.0
13376,40.0,Male,Bangalore,73996,3.0,34.0,10.0,1.0,Home Decor,4081,47.0
13377,42.0,Female,Pune,38323,89.0,23.0,16.0,5.0,Home Decor,5120,115.0
13378,67.0,Female,Pune,64847,41.0,48.0,3.0,7.0,Grocery,2680,38.0
13379,60.0,Male,Bangalore,74565,35.0,0.0,18.0,5.0,Electronics,5816,130.0
13380,36.0,Male,Bangalore,41889,93.0,45.0,11.0,9.0,Home Decor,8155,45.0
13381,22.0,Male,Mumbai,26206,93.0,5.0,19.0,4.0,Home Decor,4242,155.0
13382,68.0,Female,Pune,98220,76.0,48.0,15.0,13.0,Electronics,6536,61.0
13383,28.0,Male,Mumbai,71270,99.0,3.0,11.0,9.0,Grocery,8415,82.0
13384,29.0,Male,Mumbai,75249,84.0,37.0,10.0,12.0,Grocery,7013,11.0
13385,27.0,Male,Hyderabad,83890,81.0,0.0,9.0,8.0,Fashion,3545,157.0
13386,25.0,Female,Delhi,45445,76.0,40.0,3.0,14.0,Fashion,1924,25.0
13387,41.0,Male,Pune,59912,50.0,30.0,9.0,13.0,Grocery,4377,78.0
13388,45.0,Female,Bangalore,107601,100.0,35.0,18.0,1.0,Fashion,5118,176.0
13389,58.0,Female,Bangalore,57783,74.0,8.0,12.0,13.0,Fashion,860,174.0
13390,53.0,Male,Delhi,63353,82.0,40.0,16.0,4.0,Electronics,5056,41.0
13391,54.0,Female,Pune,53262,30.0,44.0,4.0,7.0,Home Decor,3346,41.0
13392,38.0,Male,Bangalore,51478,72.0,22.0,1.0,1.0,Fashion,4762,101.0
13393,25.0,Female,Bangalore,97637,77.0,30.0,13.0,12.0,Fashion,4376,139.0
13394,26.0,Female,Hyderabad,8082,95.0,28.0,8.0,8.0,Electronics,4586,172.0
13395,64.0,Male,Mumbai,58574,70.0,48.0,6.0,14.0,Grocery,6503,32.0
13396,32.0,Male,Bangalore,75635,54.0,20.0,8.0,11.0,Fashion,3001,49.0
13397,65.0,Male,Pune,112419,71.0,2.0,19.0,2.0,Home Decor,1340,6.0
13398,63.0,Female,Delhi,41619,85.0,25.0,12.0,8.0,Fashion,6659,57.0
13399,57.0,Female,Hyderabad,37358,51.0,5.0,1.0,11.0,Home Decor,6293,6.0
13400,35.0,Male,Pune,48497,28.0,19.0,4.0,13.0,Grocery,6076,47.0
13401,59.0,Male,Hyderabad,87542,64.0,46.0,13.0,4.0,Fashion,3229,63.0
13402,37.0,Female,Mumbai,73132,85.0,45.0,17.0,8.0,Home Decor,6221,177.0
13403,23.0,Female,Bangalore,33934,21.0,12.0,19.0,1.0,Home Decor,2439,150.0
13404,29.0,Female,Pune,72488,88.0,40.0,19.0,12.0,Home Decor,4397,67.0
13405,19.0,Male,Delhi,108785,27.0,22.0,5.0,5.0,Grocery,8034,147.0
13406,24.0,Female,Mumbai,76612,27.0,14.0,11.0,9.0,Home Decor,6195,162.0
13407,33.0,Male,Mumbai,74113,77.0,45.0,7.0,7.0,Electronics,4854,41.0
13408,20.0,Female,Hyderabad,75618,50.0,30.0,3.0,3.0,Grocery,4711,105.0
13409,62.0,Female,Mumbai,80362,29.0,3.0,11.0,4.0,Home Decor,2796,7.0
13410,20.0,Male,Pune,38322,39.0,10.0,17.0,10.0,Grocery,8240,57.0
13411,44.0,Male,Hyderabad,64201,57.0,1.0,11.0,7.0,Grocery,7021,16.0
13412,67.0,Male,Mumbai,65506,92.0,15.0,15.0,14.0,Electronics,6596,59.0
13413,60.0,Female,Delhi,57913,37.0,30.0,19.0,6.0,Home Decor,4814,166.0
13414,57.0,Female,Pune,87153,93.0,47.0,8.0,13.0,Grocery,4271,137.0
13415,55.0,Female,Delhi,54150,64.0,38.0,16.0,13.0,Grocery,3481,34.0
13416,50.0,Male,Delhi,61000,48.0,42.0,15.0,4.0,Home Decor,7862,46.0
13417,45.0,Female,Hyderabad,38495,22.0,43.0,3.0,3.0,Electronics,1373,165.0
13418,18.0,Male,Bangalore,79457,100.0,3.0,6.0,11.0,Fashion,6133,43.0
13419,,,,93547,,,,,,1847,
13420,54.0,Male,Pune,60974,28.0,27.0,5.0,10.0,Fashion,4594,134.0
13421,49.0,Female,Pune,90184,23.0,15.0,1.0,12.0,Home Decor,4950,166.0
13422,65.0,Female,Hyderabad,66326,97.0,38.0,14.0,9.0,Home Decor,2440,112.0
13423,60.0,Male,Bangalore,6813,4.0,24.0,12.0,3.0,Grocery,3290,123.0
13424,54.0,Female,Hyderabad,68712,3.0,12.0,13.0,7.0,Home Decor,6457,61.0
13425,21.0,Male,Pune,65610,61.0,4.0,14.0,1.0,Electronics,7957,132.0
13426,,,,72574,,,,,,5624,
13427,23.0,Female,Pune,76329,4.0,0.0,13.0,1.0,Home Decor,3625,70.0
13428,63.0,Male,Bangalore,52901,65.0,4.0,6.0,12.0,Grocery,3064,60.0
13429,36.0,Male,Bangalore,106782,12.0,13.0,15.0,2.0,Grocery,3518,88.0
13430,49.0,Female,Hyderabad,68345,13.0,10.0,16.0,1.0,Fashion,4955,92.0
13431,26.0,Male,Hyderabad,65008,34.0,33.0,9.0,4.0,Home Decor,5515,77.0
13432,29.0,Male,Hyderabad,88613,59.0,28.0,8.0,2.0,Fashion,7455,106.0
13433,28.0,Male,Bangalore,70463,93.0,17.0,5.0,1.0,Grocery,4853,82.0
13434,63.0,Male,Bangalore,134146,73.0,14.0,15.0,1.0,Electronics,3674,7.0
13435,33.0,Male,Pune,64752,31.0,45.0,7.0,2.0,Grocery,2745,31.0
13436,18.0,Male,Delhi,78795,71.0,24.0,17.0,6.0,Electronics,4582,85.0
13437,62.0,Male,Hyderabad,51271,13.0,29.0,16.0,2.0,Fashion,1702,48.0
13438,38.0,Female,Pune,91763,54.0,44.0,11.0,13.0,Grocery,3791,42.0
13439,47.0,Female,Pune,77717,2.0,1.0,7.0,13.0,Electronics,2480,90.0
13440,30.0,Male,Mumbai,61525,33.0,39.0,11.0,12.0,Fashion,4481,30.0
13441,51.0,Male,Hyderabad,48189,50.0,26.0,2.0,12.0,Grocery,5911,117.0
13442,21.0,Female,Pune,37264,7.0,48.0,2.0,11.0,Home Decor,5760,126.0
13443,45.0,Female,Mumbai,80467,18.0,14.0,6.0,13.0,Grocery,6367,51.0
13444,55.0,Female,Hyderabad,35328,51.0,31.0,3.0,2.0,Fashion,3150,163.0
13445,48.0,Female,Bangalore,102711,8.0,19.0,1.0,8.0,Grocery,7835,51.0
13446,44.0,Female,Mumbai,38428,55.0,13.0,16.0,5.0,Fashion,6332,120.0
13447,22.0,Male,Bangalore,65540,76.0,26.0,14.0,14.0,Electronics,6258,109.0
13448,42.0,Female,Delhi,47961,43.0,2.0,17.0,8.0,Grocery,7252,178.0
13449,20.0,Female,Delhi,70817,59.0,48.0,18.0,12.0,Fashion,5353,158.0
13450,50.0,Female,Delhi,70662,30.0,2.0,4.0,14.0,Fashion,4768,147.0
13451,21.0,Male,Delhi,81120,59.0,12.0,3.0,12.0,Home Decor,7696,50.0
13452,42.0,Male,Pune,31843,9.0,24.0,8.0,14.0,Electronics,3328,83.0
13453,37.0,Male,Delhi,50907,92.0,17.0,4.0,8.0,Home Decor,4576,86.0
13454,51.0,Male,Pune,94263,68.0,0.0,15.0,12.0,Home Decor,7314,132.0
13455,43.0,Male,Pune,86463,39.0,38.0,13.0,2.0,Grocery,4582,12.0
13456,22.0,Male,Hyderabad,7512,81.0,4.0,14.0,14.0,Fashion,3825,143.0
13457,,,,79430,,,,,,3111,
13458,45.0,Male,Pune,44188,2.0,29.0,5.0,9.0,Fashion,5476,138.0
13459,46.0,Male,Delhi,55204,23.0,16.0,5.0,12.0,Grocery,4142,118.0
13460,26.0,Female,Pune,64316,63.0,28.0,13.0,8.0,Grocery,5978,61.0
13461,69.0,Male,Bangalore,108934,22.0,41.0,4.0,13.0,Electronics,8283,147.0
13462,55.0,Female,Delhi,43932,61.0,3.0,18.0,9.0,Home Decor,7145,57.0
13463,67.0,Female,Mumbai,34902,26.0,8.0,6.0,13.0,Electronics,352,9.0
13464,23.0,Male,Delhi,81257,12.0,20.0,5.0,8.0,Electronics,6434,29.0
13465,36.0,Female,Pune,69299,32.0,42.0,3.0,4.0,Grocery,6574,7.0
13466,61.0,Female,Bangalore,100175,9.0,11.0,3.0,10.0,Fashion,4403,105.0
13467,28.0,Female,Delhi,61179,69.0,11.0,3.0,7.0,Grocery,7488,145.0
13468,19.0,Female,Bangalore,100270,90.0,49.0,2.0,9.0,Grocery,5589,79.0
13469,64.0,Male,Mumbai,70406,71.0,3.0,18.0,9.0,Grocery,1112,144.0
13470,61.0,Female,Mumbai,83227,93.0,27.0,10.0,4.0,Electronics,5283,106.0
13471,61.0,Male,Hyderabad,110598,33.0,8.0,7.0,7.0,Fashion,4456,83.0
13472,26.0,Female,Hyderabad,65818,24.0,39.0,14.0,6.0,Grocery,3742,166.0
13473,38.0,Female,Delhi,96116,89.0,31.0,10.0,12.0,Electronics,5725,89.0
13474,41.0,Female,Hyderabad,54660,95.0,12.0,16.0,12.0,Grocery,6301,76.0
13475,51.0,Male,Bangalore,75688,93.0,33.0,6.0,3.0,Home Decor,6338,175.0
13476,39.0,Male,Hyderabad,33883,69.0,18.0,17.0,10.0,Fashion,6399,10.0
13477,20.0,Male,Bangalore,57392,38.0,13.0,6.0,6.0,Electronics,2688,152.0
13478,29.0,Female,Hyderabad,43549,11.0,4.0,18.0,8.0,Home Decor,2877,50.0
13479,45.0,Female,Hyderabad,100518,32.0,26.0,10.0,2.0,Grocery,5538,126.0
13480,47.0,Female,Hyderabad,113469,64.0,27.0,10.0,12.0,Home Decor,7156,43.0
13481,43.0,Female,Pune,61132,72.0,25.0,9.0,3.0,Home Decor,5707,165.0
13482,65.0,Male,Pune,50674,20.0,9.0,15.0,8.0,Electronics,788,173.0
13483,38.0,Female,Hyderabad,37151,34.0,23.0,11.0,4.0,Fashion,6094,54.0
13484,45.0,Male,Bangalore,76613,42.0,16.0,7.0,4.0,Fashion,1884,43.0
13485,43.0,Female,Delhi,54942,8.0,15.0,18.0,2.0,Electronics,6371,37.0
13486,50.0,Male,Mumbai,56282,66.0,16.0,2.0,11.0,Grocery,3884,169.0
13487,38.0,Male,Pune,110739,21.0,0.0,2.0,10.0,Home Decor,5604,128.0
13488,52.0,Female,Hyderabad,62590,79.0,20.0,13.0,12.0,Fashion,9207,129.0
13489,69.0,Female,Mumbai,84666,70.0,46.0,11.0,13.0,Fashion,4293,93.0
13490,51.0,Male,Pune,71324,5.0,48.0,19.0,1.0,Home Decor,3490,16.0
13491,58.0,Female,Delhi,36119,67.0,42.0,1.0,7.0,Grocery,4131,37.0
13492,68.0,Female,Bangalore,23877,43.0,21.0,17.0,14.0,Home Decor,1994,165.0
13493,64.0,Male,Hyderabad,82188,16.0,4.0,18.0,4.0,Electronics,2991,135.0
13494,35.0,Male,Delhi,112602,99.0,35.0,8.0,6.0,Electronics,7130,40.0
13495,28.0,Male,Pune,77874,73.0,20.0,13.0,8.0,Grocery,1053,179.0
13496,40.0,Male,Hyderabad,85602,35.0,8.0,4.0,11.0,Fashion,3744,64.0
13497,,,,47382,,,,,,5479,
13498,39.0,Male,Bangalore,95372,43.0,47.0,3.0,13.0,Grocery,4180,22.0
13499,34.0,Male,Pune,95062,98.0,11.0,6.0,14.0,Grocery,7699,43.0
13500,22.0,Male,Bangalore,52595,39.0,17.0,6.0,7.0,Electronics,4666,62.0
13501,61.0,Female,Hyderabad,83635,10.0,34.0,6.0,6.0,Electronics,4322,155.0
13502,28.0,Male,Delhi,25839,74.0,14.0,8.0,11.0,Grocery,5298,29.0
13503,47.0,Female,Bangalore,88097,20.0,49.0,17.0,4.0,Fashion,5543,16.0
13504,32.0,Male,Mumbai,55689,1.0,43.0,10.0,4.0,Home Decor,5000,139.0
13505,44.0,Male,Pune,39321,6.0,29.0,5.0,9.0,Home Decor,4856,21.0
13506,52.0,Female,Mumbai,80065,53.0,44.0,19.0,11.0,Home Decor,1092,137.0
13507,50.0,Male,Bangalore,25706,46.0,32.0,11.0,5.0,Electronics,2739,27.0
13508,37.0,Male,Delhi,78560,66.0,35.0,10.0,9.0,Grocery,6154,127.0
13509,33.0,Female,Delhi,41693,38.0,39.0,3.0,11.0,Fashion,7015,86.0
13510,51.0,Male,Mumbai,36343,33.0,29.0,10.0,12.0,Electronics,7554,107.0
13511,19.0,Male,Hyderabad,71496,67.0,25.0,2.0,9.0,Grocery,2112,151.0
13512,52.0,Male,Hyderabad,65686,100.0,20.0,9.0,4.0,Grocery,3325,51.0
13513,57.0,Male,Delhi,106419,77.0,36.0,5.0,2.0,Home Decor,7992,80.0
13514,45.0,Female,Mumbai,37879,35.0,42.0,17.0,2.0,Home Decor,4238,131.0
13515,64.0,Male,Mumbai,104376,79.0,30.0,6.0,9.0,Fashion,6235,144.0
13516,56.0,Female,Mumbai,41558,45.0,16.0,11.0,9.0,Fashion,11734,136.0
13517,23.0,Male,Bangalore,92986,22.0,16.0,5.0,3.0,Home Decor,7099,90.0
13518,26.0,Female,Hyderabad,97652,68.0,33.0,7.0,5.0,Home Decor,4567,170.0
13519,37.0,Male,Hyderabad,78036,17.0,23.0,7.0,5.0,Grocery,4718,163.0
13520,18.0,Female,Bangalore,50226,5.0,32.0,4.0,2.0,Fashion,6053,48.0
13521,25.0,Male,Pune,31926,85.0,3.0,10.0,2.0,Grocery,1158,54.0
13522,40.0,Female,Bangalore,21205,57.0,8.0,18.0,10.0,Fashion,5882,103.0
13523,20.0,Female,Mumbai,116307,88.0,1.0,1.0,12.0,Fashion,4446,36.0
13524,21.0,Male,Bangalore,62578,95.0,34.0,14.0,13.0,Electronics,4845,6.0
13525,42.0,Female,Mumbai,42383,40.0,37.0,6.0,1.0,Home Decor,5211,12.0
13526,64.0,Male,Delhi,41420,30.0,44.0,11.0,2.0,Electronics,8131,103.0
13527,55.0,Male,Mumbai,74196,42.0,14.0,14.0,14.0,Fashion,5512,65.0
13528,32.0,Male,Hyderabad,60128,7.0,42.0,3.0,11.0,Grocery,5469,178.0
13529,38.0,Male,Bangalore,22017,71.0,41.0,16.0,7.0,Fashion,6430,171.0
13530,52.0,Male,Mumbai,91613,91.0,2.0,16.0,1.0,Electronics,5145,171.0
13531,63.0,Female,Pune,78374,88.0,30.0,7.0,1.0,Home Decor,6323,177.0
13532,69.0,Male,Delhi,115997,19.0,40.0,8.0,9.0,Grocery,4773,89.0
13533,31.0,Male,Pune,98519,41.0,41.0,4.0,13.0,Fashion,7326,91.0
13534,53.0,Male,Pune,-7453,34.0,22.0,12.0,2.0,Fashion,7556,87.0
13535,29.0,Male,Pune,105424,22.0,11.0,12.0,11.0,Home Decor,6345,178.0
13536,34.0,Male,Delhi,100187,52.0,7.0,10.0,4.0,Fashion,414,21.0
13537,56.0,Male,Delhi,51590,91.0,20.0,12.0,11.0,Fashion,5350,88.0
13538,26.0,Female,Delhi,59185,6.0,20.0,11.0,3.0,Home Decor,1151,13.0
13539,52.0,Female,Delhi,80293,74.0,31.0,11.0,14.0,Electronics,5763,170.0
13540,30.0,Male,Pune,44644,95.0,16.0,15.0,11.0,Electronics,8206,120.0
13541,32.0,Female,Hyderabad,63931,25.0,36.0,6.0,4.0,Electronics,7284,143.0
13542,35.0,Male,Hyderabad,95000,66.0,23.0,11.0,11.0,Electronics,4462,178.0
13543,68.0,Male,Delhi,82943,10.0,7.0,2.0,14.0,Grocery,4679,129.0
13544,,,,53330,,,,,,1322,
13545,23.0,Male,Mumbai,95569,26.0,10.0,11.0,7.0,Home Decor,5026,162.0
13546,44.0,Male,Bangalore,77572,5.0,9.0,16.0,10.0,Home Decor,4590,42.0
13547,40.0,Female,Bangalore,76717,86.0,25.0,13.0,14.0,Home Decor,2487,62.0
13548,44.0,Female,Bangalore,57126,68.0,46.0,13.0,2.0,Grocery,3037,95.0
13549,51.0,Female,Hyderabad,69836,98.0,5.0,18.0,2.0,Fashion,2603,160.0
13550,63.0,Female,Mumbai,50647,71.0,16.0,1.0,9.0,Grocery,9295,100.0
13551,55.0,Male,Bangalore,21486,50.0,22.0,10.0,6.0,Electronics,5238,61.0
13552,31.0,Female,Delhi,63005,17.0,41.0,19.0,11.0,Electronics,6508,93.0
13553,53.0,Male,Hyderabad,66946,11.0,36.0,17.0,7.0,Fashion,6831,152.0
13554,25.0,Female,Delhi,73432,53.0,27.0,1.0,5.0,Home Decor,8224,155.0
13555,52.0,Female,Delhi,100303,50.0,15.0,1.0,13.0,Grocery,8160,21.0
13556,36.0,Female,Bangalore,53692,8.0,11.0,17.0,5.0,Fashion,6888,18.0
13557,47.0,Female,Delhi,60806,92.0,20.0,15.0,4.0,Fashion,1957,55.0
13558,,,,89154,,,,,,6905,
13559,37.0,Female,Delhi,51186,62.0,27.0,11.0,7.0,Fashion,4200,47.0
13560,66.0,Female,Bangalore,73843,89.0,36.0,2.0,10.0,Home Decor,2473,54.0
13561,42.0,Male,Delhi,59792,85.0,20.0,9.0,2.0,Grocery,4255,18.0
13562,57.0,Male,Hyderabad,63909,76.0,32.0,19.0,2.0,Grocery,5306,128.0
13563,41.0,Female,Hyderabad,88953,90.0,1.0,2.0,6.0,Fashion,-130,49.0
13564,31.0,Male,Hyderabad,60663,29.0,36.0,16.0,12.0,Home Decor,5801,94.0
13565,43.0,Male,Pune,89768,99.0,18.0,9.0,11.0,Home Decor,7273,163.0
13566,55.0,Male,Hyderabad,21189,44.0,27.0,4.0,1.0,Electronics,5173,167.0
13567,40.0,Female,Hyderabad,34259,45.0,14.0,13.0,7.0,Grocery,2835,57.0
13568,39.0,Male,Pune,12044,29.0,0.0,15.0,8.0,Electronics,6219,6.0
13569,65.0,Female,Hyderabad,40855,88.0,42.0,2.0,14.0,Home Decor,4946,78.0
13570,36.0,Female,Bangalore,116421,59.0,27.0,18.0,10.0,Home Decor,8482,20.0
13571,,,,347805,,,,,,1616,
13572,68.0,Female,Hyderabad,51967,70.0,34.0,1.0,3.0,Grocery,-151,9.0
13573,20.0,Male,Pune,89570,96.0,31.0,3.0,13.0,Electronics,4801,142.0
13574,59.0,Female,Bangalore,93100,44.0,27.0,17.0,7.0,Home Decor,4078,120.0
13575,36.0,Male,Delhi,39478,98.0,8.0,11.0,1.0,Home Decor,5538,151.0
13576,26.0,Female,Mumbai,132455,36.0,23.0,8.0,13.0,Fashion,5833,48.0
13577,45.0,Male,Bangalore,76908,84.0,3.0,12.0,11.0,Fashion,8039,80.0
13578,37.0,Female,Delhi,80058,57.0,44.0,11.0,3.0,Electronics,4517,56.0
13579,62.0,Male,Bangalore,82430,64.0,40.0,13.0,13.0,Fashion,5899,121.0
13580,24.0,Female,Delhi,82378,76.0,2.0,15.0,6.0,Home Decor,2369,40.0
13581,,,,54463,,,,,,9930,
13582,26.0,Male,Bangalore,122812,38.0,21.0,12.0,5.0,Grocery,7212,167.0
13583,36.0,Female,Pune,62870,17.0,39.0,19.0,13.0,Electronics,6765,86.0
13584,64.0,Female,Bangalore,93937,27.0,38.0,11.0,14.0,Fashion,3385,43.0
13585,69.0,Female,Bangalore,58126,17.0,48.0,10.0,5.0,Electronics,7724,122.0
13586,,,,53693,,,,,,7026,
13587,55.0,Female,Mumbai,117546,11.0,47.0,13.0,12.0,Grocery,6279,70.0
13588,53.0,Female,Delhi,67290,64.0,21.0,16.0,9.0,Fashion,4795,100.0
13589,57.0,Male,Hyderabad,69147,39.0,49.0,17.0,6.0,Fashion,2897,131.0
13590,34.0,Male,Bangalore,77090,2.0,47.0,5.0,5.0,Electronics,4886,132.0
13591,47.0,Male,Bangalore,135044,66.0,46.0,9.0,10.0,Grocery,3425,155.0
13592,,,,124219,,,,,,5766,
13593,50.0,Male,Delhi,102094,29.0,19.0,9.0,11.0,Grocery,2798,27.0
13594,69.0,Female,Pune,141340,45.0,35.0,16.0,8.0,Fashion,3564,105.0
13595,42.0,Female,Bangalore,46385,88.0,36.0,7.0,12.0,Grocery,833,100.0
13596,31.0,Female,Delhi,86397,88.0,38.0,14.0,8.0,Fashion,6063,175.0
13597,28.0,Male,Delhi,71895,80.0,26.0,14.0,7.0,Home Decor,5865,60.0
13598,52.0,Female,Hyderabad,25772,31.0,46.0,7.0,14.0,Grocery,3987,36.0
13599,58.0,Male,Hyderabad,81577,49.0,48.0,16.0,8.0,Home Decor,120,118.0
13600,,,,57729,,,,,,1624,
13601,47.0,Female,Hyderabad,108337,27.0,41.0,6.0,3.0,Home Decor,5201,61.0
13602,,,,60124,,,,,,7001,
13603,21.0,Male,Hyderabad,58702,78.0,40.0,19.0,1.0,Grocery,3018,7.0
13604,21.0,Female,Mumbai,108326,45.0,47.0,8.0,3.0,Fashion,7419,158.0
13605,45.0,Male,Bangalore,68363,89.0,31.0,1.0,3.0,Fashion,8359,50.0
13606,25.0,Male,Hyderabad,99071,43.0,23.0,17.0,7.0,Grocery,5909,116.0
13607,19.0,Female,Delhi,80608,22.0,2.0,19.0,12.0,Electronics,7086,175.0
13608,58.0,Male,Bangalore,80944,99.0,26.0,7.0,10.0,Fashion,2747,168.0
13609,63.0,Male,Delhi,63898,33.0,8.0,18.0,9.0,Home Decor,1437,128.0
13610,39.0,Female,Bangalore,82555,27.0,39.0,6.0,12.0,Fashion,8722,5.0
13611,58.0,Female,Delhi,66712,40.0,22.0,6.0,1.0,Electronics,3019,70.0
13612,33.0,Female,Hyderabad,49904,26.0,6.0,1.0,8.0,Home Decor,7303,172.0
13613,46.0,Female,Hyderabad,67393,83.0,16.0,10.0,1.0,Fashion,5838,32.0
13614,66.0,Male,Mumbai,102195,45.0,36.0,8.0,3.0,Grocery,8520,79.0
13615,65.0,Male,Bangalore,83400,45.0,6.0,7.0,4.0,Home Decor,6551,115.0
13616,47.0,Female,Mumbai,89211,26.0,29.0,9.0,11.0,Electronics,2654,77.0
13617,29.0,Male,Pune,70036,70.0,12.0,1.0,8.0,Fashion,4307,74.0
13618,52.0,Male,Hyderabad,21555,67.0,17.0,11.0,13.0,Grocery,6402,168.0
13619,28.0,Female,Bangalore,39464,6.0,30.0,3.0,1.0,Home Decor,3902,57.0
13620,63.0,Female,Mumbai,62774,28.0,21.0,18.0,12.0,Home Decor,7092,11.0
13621,67.0,Male,Mumbai,41623,67.0,13.0,6.0,2.0,Grocery,5192,168.0
13622,38.0,Female,Pune,56891,13.0,17.0,11.0,11.0,Electronics,7132,104.0
13623,38.0,Female,Mumbai,55986,63.0,34.0,5.0,5.0,Home Decor,7257,175.0
13624,22.0,Female,Delhi,56739,13.0,16.0,4.0,6.0,Electronics,5620,130.0
13625,65.0,Male,Hyderabad,105929,77.0,18.0,8.0,5.0,Electronics,4730,118.0
13626,37.0,Female,Mumbai,68675,1.0,30.0,10.0,13.0,Grocery,3929,120.0
13627,54.0,Male,Mumbai,93366,40.0,38.0,3.0,3.0,Home Decor,2708,49.0
13628,20.0,Male,Pune,74098,37.0,35.0,13.0,10.0,Fashion,8439,38.0
13629,61.0,Male,Delhi,105393,31.0,14.0,17.0,7.0,Grocery,5159,16.0
13630,50.0,Female,Mumbai,95524,17.0,28.0,5.0,12.0,Grocery,4504,120.0
13631,26.0,Female,Hyderabad,55212,9.0,39.0,8.0,1.0,Electronics,4533,88.0
13632,26.0,Female,Hyderabad,119040,64.0,15.0,19.0,2.0,Fashion,4894,119.0
13633,21.0,Female,Mumbai,58636,57.0,32.0,18.0,11.0,Grocery,4020,78.0
13634,52.0,Female,Delhi,75000,13.0,24.0,1.0,14.0,Electronics,3856,27.0
13635,34.0,Male,Hyderabad,79425,37.0,15.0,4.0,12.0,Home Decor,2271,74.0
13636,51.0,Male,Hyderabad,82209,14.0,29.0,18.0,9.0,Electronics,5092,123.0
13637,41.0,Male,Delhi,89904,75.0,33.0,14.0,14.0,Fashion,7612,156.0
13638,49.0,Female,Delhi,51080,25.0,1.0,11.0,4.0,Fashion,3554,45.0
13639,18.0,Male,Mumbai,87808,95.0,39.0,9.0,8.0,Electronics,6104,161.0
13640,25.0,Male,Bangalore,84528,78.0,43.0,13.0,9.0,Home Decor,6150,128.0
13641,62.0,Female,Pune,70011,57.0,42.0,17.0,7.0,Fashion,5803,60.0
13642,40.0,Female,Bangalore,65256,71.0,37.0,15.0,1.0,Fashion,8748,178.0
13643,64.0,Male,Bangalore,49797,88.0,17.0,2.0,5.0,Home Decor,6203,126.0
13644,57.0,Male,Hyderabad,82008,100.0,4.0,6.0,6.0,Grocery,5134,174.0
13645,29.0,Female,Delhi,53488,42.0,46.0,7.0,14.0,Fashion,5670,35.0
13646,29.0,Female,Hyderabad,75947,42.0,39.0,2.0,11.0,Electronics,6692,41.0
13647,63.0,Female,Pune,67466,47.0,5.0,13.0,8.0,Home Decor,8479,133.0
13648,64.0,Female,Mumbai,36645,44.0,11.0,10.0,10.0,Fashion,4521,5.0
13649,32.0,Male,Pune,46664,41.0,11.0,16.0,13.0,Grocery,5359,150.0
13650,58.0,Male,Hyderabad,80119,3.0,11.0,9.0,8.0,Fashion,11122,34.0
13651,36.0,Female,Hyderabad,56892,90.0,8.0,8.0,13.0,Grocery,4901,145.0
13652,43.0,Male,Hyderabad,56039,90.0,41.0,15.0,12.0,Fashion,4818,51.0
13653,69.0,Male,Hyderabad,50901,1.0,21.0,7.0,14.0,Fashion,3320,177.0
13654,,,,51749,,,,,,5167,
13655,39.0,Male,Mumbai,111066,11.0,49.0,4.0,9.0,Home Decor,4851,125.0
13656,57.0,Male,Bangalore,42001,7.0,15.0,9.0,4.0,Home Decor,5786,143.0
13657,38.0,Male,Hyderabad,106822,12.0,3.0,19.0,6.0,Electronics,5541,109.0
13658,68.0,Female,Delhi,61731,38.0,49.0,2.0,3.0,Home Decor,1052,157.0
13659,55.0,Female,Bangalore,53656,54.0,2.0,7.0,1.0,Home Decor,2386,153.0
13660,37.0,Male,Hyderabad,79595,67.0,15.0,19.0,13.0,Home Decor,4677,85.0
13661,46.0,Female,Hyderabad,71326,53.0,13.0,6.0,13.0,Fashion,4149,28.0
13662,,,,65062,,,,,,2931,
13663,21.0,Female,Pune,75497,94.0,37.0,7.0,1.0,Grocery,1319,103.0
13664,24.0,Male,Bangalore,70929,32.0,3.0,6.0,9.0,Grocery,8249,100.0
13665,,,,64610,,,,,,8214,
13666,45.0,Female,Bangalore,93391,45.0,9.0,14.0,6.0,Home Decor,6514,33.0
13667,21.0,Male,Hyderabad,33825,51.0,10.0,1.0,1.0,Home Decor,3828,69.0
13668,39.0,Male,Mumbai,47133,37.0,38.0,6.0,11.0,Electronics,7938,90.0
13669,29.0,Male,Hyderabad,50294,59.0,25.0,18.0,13.0,Fashion,3561,17.0
13670,62.0,Male,Hyderabad,43551,54.0,36.0,17.0,3.0,Home Decor,5870,81.0
13671,20.0,Male,Delhi,72148,18.0,25.0,2.0,1.0,Home Decor,3419,111.0
13672,39.0,Female,Mumbai,82635,1.0,3.0,8.0,2.0,Fashion,5048,67.0
13673,61.0,Male,Bangalore,20936,21.0,25.0,2.0,6.0,Grocery,5973,67.0
13674,19.0,Male,Pune,58148,28.0,37.0,16.0,7.0,Home Decor,2005,34.0
13675,41.0,Male,Bangalore,61958,16.0,27.0,4.0,1.0,Home Decor,4155,8.0
13676,51.0,Female,Hyderabad,62853,48.0,1.0,2.0,10.0,Home Decor,5501,45.0
13677,44.0,Female,Mumbai,37872,28.0,1.0,5.0,5.0,Home Decor,2491,60.0
13678,58.0,Female,Mumbai,62166,22.0,15.0,17.0,6.0,Fashion,3114,70.0
13679,18.0,Male,Mumbai,47221,83.0,22.0,2.0,4.0,Fashion,5502,101.0
13680,25.0,Female,Delhi,61640,1.0,22.0,14.0,6.0,Fashion,3930,109.0
13681,40.0,Female,Bangalore,27009,95.0,12.0,7.0,5.0,Grocery,2540,150.0
13682,55.0,Female,Delhi,61811,42.0,20.0,15.0,13.0,Home Decor,5059,161.0
13683,,,,52024,,,,,,5870,
13684,39.0,Male,Hyderabad,63437,70.0,24.0,13.0,11.0,Grocery,9488,112.0
13685,,,,77519,,,,,,5168,
13686,35.0,Female,Delhi,68881,3.0,48.0,2.0,13.0,Home Decor,5022,52.0
13687,34.0,Male,Hyderabad,89834,95.0,12.0,12.0,4.0,Home Decor,4430,119.0
13688,29.0,Male,Mumbai,60980,80.0,14.0,6.0,1.0,Grocery,7298,74.0
13689,23.0,Female,Hyderabad,85472,81.0,27.0,1.0,2.0,Electronics,5651,66.0
13690,43.0,Male,Bangalore,98124,44.0,2.0,1.0,6.0,Electronics,6671,149.0
13691,44.0,Female,Hyderabad,76843,27.0,22.0,15.0,14.0,Home Decor,5444,152.0
13692,25.0,Male,Mumbai,69480,51.0,3.0,16.0,13.0,Home Decor,6828,176.0
13693,36.0,Male,Hyderabad,80359,24.0,46.0,7.0,10.0,Grocery,5756,121.0
13694,59.0,Female,Delhi,77727,20.0,49.0,14.0,13.0,Grocery,2184,13.0
13695,18.0,Male,Pune,95031,32.0,2.0,19.0,11.0,Fashion,4423,64.0
13696,46.0,Female,Delhi,89844,99.0,38.0,19.0,2.0,Grocery,4484,5.0
13697,62.0,Male,Pune,90145,13.0,7.0,13.0,13.0,Grocery,5886,146.0
13698,66.0,Female,Hyderabad,71100,43.0,42.0,12.0,5.0,Electronics,5305,116.0
13699,,,,78530,,,,,,7660,
13700,57.0,Male,Hyderabad,78063,2.0,40.0,12.0,4.0,Electronics,5796,54.0
13701,31.0,Male,Mumbai,39815,68.0,11.0,4.0,7.0,Electronics,5943,32.0
13702,52.0,Male,Hyderabad,96722,91.0,4.0,15.0,4.0,Grocery,2971,28.0
13703,65.0,Male,Pune,28267,60.0,32.0,16.0,7.0,Home Decor,5300,86.0
13704,62.0,Female,Delhi,87804,89.0,45.0,15.0,11.0,Electronics,4570,45.0
13705,37.0,Male,Bangalore,76674,4.0,24.0,8.0,8.0,Fashion,870,28.0
13706,66.0,Female,Hyderabad,62892,96.0,24.0,19.0,7.0,Fashion,2373,65.0
13707,30.0,Female,Hyderabad,79779,17.0,34.0,15.0,2.0,Grocery,6445,70.0
13708,55.0,Female,Delhi,80464,1.0,14.0,18.0,11.0,Fashion,6306,42.0
13709,66.0,Male,Bangalore,37305,33.0,41.0,11.0,1.0,Electronics,3821,161.0
13710,63.0,Female,Hyderabad,105403,30.0,25.0,9.0,5.0,Home Decor,3883,16.0
13711,66.0,Male,Hyderabad,71803,5.0,9.0,1.0,13.0,Home Decor,2733,141.0
13712,25.0,Female,Pune,127868,12.0,23.0,9.0,13.0,Electronics,6979,149.0
13713,60.0,Female,Pune,89744,32.0,34.0,12.0,12.0,Fashion,3381,59.0
13714,37.0,Female,Mumbai,71234,38.0,28.0,2.0,13.0,Grocery,3859,47.0
13715,50.0,Female,Delhi,52749,17.0,37.0,11.0,7.0,Home Decor,7031,167.0
13716,43.0,Female,Bangalore,67229,58.0,4.0,14.0,12.0,Electronics,6991,110.0
13717,56.0,Male,Hyderabad,73745,40.0,23.0,2.0,1.0,Electronics,4640,126.0
13718,38.0,Female,Hyderabad,106635,96.0,18.0,15.0,11.0,Fashion,5025,43.0
13719,66.0,Female,Mumbai,100666,24.0,45.0,18.0,8.0,Grocery,5941,155.0
13720,59.0,Male,Hyderabad,81287,12.0,48.0,14.0,3.0,Grocery,4180,109.0
13721,60.0,Male,Delhi,114229,95.0,43.0,12.0,7.0,Fashion,4800,165.0
13722,58.0,Male,Mumbai,19595,19.0,8.0,10.0,3.0,Electronics,4607,114.0
13723,26.0,Female,Delhi,81569,29.0,25.0,14.0,4.0,Fashion,6374,3.0
13724,41.0,Female,Mumbai,101391,85.0,24.0,15.0,8.0,Fashion,7833,76.0
13725,54.0,Female,Hyderabad,83685,90.0,34.0,5.0,14.0,Fashion,7292,7.0
13726,66.0,Female,Mumbai,36679,52.0,49.0,2.0,14.0,Electronics,7032,20.0
13727,58.0,Female,Pune,104736,92.0,35.0,6.0,2.0,Home Decor,2809,79.0
13728,34.0,Female,Bangalore,89033,17.0,13.0,12.0,6.0,Electronics,7584,65.0
13729,41.0,Male,Hyderabad,78575,73.0,5.0,2.0,10.0,Home Decor,3647,115.0
13730,38.0,Male,Bangalore,72208,21.0,31.0,4.0,9.0,Home Decor,1435,142.0
13731,68.0,Female,Hyderabad,119842,60.0,25.0,7.0,10.0,Fashion,3301,98.0
13732,56.0,Female,Bangalore,81112,98.0,14.0,16.0,9.0,Grocery,4816,49.0
13733,58.0,Female,Pune,63952,75.0,48.0,1.0,5.0,Fashion,925,74.0
13734,56.0,Female,Bangalore,49715,20.0,30.0,1.0,3.0,Electronics,6423,37.0
13735,30.0,Female,Mumbai,88938,53.0,36.0,14.0,6.0,Grocery,6664,134.0
13736,28.0,Male,Bangalore,94655,80.0,37.0,11.0,12.0,Grocery,4235,6.0
13737,63.0,Male,Hyderabad,71412,63.0,36.0,12.0,9.0,Electronics,2667,28.0
13738,36.0,Female,Delhi,56055,57.0,18.0,11.0,6.0,Electronics,6846,102.0
13739,28.0,Male,Bangalore,103251,29.0,13.0,6.0,4.0,Fashion,3153,121.0
13740,30.0,Female,Bangalore,47814,1.0,35.0,12.0,12.0,Electronics,1758,141.0
13741,63.0,Female,Bangalore,119236,82.0,36.0,12.0,11.0,Home Decor,4871,13.0
13742,62.0,Female,Hyderabad,51636,59.0,10.0,10.0,13.0,Home Decor,5053,123.0
13743,18.0,Male,Bangalore,38042,64.0,26.0,8.0,5.0,Grocery,5626,10.0
13744,57.0,Male,Hyderabad,41240,86.0,1.0,19.0,7.0,Fashion,6535,80.0
13745,61.0,Female,Hyderabad,42256,72.0,21.0,7.0,10.0,Fashion,6779,167.0
13746,36.0,Male,Delhi,64085,71.0,1.0,14.0,14.0,Grocery,2471,99.0
13747,29.0,Male,Mumbai,58295,89.0,19.0,4.0,13.0,Electronics,923,151.0
13748,25.0,Female,Hyderabad,95615,94.0,43.0,1.0,3.0,Fashion,5919,37.0
13749,25.0,Male,Pune,92051,98.0,47.0,8.0,14.0,Grocery,5099,121.0
13750,62.0,Male,Bangalore,64412,44.0,16.0,5.0,12.0,Grocery,4084,8.0
13751,29.0,Female,Pune,147584,48.0,3.0,8.0,9.0,Home Decor,4710,86.0
13752,65.0,Female,Bangalore,64080,75.0,13.0,8.0,1.0,Grocery,3327,5.0
13753,,,,67412,,,,,,8454,
13754,62.0,Female,Hyderabad,38064,35.0,14.0,19.0,5.0,Electronics,977,27.0
13755,43.0,Male,Mumbai,67986,23.0,29.0,4.0,10.0,Electronics,5846,124.0
13756,56.0,Female,Hyderabad,77435,53.0,15.0,6.0,9.0,Electronics,2429,147.0
13757,45.0,Female,Bangalore,40394,45.0,39.0,12.0,2.0,Grocery,3677,171.0
13758,22.0,Female,Mumbai,57532,85.0,1.0,18.0,1.0,Fashion,4121,43.0
13759,25.0,Female,Hyderabad,78175,92.0,18.0,12.0,10.0,Grocery,3036,35.0
13760,42.0,Male,Mumbai,56879,13.0,0.0,18.0,7.0,Fashion,4546,55.0
13761,44.0,Female,Bangalore,51646,34.0,30.0,3.0,10.0,Fashion,-256,61.0
13762,63.0,Female,Delhi,89553,38.0,3.0,10.0,12.0,Fashion,1933,47.0
13763,40.0,Female,Delhi,37947,70.0,26.0,7.0,11.0,Home Decor,1290,102.0
13764,47.0,Male,Hyderabad,42801,68.0,24.0,3.0,9.0,Electronics,2557,77.0
13765,62.0,Male,Pune,74434,5.0,21.0,19.0,14.0,Home Decor,3408,56.0
13766,64.0,Female,Bangalore,455765,40.0,42.0,13.0,5.0,Grocery,19948,82.0
13767,40.0,Female,Hyderabad,77638,70.0,9.0,4.0,11.0,Home Decor,3713,146.0
13768,66.0,Female,Hyderabad,64402,21.0,49.0,10.0,4.0,Fashion,3260,53.0
13769,64.0,Female,Delhi,62365,28.0,32.0,6.0,4.0,Grocery,3952,89.0
13770,37.0,Female,Mumbai,95261,3.0,48.0,1.0,12.0,Electronics,3603,85.0
13771,35.0,Female,Bangalore,91475,23.0,47.0,6.0,13.0,Fashion,4257,139.0
13772,35.0,Male,Mumbai,71246,72.0,43.0,8.0,8.0,Electronics,4331,112.0
13773,19.0,Female,Bangalore,63059,19.0,29.0,15.0,1.0,Home Decor,3440,129.0
13774,,,,70881,,,,,,1849,
13775,,,,51820,,,,,,4903,
13776,50.0,Female,Pune,66245,74.0,8.0,19.0,2.0,Fashion,6671,147.0
13777,53.0,Female,Hyderabad,57761,58.0,16.0,14.0,10.0,Electronics,2878,16.0
13778,35.0,Female,Delhi,67478,92.0,34.0,2.0,6.0,Home Decor,4780,66.0
13779,54.0,Male,Hyderabad,58657,20.0,49.0,7.0,2.0,Grocery,4112,12.0
13780,36.0,Male,Pune,83098,92.0,46.0,8.0,5.0,Fashion,6160,93.0
13781,64.0,Male,Bangalore,90460,93.0,14.0,10.0,3.0,Home Decor,3265,74.0
13782,45.0,Male,Hyderabad,60507,72.0,47.0,13.0,7.0,Fashion,4568,86.0
13783,57.0,Male,Mumbai,49703,83.0,27.0,1.0,9.0,Electronics,4752,98.0
13784,37.0,Male,Bangalore,87790,53.0,19.0,9.0,2.0,Home Decor,5509,21.0
13785,66.0,Female,Bangalore,74618,85.0,32.0,10.0,7.0,Home Decor,2797,37.0
13786,50.0,Female,Pune,60831,82.0,32.0,2.0,13.0,Electronics,5608,5.0
13787,29.0,Female,Pune,104388,9.0,35.0,11.0,13.0,Home Decor,3934,160.0
13788,68.0,Female,Delhi,55874,4.0,12.0,5.0,8.0,Home Decor,6028,67.0
13789,32.0,Female,Delhi,20176,41.0,3.0,18.0,14.0,Home Decor,4204,10.0
13790,,,,52301,,,,,,7505,
13791,56.0,Male,Bangalore,110459,34.0,7.0,3.0,8.0,Electronics,1781,84.0
13792,19.0,Female,Mumbai,62057,73.0,12.0,16.0,7.0,Fashion,6086,62.0
13793,46.0,Male,Mumbai,57114,9.0,23.0,15.0,14.0,Electronics,5625,37.0
13794,58.0,Male,Pune,70665,82.0,39.0,8.0,12.0,Home Decor,5922,175.0
13795,,,,95276,,,,,,7106,
13796,19.0,Female,Mumbai,67927,13.0,29.0,3.0,4.0,Home Decor,1404,24.0
13797,68.0,Female,Hyderabad,84783,9.0,29.0,5.0,10.0,Home Decor,9333,82.0
13798,28.0,Female,Delhi,65268,80.0,24.0,9.0,13.0,Home Decor,6037,154.0
13799,30.0,Female,Delhi,84980,4.0,32.0,16.0,13.0,Electronics,8858,106.0
13800,27.0,Female,Bangalore,74506,34.0,8.0,14.0,9.0,Home Decor,8730,55.0
13801,31.0,Female,Delhi,60050,7.0,25.0,18.0,12.0,Fashion,5856,7.0
13802,35.0,Male,Bangalore,76452,15.0,23.0,7.0,10.0,Grocery,5515,169.0
13803,68.0,Female,Hyderabad,56437,38.0,32.0,15.0,9.0,Grocery,6499,130.0
13804,26.0,Female,Delhi,35545,75.0,38.0,8.0,5.0,Fashion,437,158.0
13805,56.0,Male,Hyderabad,69502,96.0,24.0,3.0,7.0,Grocery,4823,123.0
13806,45.0,Female,Delhi,37765,91.0,44.0,11.0,7.0,Fashion,6937,20.0
13807,20.0,Female,Delhi,84935,94.0,14.0,18.0,9.0,Electronics,8056,56.0
13808,37.0,Male,Hyderabad,69062,52.0,40.0,15.0,12.0,Grocery,4371,24.0
13809,23.0,Female,Mumbai,105582,81.0,47.0,10.0,7.0,Fashion,5721,108.0
13810,44.0,Female,Mumbai,61744,100.0,48.0,3.0,8.0,Fashion,6145,140.0
13811,19.0,Female,Mumbai,69499,83.0,40.0,15.0,7.0,Home Decor,4835,91.0
13812,46.0,Female,Mumbai,33259,7.0,5.0,6.0,11.0,Electronics,3132,15.0
13813,55.0,Female,Delhi,42397,45.0,19.0,11.0,4.0,Fashion,3675,73.0
13814,20.0,Female,Pune,28031,59.0,43.0,11.0,12.0,Grocery,2910,176.0
13815,33.0,Male,Hyderabad,96937,21.0,15.0,19.0,2.0,Home Decor,1975,61.0
13816,47.0,Female,Pune,58511,28.0,20.0,3.0,3.0,Home Decor,4660,28.0
13817,57.0,Female,Pune,103176,3.0,14.0,13.0,7.0,Home Decor,9433,110.0
13818,19.0,Male,Bangalore,2984,14.0,38.0,8.0,14.0,Electronics,5493,3.0
13819,34.0,Male,Mumbai,108701,2.0,41.0,11.0,11.0,Fashion,4426,16.0
13820,58.0,Female,Delhi,68299,29.0,3.0,11.0,11.0,Electronics,5745,164.0
13821,29.0,Male,Mumbai,78496,18.0,23.0,13.0,13.0,Fashion,3348,132.0
13822,,,,43426,,,,,,1678,
13823,60.0,Female,Pune,83182,45.0,49.0,6.0,13.0,Grocery,3621,110.0
13824,18.0,Male,Bangalore,60652,45.0,0.0,10.0,14.0,Grocery,2739,12.0
13825,62.0,Female,Mumbai,40151,24.0,29.0,19.0,11.0,Electronics,1302,74.0
13826,32.0,Female,Hyderabad,199040,46.0,12.0,12.0,2.0,Home Decor,15596,44.0
13827,43.0,Male,Hyderabad,39366,12.0,17.0,14.0,14.0,Fashion,5976,108.0
13828,54.0,Male,Mumbai,79505,53.0,39.0,11.0,7.0,Electronics,5789,147.0
13829,38.0,Male,Pune,54109,45.0,10.0,10.0,4.0,Home Decor,5542,13.0
13830,,,,28997,,,,,,8338,
13831,48.0,Female,Delhi,79232,18.0,28.0,13.0,12.0,Grocery,3895,92.0
13832,42.0,Male,Bangalore,15681,13.0,3.0,18.0,5.0,Home Decor,5865,104.0
13833,40.0,Male,Pune,103226,4.0,24.0,13.0,7.0,Electronics,4223,116.0
13834,41.0,Male,Delhi,119660,23.0,35.0,14.0,6.0,Fashion,7843,131.0
13835,55.0,Male,Hyderabad,37189,62.0,35.0,14.0,13.0,Grocery,3383,109.0
13836,45.0,Male,Hyderabad,96311,54.0,43.0,7.0,2.0,Fashion,6486,153.0
13837,38.0,Female,Hyderabad,78727,74.0,39.0,12.0,12.0,Electronics,5499,121.0
13838,60.0,Male,Mumbai,57499,55.0,27.0,4.0,7.0,Home Decor,7438,108.0
13839,35.0,Female,Bangalore,58665,69.0,44.0,16.0,5.0,Grocery,5018,16.0
13840,53.0,Male,Delhi,86361,40.0,7.0,19.0,9.0,Fashion,4526,43.0
13841,52.0,Male,Bangalore,69001,14.0,20.0,10.0,13.0,Fashion,4285,56.0
13842,62.0,Male,Mumbai,5144,98.0,34.0,16.0,13.0,Home Decor,4693,136.0
13843,26.0,Male,Delhi,121825,28.0,43.0,5.0,11.0,Electronics,1269,103.0
13844,55.0,Male,Delhi,80829,72.0,17.0,16.0,1.0,Fashion,3957,172.0
13845,47.0,Male,Pune,68699,80.0,46.0,1.0,1.0,Electronics,3835,166.0
13846,61.0,Male,Bangalore,52039,95.0,24.0,5.0,2.0,Electronics,2719,151.0
13847,51.0,Male,Bangalore,65275,71.0,45.0,13.0,8.0,Electronics,3877,6.0
13848,49.0,Female,Pune,101729,67.0,40.0,13.0,11.0,Home Decor,3204,43.0
13849,20.0,Male,Hyderabad,76540,29.0,4.0,3.0,9.0,Electronics,3973,44.0
13850,,,,79384,,,,,,6248,
13851,45.0,Male,Bangalore,38770,61.0,7.0,19.0,11.0,Home Decor,6253,80.0
13852,61.0,Female,Pune,61259,68.0,22.0,5.0,12.0,Fashion,8157,23.0
13853,32.0,Male,Delhi,71276,9.0,2.0,5.0,7.0,Home Decor,5616,144.0
13854,58.0,Male,Pune,87414,17.0,43.0,15.0,1.0,Fashion,1959,9.0
13855,40.0,Male,Hyderabad,59604,49.0,36.0,10.0,12.0,Grocery,4341,137.0
13856,57.0,Female,Mumbai,93196,63.0,30.0,12.0,7.0,Electronics,3721,59.0
13857,28.0,Female,Hyderabad,41391,84.0,28.0,11.0,13.0,Electronics,3035,151.0
13858,65.0,Female,Delhi,71738,78.0,40.0,1.0,8.0,Electronics,7145,69.0
13859,49.0,Female,Delhi,67559,46.0,19.0,3.0,7.0,Electronics,5909,147.0
13860,53.0,Male,Delhi,32111,93.0,2.0,4.0,13.0,Home Decor,5140,35.0
13861,50.0,Male,Delhi,68807,13.0,22.0,19.0,12.0,Grocery,2031,97.0
13862,41.0,Male,Pune,55434,100.0,39.0,3.0,5.0,Fashion,4836,110.0
13863,,,,105344,,,,,,9652,
13864,51.0,Male,Delhi,59743,53.0,12.0,3.0,7.0,Electronics,3326,142.0
13865,45.0,Female,Pune,78771,17.0,7.0,7.0,10.0,Electronics,4563,84.0
13866,54.0,Female,Delhi,39223,47.0,4.0,1.0,11.0,Electronics,7777,116.0
13867,24.0,Female,Hyderabad,75914,62.0,24.0,19.0,2.0,Fashion,4122,13.0
13868,21.0,Female,Hyderabad,59623,50.0,38.0,18.0,9.0,Fashion,4080,53.0
13869,54.0,Female,Bangalore,50593,43.0,36.0,2.0,2.0,Home Decor,4542,80.0
13870,18.0,Male,Hyderabad,140847,68.0,40.0,12.0,2.0,Grocery,5693,95.0
13871,18.0,Female,Mumbai,61163,84.0,4.0,17.0,5.0,Fashion,3128,39.0
13872,64.0,Female,Mumbai,64701,75.0,7.0,3.0,14.0,Home Decor,6846,84.0
13873,37.0,Male,Mumbai,92549,86.0,43.0,12.0,8.0,Fashion,4211,121.0
13874,36.0,Female,Pune,50789,72.0,3.0,12.0,6.0,Home Decor,5412,65.0
13875,46.0,Female,Hyderabad,80081,28.0,40.0,6.0,12.0,Electronics,4166,40.0
13876,27.0,Male,Mumbai,82758,45.0,21.0,10.0,9.0,Fashion,2328,174.0
13877,35.0,Male,Bangalore,76117,41.0,13.0,6.0,6.0,Electronics,608,135.0
13878,45.0,Male,Pune,127408,94.0,18.0,14.0,5.0,Grocery,5457,45.0
13879,52.0,Female,Bangalore,49893,97.0,12.0,2.0,1.0,Electronics,1368,22.0
13880,60.0,Male,Hyderabad,108440,97.0,34.0,11.0,8.0,Grocery,6528,135.0
13881,64.0,Male,Delhi,81803,36.0,3.0,15.0,3.0,Fashion,5254,122.0
13882,48.0,Male,Bangalore,92736,91.0,32.0,8.0,12.0,Grocery,9048,52.0
13883,44.0,Female,Delhi,78530,84.0,21.0,13.0,13.0,Electronics,3832,100.0
13884,28.0,Male,Pune,116956,33.0,0.0,19.0,2.0,Fashion,8469,68.0
13885,66.0,Female,Bangalore,61998,25.0,10.0,10.0,7.0,Home Decor,4418,67.0
13886,66.0,Female,Bangalore,82430,19.0,15.0,9.0,11.0,Fashion,6858,3.0
13887,55.0,Male,Pune,102636,47.0,3.0,18.0,2.0,Home Decor,6091,58.0
13888,22.0,Female,Pune,56028,85.0,28.0,7.0,14.0,Electronics,1331,120.0
13889,25.0,Female,Mumbai,95010,33.0,38.0,3.0,1.0,Fashion,11386,100.0
13890,51.0,Male,Hyderabad,69534,67.0,43.0,12.0,11.0,Home Decor,8237,9.0
13891,65.0,Female,Bangalore,39127,14.0,37.0,15.0,13.0,Electronics,5795,179.0
13892,,,,33710,,,,,,7657,
13893,29.0,Female,Pune,67729,33.0,8.0,6.0,6.0,Home Decor,5547,12.0
13894,55.0,Female,Pune,94772,42.0,7.0,8.0,2.0,Grocery,6772,102.0
13895,18.0,Male,Hyderabad,18025,86.0,13.0,14.0,1.0,Fashion,5313,148.0
13896,48.0,Male,Pune,75011,65.0,14.0,3.0,1.0,Home Decor,2917,31.0
13897,21.0,Female,Delhi,92309,95.0,21.0,16.0,14.0,Electronics,4796,21.0
13898,66.0,Female,Delhi,38051,47.0,36.0,18.0,4.0,Electronics,3953,131.0
13899,62.0,Male,Delhi,54150,35.0,14.0,17.0,8.0,Grocery,6264,21.0
13900,,,,84309,,,,,,2892,
13901,22.0,Female,Hyderabad,91213,32.0,0.0,10.0,4.0,Fashion,5295,28.0
13902,47.0,Female,Bangalore,110102,55.0,19.0,17.0,6.0,Fashion,2180,133.0
13903,41.0,Female,Delhi,55341,54.0,40.0,16.0,6.0,Grocery,6541,71.0
13904,20.0,Male,Pune,49610,76.0,35.0,2.0,9.0,Home Decor,2562,73.0
13905,28.0,Male,Delhi,111317,51.0,1.0,4.0,4.0,Electronics,6207,175.0
13906,62.0,Male,Hyderabad,51126,80.0,5.0,11.0,6.0,Fashion,5235,148.0
13907,,,,82682,,,,,,7085,
13908,,,,124577,,,,,,4697,
13909,44.0,Male,Bangalore,88817,14.0,6.0,19.0,7.0,Fashion,6627,165.0
13910,63.0,Female,Pune,89581,18.0,19.0,6.0,7.0,Home Decor,5297,58.0
13911,60.0,Male,Pune,101951,55.0,48.0,10.0,11.0,Home Decor,5856,145.0
13912,44.0,Female,Bangalore,83121,94.0,40.0,4.0,1.0,Electronics,1416,42.0
13913,59.0,Female,Pune,89701,97.0,40.0,1.0,8.0,Grocery,3712,97.0
13914,68.0,Female,Delhi,61435,98.0,4.0,7.0,14.0,Grocery,4673,160.0
13915,67.0,Male,Pune,98999,56.0,24.0,16.0,5.0,Fashion,7740,62.0
13916,23.0,Female,Delhi,80337,49.0,37.0,17.0,13.0,Grocery,5691,96.0
13917,32.0,Male,Bangalore,33048,98.0,17.0,5.0,9.0,Fashion,1562,112.0
13918,47.0,Female,Mumbai,76073,60.0,0.0,10.0,8.0,Home Decor,5875,120.0
13919,59.0,Female,Bangalore,15758,53.0,24.0,7.0,3.0,Fashion,3245,87.0
13920,54.0,Male,Delhi,87847,71.0,16.0,13.0,1.0,Electronics,3419,149.0
13921,54.0,Female,Hyderabad,64161,6.0,45.0,7.0,3.0,Fashion,4883,161.0
13922,59.0,Female,Bangalore,117638,70.0,14.0,15.0,14.0,Fashion,5553,134.0
13923,54.0,Female,Hyderabad,82240,86.0,4.0,17.0,2.0,Electronics,3444,113.0
13924,52.0,Female,Hyderabad,93104,8.0,16.0,3.0,2.0,Electronics,1506,92.0
13925,40.0,Male,Delhi,43769,15.0,20.0,5.0,11.0,Grocery,4645,66.0
13926,23.0,Female,Delhi,87114,26.0,22.0,10.0,4.0,Home Decor,4552,32.0
13927,21.0,Female,Mumbai,53983,39.0,42.0,5.0,2.0,Home Decor,7867,64.0
13928,35.0,Male,Pune,97262,3.0,9.0,7.0,8.0,Electronics,5085,154.0
13929,26.0,Female,Bangalore,42041,57.0,16.0,7.0,5.0,Home Decor,7357,5.0
13930,66.0,Female,Delhi,72745,10.0,0.0,14.0,1.0,Fashion,9232,139.0
13931,46.0,Female,Bangalore,41052,3.0,36.0,15.0,6.0,Home Decor,2785,128.0
13932,30.0,Female,Hyderabad,73145,94.0,47.0,5.0,12.0,Electronics,7941,74.0
13933,64.0,Male,Pune,120562,46.0,6.0,5.0,7.0,Home Decor,6864,177.0
13934,69.0,Female,Mumbai,88031,22.0,11.0,4.0,13.0,Electronics,563,92.0
13935,34.0,Male,Bangalore,69184,67.0,39.0,9.0,1.0,Grocery,4624,60.0
13936,62.0,Female,Pune,8446,65.0,49.0,12.0,13.0,Electronics,6411,2.0
13937,49.0,Female,Mumbai,56607,97.0,0.0,16.0,12.0,Fashion,5675,89.0
13938,65.0,Female,Bangalore,81866,19.0,19.0,8.0,3.0,Fashion,8315,107.0
13939,39.0,Male,Pune,57228,100.0,43.0,9.0,9.0,Fashion,6180,115.0
13940,21.0,Female,Delhi,105678,62.0,30.0,12.0,13.0,Electronics,2140,76.0
13941,22.0,Female,Bangalore,71788,98.0,3.0,7.0,14.0,Electronics,6585,153.0
13942,54.0,Male,Pune,96964,57.0,25.0,4.0,7.0,Fashion,2713,170.0
13943,58.0,Male,Mumbai,75122,95.0,11.0,3.0,14.0,Home Decor,3894,76.0
13944,66.0,Male,Pune,63100,88.0,21.0,1.0,13.0,Electronics,7196,166.0
13945,,,,58216,,,,,,6971,
13946,51.0,Female,Bangalore,44696,13.0,0.0,9.0,4.0,Grocery,5076,128.0
13947,62.0,Female,Bangalore,97415,16.0,2.0,2.0,6.0,Grocery,3550,21.0
13948,39.0,Female,Bangalore,59299,16.0,11.0,7.0,6.0,Grocery,4599,148.0
13949,40.0,Female,Delhi,83057,52.0,20.0,10.0,12.0,Grocery,4775,19.0
13950,68.0,Male,Mumbai,56856,84.0,12.0,2.0,3.0,Fashion,3866,161.0
13951,20.0,Female,Bangalore,42924,41.0,12.0,13.0,2.0,Electronics,7270,63.0
13952,59.0,Female,Mumbai,83878,48.0,40.0,3.0,5.0,Grocery,4169,19.0
13953,51.0,Female,Pune,51332,91.0,17.0,13.0,8.0,Fashion,4476,113.0
13954,49.0,Female,Mumbai,59987,39.0,32.0,10.0,3.0,Grocery,4531,156.0
13955,62.0,Male,Mumbai,38782,13.0,5.0,12.0,5.0,Electronics,6394,22.0
13956,68.0,Female,Bangalore,57671,4.0,24.0,3.0,14.0,Grocery,5508,51.0
13957,66.0,Female,Hyderabad,70602,96.0,22.0,6.0,3.0,Grocery,5436,88.0
13958,38.0,Female,Hyderabad,62812,98.0,23.0,3.0,14.0,Home Decor,3114,123.0
13959,63.0,Male,Delhi,90455,43.0,36.0,2.0,7.0,Home Decor,5469,63.0
13960,61.0,Male,Delhi,73638,81.0,25.0,14.0,6.0,Home Decor,6492,62.0
13961,38.0,Female,Hyderabad,147182,88.0,3.0,15.0,6.0,Home Decor,4311,157.0
13962,61.0,Female,Pune,80606,93.0,37.0,18.0,1.0,Grocery,5291,74.0
13963,28.0,Female,Bangalore,26612,46.0,34.0,19.0,2.0,Grocery,6841,32.0
13964,56.0,Male,Bangalore,64677,92.0,48.0,10.0,6.0,Home Decor,3397,153.0
13965,21.0,Female,Pune,66843,47.0,10.0,17.0,8.0,Electronics,3425,144.0
13966,68.0,Female,Pune,54659,86.0,35.0,17.0,5.0,Fashion,4758,15.0
13967,18.0,Female,Hyderabad,71815,92.0,24.0,19.0,12.0,Grocery,6560,48.0
13968,45.0,Male,Delhi,53915,53.0,19.0,4.0,2.0,Home Decor,-964,18.0
13969,,,,78320,,,,,,4608,
13970,52.0,Female,Delhi,22282,41.0,29.0,17.0,9.0,Home Decor,3590,55.0
13971,30.0,Male,Mumbai,98603,3.0,3.0,10.0,6.0,Home Decor,5714,42.0
13972,64.0,Male,Bangalore,30542,77.0,22.0,17.0,13.0,Electronics,4803,131.0
13973,51.0,Female,Hyderabad,63411,95.0,34.0,12.0,13.0,Electronics,7285,103.0
13974,28.0,Male,Bangalore,51682,13.0,41.0,10.0,5.0,Grocery,6299,52.0
13975,53.0,Female,Hyderabad,77648,18.0,21.0,10.0,10.0,Home Decor,4544,11.0
13976,68.0,Male,Mumbai,65418,37.0,30.0,6.0,6.0,Fashion,2963,55.0
13977,34.0,Male,Bangalore,76291,43.0,0.0,17.0,13.0,Grocery,5699,88.0
13978,52.0,Female,Mumbai,97779,34.0,3.0,19.0,12.0,Electronics,4401,114.0
13979,35.0,Female,Hyderabad,89215,81.0,18.0,2.0,14.0,Grocery,4591,25.0
13980,,,,70907,,,,,,2675,
13981,39.0,Male,Bangalore,81487,52.0,0.0,18.0,12.0,Home Decor,5305,87.0
13982,41.0,Female,Mumbai,119000,85.0,47.0,4.0,9.0,Fashion,3985,81.0
13983,36.0,Female,Bangalore,90105,36.0,18.0,6.0,7.0,Electronics,4186,169.0
13984,54.0,Female,Bangalore,62661,54.0,20.0,14.0,10.0,Grocery,-2235,165.0
13985,56.0,Female,Bangalore,101946,59.0,21.0,7.0,3.0,Grocery,5066,9.0
13986,38.0,Female,Delhi,79782,52.0,49.0,12.0,10.0,Home Decor,3097,99.0
13987,25.0,Male,Mumbai,45930,19.0,1.0,2.0,10.0,Grocery,6031,36.0
13988,45.0,Female,Mumbai,65481,12.0,5.0,18.0,5.0,Fashion,5142,57.0
13989,22.0,Female,Bangalore,33193,92.0,20.0,13.0,4.0,Home Decor,2060,63.0
13990,34.0,Male,Pune,12874,11.0,32.0,13.0,11.0,Electronics,4792,82.0
13991,54.0,Female,Bangalore,46273,48.0,18.0,5.0,5.0,Grocery,5429,20.0
13992,53.0,Female,Delhi,73064,92.0,26.0,7.0,8.0,Grocery,9173,47.0
13993,36.0,Female,Hyderabad,73137,99.0,36.0,12.0,11.0,Home Decor,6198,20.0
13994,44.0,Female,Delhi,173550,79.0,28.0,14.0,14.0,Grocery,9668,6.0
13995,51.0,Female,Pune,10530,16.0,27.0,1.0,6.0,Electronics,8886,73.0
13996,28.0,Male,Bangalore,106769,71.0,33.0,10.0,4.0,Fashion,4450,107.0
13997,62.0,Male,Mumbai,72382,47.0,0.0,9.0,5.0,Fashion,4441,93.0
13998,64.0,Male,Bangalore,108892,67.0,47.0,10.0,11.0,Home Decor,8883,29.0
13999,29.0,Female,Pune,107464,31.0,24.0,7.0,7.0,Grocery,3743,100.0
14000,38.0,Male,Mumbai,88367,76.0,20.0,16.0,14.0,Home Decor,4685,111.0
14001,28.0,Female,Delhi,71478,8.0,33.0,12.0,8.0,Home Decor,1737,121.0
14002,56.0,Female,Hyderabad,60058,89.0,25.0,12.0,5.0,Home Decor,4921,49.0
14003,45.0,Female,Hyderabad,87964,61.0,35.0,19.0,2.0,Home Decor,4697,108.0
14004,22.0,Male,Bangalore,66003,44.0,34.0,13.0,6.0,Home Decor,4204,134.0
14005,34.0,Male,Delhi,55259,50.0,22.0,18.0,9.0,Grocery,5316,39.0
14006,37.0,Male,Pune,87760,35.0,16.0,3.0,3.0,Fashion,13448,32.0
14007,58.0,Female,Hyderabad,67922,76.0,46.0,7.0,7.0,Fashion,7929,177.0
14008,63.0,Male,Delhi,97416,61.0,41.0,1.0,8.0,Fashion,5036,43.0
14009,29.0,Female,Bangalore,101482,85.0,11.0,3.0,6.0,Grocery,3460,108.0
14010,23.0,Male,Mumbai,71331,90.0,43.0,14.0,12.0,Grocery,2215,28.0
14011,34.0,Male,Bangalore,47782,55.0,19.0,4.0,3.0,Home Decor,5094,45.0
14012,68.0,Female,Bangalore,92568,66.0,38.0,19.0,1.0,Fashion,6836,65.0
14013,36.0,Female,Delhi,69615,14.0,26.0,6.0,3.0,Home Decor,5712,50.0
14014,43.0,Male,Hyderabad,60858,4.0,41.0,9.0,11.0,Fashion,8971,54.0
14015,65.0,Male,Delhi,33602,17.0,36.0,11.0,6.0,Electronics,9014,51.0
14016,61.0,Male,Mumbai,122594,69.0,19.0,15.0,11.0,Grocery,2441,43.0
14017,61.0,Female,Delhi,88459,24.0,10.0,9.0,4.0,Electronics,2018,64.0
14018,69.0,Female,Pune,91156,49.0,27.0,11.0,1.0,Fashion,3460,30.0
14019,49.0,Male,Bangalore,48429,55.0,1.0,10.0,6.0,Home Decor,6410,170.0
14020,23.0,Male,Hyderabad,71993,71.0,23.0,2.0,1.0,Grocery,5780,166.0
14021,53.0,Female,Mumbai,67962,23.0,15.0,14.0,12.0,Grocery,7021,87.0
14022,55.0,Male,Bangalore,89552,81.0,11.0,4.0,8.0,Home Decor,2928,66.0
14023,28.0,Female,Delhi,103992,12.0,15.0,2.0,3.0,Electronics,1452,69.0
14024,50.0,Female,Pune,34144,11.0,35.0,5.0,3.0,Electronics,3817,15.0
14025,41.0,Female,Delhi,43133,75.0,1.0,14.0,14.0,Electronics,6173,110.0
14026,40.0,Female,Bangalore,86143,98.0,24.0,15.0,1.0,Electronics,5323,134.0
14027,32.0,Female,Mumbai,57299,29.0,28.0,19.0,3.0,Grocery,7491,24.0
14028,44.0,Female,Hyderabad,90371,62.0,27.0,6.0,7.0,Fashion,3576,121.0
14029,28.0,Male,Bangalore,60673,53.0,9.0,15.0,10.0,Home Decor,6991,85.0
14030,68.0,Female,Mumbai,38780,48.0,44.0,14.0,8.0,Fashion,3785,142.0
14031,67.0,Female,Bangalore,26016,100.0,22.0,8.0,11.0,Fashion,6556,140.0
14032,34.0,Male,Pune,82103,91.0,31.0,12.0,8.0,Electronics,6523,68.0
14033,68.0,Female,Delhi,82716,86.0,30.0,4.0,3.0,Fashion,8151,122.0
14034,31.0,Male,Hyderabad,94255,66.0,18.0,6.0,5.0,Electronics,2321,44.0
14035,44.0,Female,Mumbai,78196,100.0,14.0,11.0,1.0,Electronics,7766,85.0
14036,35.0,Male,Hyderabad,-23935,48.0,32.0,7.0,9.0,Fashion,5891,179.0
14037,45.0,Male,Hyderabad,82585,94.0,16.0,4.0,8.0,Home Decor,5120,166.0
14038,68.0,Female,Hyderabad,33563,59.0,35.0,15.0,10.0,Fashion,4733,41.0
14039,64.0,Female,Mumbai,23307,71.0,19.0,1.0,2.0,Fashion,4854,122.0
14040,64.0,Female,Mumbai,20296,57.0,8.0,9.0,10.0,Grocery,5078,44.0
14041,21.0,Female,Hyderabad,17995,76.0,37.0,8.0,1.0,Electronics,1782,75.0
14042,24.0,Male,Delhi,76974,3.0,2.0,12.0,13.0,Grocery,5488,92.0
14043,62.0,Male,Bangalore,51720,81.0,1.0,7.0,13.0,Home Decor,5302,16.0
14044,52.0,Male,Hyderabad,32022,32.0,17.0,18.0,4.0,Fashion,3684,178.0
14045,65.0,Female,Pune,70577,8.0,22.0,1.0,9.0,Grocery,5065,166.0
14046,26.0,Male,Hyderabad,42351,87.0,18.0,9.0,12.0,Grocery,7206,86.0
14047,25.0,Female,Mumbai,94526,30.0,6.0,7.0,8.0,Fashion,3770,133.0
14048,69.0,Female,Bangalore,106255,15.0,34.0,14.0,3.0,Fashion,2721,137.0
14049,62.0,Male,Pune,64559,74.0,49.0,1.0,10.0,Electronics,3554,77.0
14050,34.0,Female,Bangalore,104431,55.0,19.0,13.0,12.0,Electronics,827,39.0
14051,34.0,Male,Bangalore,104389,38.0,19.0,15.0,6.0,Grocery,8581,87.0
14052,66.0,Female,Pune,72115,15.0,18.0,5.0,12.0,Fashion,3337,155.0
14053,50.0,Male,Hyderabad,113336,30.0,40.0,5.0,9.0,Electronics,7525,160.0
14054,49.0,Female,Hyderabad,54458,46.0,15.0,14.0,10.0,Electronics,2519,64.0
14055,25.0,Male,Hyderabad,21118,64.0,37.0,14.0,8.0,Home Decor,3762,161.0
14056,36.0,Male,Delhi,31140,26.0,20.0,14.0,10.0,Grocery,5128,106.0
14057,55.0,Female,Hyderabad,53307,78.0,28.0,5.0,5.0,Grocery,6287,90.0
14058,20.0,Female,Pune,83357,67.0,43.0,11.0,12.0,Grocery,4860,146.0
14059,22.0,Male,Delhi,41129,36.0,37.0,19.0,13.0,Fashion,1920,67.0
14060,30.0,Female,Hyderabad,53104,90.0,44.0,5.0,12.0,Home Decor,4889,5.0
14061,64.0,Female,Delhi,38763,78.0,23.0,4.0,9.0,Electronics,7518,59.0
14062,63.0,Female,Pune,53677,31.0,36.0,15.0,9.0,Home Decor,5651,76.0
14063,,,,103567,,,,,,9431,
14064,33.0,Male,Mumbai,78939,40.0,30.0,5.0,12.0,Electronics,5342,16.0
14065,67.0,Female,Pune,55575,74.0,44.0,15.0,8.0,Home Decor,7026,75.0
14066,49.0,Female,Bangalore,100511,73.0,38.0,14.0,4.0,Grocery,6050,100.0
14067,,,,70641,,,,,,3733,
14068,46.0,Female,Pune,73341,42.0,29.0,5.0,7.0,Home Decor,4876,176.0
14069,39.0,Male,Bangalore,98569,18.0,3.0,12.0,10.0,Grocery,7225,66.0
14070,60.0,Female,Pune,61434,100.0,29.0,14.0,8.0,Grocery,4306,136.0
14071,20.0,Female,Mumbai,92906,36.0,4.0,5.0,7.0,Fashion,5799,172.0
14072,27.0,Female,Pune,91123,76.0,15.0,4.0,5.0,Fashion,3757,21.0
14073,59.0,Male,Hyderabad,66361,50.0,26.0,16.0,11.0,Grocery,6858,26.0
14074,38.0,Male,Hyderabad,35095,61.0,3.0,7.0,1.0,Fashion,5165,163.0
14075,,,,70317,,,,,,6729,
14076,29.0,Male,Bangalore,98431,3.0,47.0,4.0,8.0,Electronics,7490,168.0
14077,,,,90494,,,,,,6343,
14078,,,,112756,,,,,,4638,
14079,41.0,Male,Bangalore,57739,31.0,45.0,1.0,2.0,Fashion,4675,80.0
14080,52.0,Female,Hyderabad,89482,65.0,43.0,3.0,3.0,Grocery,788,13.0
14081,47.0,Female,Mumbai,44842,95.0,2.0,8.0,13.0,Grocery,5856,1.0
14082,47.0,Male,Pune,75039,64.0,26.0,16.0,9.0,Grocery,7098,171.0
14083,64.0,Female,Bangalore,97635,77.0,33.0,7.0,2.0,Grocery,2523,156.0
14084,52.0,Female,Hyderabad,92660,93.0,44.0,18.0,14.0,Grocery,4686,129.0
14085,36.0,Male,Delhi,72576,3.0,20.0,9.0,10.0,Grocery,4646,168.0
14086,67.0,Female,Bangalore,63298,93.0,42.0,3.0,1.0,Fashion,5927,162.0
14087,25.0,Female,Mumbai,45129,35.0,23.0,18.0,2.0,Fashion,5293,141.0
14088,43.0,Female,Mumbai,64355,15.0,43.0,16.0,13.0,Electronics,3176,61.0
14089,66.0,Male,Bangalore,37244,21.0,49.0,1.0,2.0,Home Decor,8222,117.0
14090,57.0,Male,Bangalore,61420,62.0,40.0,16.0,12.0,Fashion,1663,66.0
14091,24.0,Female,Hyderabad,24844,83.0,28.0,12.0,11.0,Fashion,3787,123.0
14092,47.0,Female,Bangalore,37033,28.0,38.0,6.0,5.0,Home Decor,2336,4.0
14093,,,,91320,,,,,,5711,
14094,20.0,Male,Hyderabad,88534,13.0,13.0,13.0,13.0,Electronics,5928,36.0
14095,18.0,Male,Pune,62778,79.0,49.0,12.0,12.0,Electronics,4766,96.0
14096,53.0,Male,Delhi,71619,51.0,13.0,13.0,10.0,Grocery,2574,85.0
14097,42.0,Female,Hyderabad,74972,48.0,36.0,18.0,8.0,Electronics,3134,143.0
14098,54.0,Female,Hyderabad,81508,39.0,23.0,19.0,2.0,Electronics,6784,90.0
14099,18.0,Female,Mumbai,78832,96.0,12.0,19.0,6.0,Home Decor,4840,85.0
14100,32.0,Female,Hyderabad,36580,67.0,0.0,19.0,5.0,Fashion,4090,12.0
14101,54.0,Female,Delhi,8922,94.0,11.0,6.0,2.0,Grocery,3606,76.0
14102,30.0,Male,Bangalore,44577,58.0,41.0,16.0,10.0,Electronics,4760,69.0
14103,57.0,Female,Delhi,66141,84.0,23.0,7.0,12.0,Home Decor,6138,42.0
14104,25.0,Female,Pune,94004,2.0,36.0,7.0,1.0,Grocery,4510,160.0
14105,22.0,Female,Hyderabad,75858,25.0,19.0,19.0,6.0,Grocery,5865,130.0
14106,26.0,Male,Hyderabad,83359,11.0,5.0,16.0,14.0,Home Decor,1874,8.0
14107,18.0,Female,Hyderabad,47577,1.0,11.0,17.0,6.0,Electronics,7268,54.0
14108,53.0,Male,Hyderabad,68231,48.0,20.0,19.0,3.0,Electronics,4924,136.0
14109,52.0,Male,Mumbai,71637,48.0,2.0,16.0,13.0,Electronics,3038,88.0
14110,19.0,Male,Mumbai,51108,10.0,26.0,16.0,8.0,Electronics,5881,141.0
14111,57.0,Male,Bangalore,43261,81.0,45.0,19.0,9.0,Grocery,5361,29.0
14112,40.0,Male,Hyderabad,64333,30.0,35.0,15.0,3.0,Fashion,2753,13.0
14113,26.0,Female,Pune,86530,35.0,16.0,3.0,9.0,Grocery,4756,58.0
14114,51.0,Female,Bangalore,47376,19.0,48.0,15.0,8.0,Grocery,3964,63.0
14115,63.0,Male,Hyderabad,64795,53.0,45.0,16.0,5.0,Home Decor,2464,87.0
14116,31.0,Male,Mumbai,103874,34.0,14.0,5.0,6.0,Grocery,4156,175.0
14117,21.0,Male,Pune,57016,32.0,38.0,19.0,12.0,Electronics,2909,87.0
14118,47.0,Female,Bangalore,70182,76.0,3.0,10.0,12.0,Home Decor,2553,74.0
14119,48.0,Female,Pune,67357,81.0,16.0,13.0,12.0,Home Decor,5994,38.0
14120,55.0,Male,Hyderabad,65305,6.0,37.0,15.0,1.0,Home Decor,5611,69.0
14121,28.0,Female,Delhi,111711,13.0,10.0,12.0,5.0,Home Decor,4486,69.0
14122,,,,77643,,,,,,516,
14123,25.0,Male,Pune,30745,75.0,46.0,15.0,10.0,Electronics,4857,129.0
14124,20.0,Male,Mumbai,108210,64.0,31.0,4.0,12.0,Fashion,6520,130.0
14125,31.0,Female,Hyderabad,76870,7.0,26.0,15.0,7.0,Fashion,7421,113.0
14126,30.0,Female,Pune,60660,45.0,43.0,17.0,1.0,Home Decor,7035,29.0
14127,62.0,Female,Hyderabad,103736,45.0,42.0,11.0,10.0,Fashion,2620,122.0
14128,49.0,Male,Mumbai,50532,85.0,26.0,15.0,9.0,Grocery,3444,7.0
14129,51.0,Male,Hyderabad,112892,65.0,48.0,7.0,13.0,Fashion,4666,55.0
14130,62.0,Male,Mumbai,72332,94.0,39.0,13.0,7.0,Grocery,4846,164.0
14131,36.0,Female,Mumbai,95138,19.0,43.0,13.0,4.0,Electronics,5060,7.0
14132,55.0,Female,Bangalore,146687,47.0,28.0,2.0,11.0,Home Decor,7239,92.0
14133,33.0,Male,Hyderabad,74502,46.0,8.0,10.0,4.0,Grocery,5390,10.0
14134,19.0,Female,Delhi,67579,29.0,42.0,18.0,11.0,Electronics,7427,80.0
14135,57.0,Male,Bangalore,43324,99.0,2.0,5.0,10.0,Electronics,3451,74.0
14136,34.0,Female,Mumbai,66985,84.0,38.0,19.0,7.0,Home Decor,4221,167.0
14137,51.0,Male,Delhi,220475,100.0,28.0,2.0,6.0,Fashion,16604,58.0
14138,59.0,Female,Pune,65325,61.0,20.0,4.0,3.0,Electronics,4887,90.0
14139,33.0,Female,Pune,142367,65.0,34.0,16.0,14.0,Fashion,2287,98.0
14140,55.0,Male,Bangalore,72989,23.0,47.0,16.0,9.0,Fashion,8842,40.0
14141,19.0,Male,Delhi,56157,95.0,9.0,17.0,6.0,Fashion,5192,142.0
14142,19.0,Male,Hyderabad,64757,51.0,22.0,15.0,11.0,Grocery,2713,129.0
14143,43.0,Male,Delhi,59703,63.0,38.0,13.0,2.0,Fashion,2825,145.0
14144,30.0,Male,Bangalore,96210,99.0,24.0,1.0,10.0,Fashion,5160,49.0
14145,64.0,Female,Hyderabad,67744,22.0,23.0,5.0,12.0,Electronics,6184,86.0
14146,48.0,Male,Hyderabad,110222,71.0,19.0,1.0,2.0,Home Decor,6879,144.0
14147,51.0,Male,Pune,62097,33.0,14.0,12.0,1.0,Grocery,5094,135.0
14148,56.0,Male,Delhi,63710,100.0,20.0,15.0,11.0,Fashion,6219,143.0
14149,20.0,Male,Hyderabad,47580,44.0,41.0,4.0,5.0,Home Decor,5680,115.0
14150,25.0,Male,Bangalore,60415,7.0,11.0,19.0,10.0,Fashion,4789,21.0
14151,40.0,Female,Pune,26660,91.0,17.0,16.0,6.0,Fashion,4318,66.0
14152,31.0,Male,Hyderabad,16754,2.0,22.0,18.0,3.0,Electronics,5054,176.0
14153,44.0,Male,Delhi,85616,17.0,40.0,17.0,4.0,Home Decor,4768,89.0
14154,,,,26363,,,,,,4987,
14155,56.0,Female,Delhi,80149,58.0,40.0,13.0,4.0,Electronics,5898,138.0
14156,56.0,Female,Delhi,57487,30.0,35.0,9.0,9.0,Fashion,8239,52.0
14157,18.0,Male,Delhi,93488,86.0,4.0,17.0,12.0,Fashion,2991,158.0
14158,34.0,Male,Pune,26914,92.0,38.0,17.0,3.0,Fashion,5189,34.0
14159,58.0,Female,Hyderabad,84956,97.0,25.0,5.0,5.0,Home Decor,5703,94.0
14160,47.0,Female,Mumbai,78289,26.0,38.0,8.0,7.0,Home Decor,4257,86.0
14161,30.0,Female,Hyderabad,79062,35.0,10.0,3.0,12.0,Home Decor,7159,65.0
14162,38.0,Male,Pune,98097,63.0,41.0,6.0,12.0,Home Decor,4027,60.0
14163,36.0,Male,Mumbai,71757,75.0,10.0,3.0,7.0,Fashion,6349,136.0
14164,36.0,Female,Mumbai,8804,71.0,17.0,8.0,14.0,Fashion,7519,75.0
14165,42.0,Male,Mumbai,81227,28.0,11.0,12.0,6.0,Electronics,5795,69.0
14166,39.0,Female,Bangalore,77991,25.0,15.0,4.0,9.0,Fashion,4647,45.0
14167,48.0,Female,Pune,63884,61.0,26.0,2.0,7.0,Home Decor,5961,49.0
14168,34.0,Female,Bangalore,48955,31.0,35.0,10.0,11.0,Grocery,4205,62.0
14169,40.0,Male,Mumbai,60977,54.0,16.0,15.0,4.0,Fashion,3582,167.0
14170,49.0,Female,Bangalore,106451,67.0,48.0,13.0,11.0,Home Decor,5732,149.0
14171,27.0,Female,Bangalore,47002,97.0,20.0,15.0,10.0,Electronics,6499,121.0
14172,27.0,Male,Pune,26489,51.0,36.0,19.0,9.0,Fashion,5192,53.0
14173,53.0,Female,Delhi,33293,58.0,30.0,18.0,6.0,Grocery,6117,173.0
14174,25.0,Male,Bangalore,69117,34.0,44.0,13.0,1.0,Home Decor,9612,97.0
14175,69.0,Female,Bangalore,111771,59.0,34.0,1.0,9.0,Fashion,7440,121.0
14176,37.0,Male,Mumbai,125121,21.0,26.0,16.0,11.0,Home Decor,3870,156.0
14177,49.0,Female,Mumbai,86255,56.0,22.0,8.0,7.0,Grocery,5370,53.0
14178,67.0,Female,Mumbai,45468,37.0,31.0,6.0,6.0,Grocery,5604,9.0
14179,31.0,Female,Hyderabad,48122,64.0,16.0,3.0,6.0,Electronics,3319,75.0
14180,67.0,Female,Bangalore,91895,19.0,10.0,16.0,4.0,Grocery,6231,104.0
14181,45.0,Female,Mumbai,103290,85.0,0.0,2.0,4.0,Fashion,3488,93.0
14182,63.0,Male,Pune,53950,78.0,27.0,2.0,11.0,Grocery,6345,124.0
14183,69.0,Male,Hyderabad,105611,74.0,17.0,15.0,3.0,Fashion,8866,122.0
14184,,,,64260,,,,,,4747,
14185,32.0,Female,Bangalore,87857,71.0,40.0,1.0,8.0,Home Decor,5874,155.0
14186,39.0,Female,Bangalore,98636,93.0,19.0,15.0,2.0,Fashion,5583,124.0
14187,47.0,Male,Pune,32955,63.0,6.0,1.0,5.0,Fashion,3132,150.0
14188,21.0,Male,Delhi,81285,62.0,36.0,16.0,13.0,Electronics,3527,95.0
14189,30.0,Female,Delhi,105716,72.0,15.0,18.0,9.0,Home Decor,5718,30.0
14190,40.0,Male,Hyderabad,55983,77.0,38.0,5.0,12.0,Fashion,5262,92.0
14191,25.0,Female,Bangalore,43585,19.0,44.0,5.0,14.0,Electronics,4733,84.0
14192,35.0,Female,Mumbai,82369,75.0,44.0,10.0,9.0,Home Decor,6864,15.0
14193,29.0,Female,Pune,73336,2.0,46.0,12.0,7.0,Grocery,5932,143.0
14194,48.0,Male,Pune,61817,6.0,22.0,10.0,14.0,Fashion,9407,53.0
14195,31.0,Female,Pune,69944,29.0,31.0,2.0,4.0,Grocery,3143,23.0
14196,51.0,Female,Pune,28242,41.0,48.0,1.0,4.0,Home Decor,4199,70.0
14197,35.0,Female,Mumbai,80111,51.0,16.0,16.0,10.0,Home Decor,7906,109.0
14198,51.0,Male,Mumbai,109814,5.0,18.0,18.0,11.0,Electronics,8376,144.0
14199,28.0,Male,Hyderabad,52133,41.0,41.0,7.0,7.0,Fashion,3281,87.0
14200,58.0,Male,Bangalore,49289,62.0,33.0,4.0,3.0,Fashion,4221,173.0
14201,29.0,Female,Mumbai,74314,30.0,13.0,10.0,3.0,Electronics,4642,7.0
14202,66.0,Male,Hyderabad,141146,62.0,2.0,10.0,5.0,Grocery,7817,173.0
14203,32.0,Female,Delhi,97497,100.0,38.0,11.0,11.0,Home Decor,4728,39.0
14204,48.0,Male,Bangalore,67645,27.0,24.0,3.0,13.0,Electronics,4660,104.0
14205,66.0,Female,Mumbai,70989,50.0,10.0,14.0,6.0,Home Decor,4471,50.0
14206,46.0,Male,Delhi,99971,82.0,48.0,13.0,8.0,Grocery,5217,177.0
14207,43.0,Female,Hyderabad,236325,52.0,14.0,19.0,1.0,Grocery,22744,48.0
14208,35.0,Male,Mumbai,85293,49.0,18.0,10.0,7.0,Grocery,8756,49.0
14209,49.0,Male,Mumbai,42063,62.0,42.0,15.0,8.0,Fashion,7928,168.0
14210,,,,93122,,,,,,2836,
14211,55.0,Female,Mumbai,62651,60.0,14.0,17.0,12.0,Home Decor,4624,82.0
14212,34.0,Male,Pune,75017,80.0,37.0,6.0,10.0,Electronics,5040,63.0
14213,40.0,Male,Mumbai,61028,54.0,14.0,7.0,2.0,Home Decor,4112,130.0
14214,41.0,Male,Bangalore,87467,5.0,8.0,14.0,4.0,Fashion,7005,112.0
14215,67.0,Male,Delhi,65632,9.0,4.0,8.0,6.0,Electronics,7696,154.0
14216,25.0,Female,Bangalore,123949,34.0,18.0,12.0,9.0,Grocery,4040,96.0
14217,58.0,Male,Hyderabad,105471,98.0,23.0,18.0,2.0,Home Decor,5024,151.0
14218,23.0,Female,Bangalore,37392,36.0,28.0,14.0,4.0,Fashion,6794,121.0
14219,22.0,Female,Pune,74786,95.0,4.0,1.0,10.0,Fashion,7136,18.0
14220,61.0,Female,Pune,88378,20.0,21.0,4.0,5.0,Home Decor,3992,88.0
14221,46.0,Female,Bangalore,58546,81.0,12.0,17.0,14.0,Fashion,5956,68.0
14222,45.0,Male,Hyderabad,100311,84.0,49.0,18.0,8.0,Grocery,3613,60.0
14223,28.0,Female,Mumbai,97366,92.0,48.0,19.0,8.0,Home Decor,7113,130.0
14224,18.0,Female,Pune,67910,85.0,46.0,4.0,2.0,Home Decor,3544,94.0
14225,60.0,Female,Bangalore,94530,83.0,45.0,6.0,6.0,Home Decor,5224,49.0
14226,36.0,Female,Bangalore,9733,63.0,28.0,8.0,6.0,Electronics,4049,166.0
14227,26.0,Male,Bangalore,103939,67.0,15.0,15.0,13.0,Grocery,3034,159.0
14228,44.0,Male,Mumbai,92162,30.0,35.0,1.0,14.0,Fashion,3858,168.0
14229,51.0,Female,Delhi,42808,69.0,16.0,5.0,5.0,Home Decor,4308,80.0
14230,61.0,Female,Hyderabad,76297,70.0,19.0,16.0,8.0,Home Decor,7496,127.0
14231,21.0,Female,Delhi,19342,3.0,13.0,6.0,10.0,Fashion,4057,53.0
14232,53.0,Male,Hyderabad,50914,49.0,49.0,10.0,2.0,Grocery,5144,64.0
14233,35.0,Male,Hyderabad,97390,42.0,5.0,10.0,14.0,Fashion,3654,33.0
14234,32.0,Male,Bangalore,69679,24.0,21.0,5.0,13.0,Fashion,6841,58.0
14235,68.0,Male,Pune,68294,44.0,39.0,8.0,2.0,Home Decor,7112,50.0
14236,30.0,Male,Bangalore,71130,1.0,8.0,1.0,14.0,Electronics,6568,64.0
14237,36.0,Female,Mumbai,68214,54.0,31.0,5.0,7.0,Electronics,4291,131.0
14238,66.0,Male,Hyderabad,94687,52.0,23.0,1.0,9.0,Electronics,3670,125.0
14239,23.0,Male,Pune,54525,36.0,32.0,7.0,3.0,Electronics,3156,61.0
14240,65.0,Female,Hyderabad,80483,79.0,12.0,15.0,7.0,Electronics,6537,124.0
14241,29.0,Male,Hyderabad,41384,38.0,34.0,14.0,3.0,Home Decor,4080,138.0
14242,68.0,Male,Bangalore,88527,44.0,5.0,9.0,12.0,Electronics,6702,66.0
14243,54.0,Male,Pune,61965,82.0,48.0,8.0,6.0,Fashion,3290,179.0
14244,34.0,Female,Pune,68975,87.0,39.0,8.0,3.0,Home Decor,4582,30.0
14245,40.0,Male,Hyderabad,60945,47.0,29.0,3.0,1.0,Fashion,4088,25.0
14246,43.0,Female,Pune,64108,29.0,37.0,4.0,6.0,Electronics,3570,171.0
14247,46.0,Female,Pune,44881,51.0,15.0,17.0,11.0,Grocery,1509,120.0
14248,50.0,Male,Bangalore,78231,41.0,0.0,6.0,3.0,Electronics,2352,88.0
14249,44.0,Male,Delhi,83866,86.0,41.0,2.0,1.0,Home Decor,7256,10.0
14250,42.0,Male,Mumbai,36733,64.0,17.0,9.0,5.0,Fashion,3327,94.0
14251,27.0,Male,Delhi,55090,88.0,21.0,14.0,8.0,Grocery,6339,126.0
14252,64.0,Female,Pune,70750,48.0,25.0,1.0,8.0,Grocery,5030,99.0
14253,40.0,Male,Hyderabad,55033,77.0,13.0,17.0,8.0,Grocery,4310,88.0
14254,38.0,Female,Mumbai,64429,97.0,36.0,11.0,3.0,Fashion,4152,20.0
14255,38.0,Female,Mumbai,110402,22.0,48.0,6.0,8.0,Home Decor,4835,117.0
14256,60.0,Female,Hyderabad,44545,99.0,13.0,1.0,4.0,Grocery,6332,103.0
14257,,,,12195,,,,,,2544,
14258,,,,55031,,,,,,4868,
14259,50.0,Male,Mumbai,61796,5.0,35.0,18.0,3.0,Electronics,5769,123.0
14260,41.0,Female,Delhi,57750,61.0,22.0,11.0,1.0,Fashion,6488,74.0
14261,61.0,Female,Mumbai,76720,89.0,1.0,9.0,8.0,Home Decor,7020,155.0
14262,28.0,Male,Bangalore,44297,6.0,38.0,6.0,8.0,Home Decor,4633,51.0
14263,34.0,Male,Hyderabad,40617,53.0,6.0,2.0,9.0,Grocery,2197,79.0
14264,21.0,Female,Mumbai,53137,81.0,38.0,8.0,6.0,Fashion,5812,165.0
14265,64.0,Female,Hyderabad,53653,95.0,44.0,16.0,12.0,Fashion,4761,3.0
14266,42.0,Male,Bangalore,123021,17.0,21.0,8.0,2.0,Electronics,7409,157.0
14267,47.0,Female,Mumbai,544055,59.0,27.0,8.0,1.0,Electronics,21600,175.0
14268,26.0,Male,Mumbai,28261,97.0,37.0,14.0,8.0,Fashion,7429,80.0
14269,38.0,Male,Bangalore,21754,39.0,19.0,1.0,10.0,Fashion,3948,69.0
14270,37.0,Female,Bangalore,67856,54.0,48.0,7.0,4.0,Fashion,7429,21.0
14271,36.0,Male,Bangalore,117789,48.0,17.0,2.0,11.0,Electronics,5313,42.0
14272,36.0,Female,Hyderabad,86652,37.0,23.0,15.0,14.0,Electronics,5835,118.0
14273,29.0,Female,Bangalore,69177,48.0,32.0,18.0,11.0,Home Decor,1566,21.0
14274,54.0,Female,Hyderabad,58598,68.0,44.0,4.0,7.0,Grocery,7220,130.0
14275,59.0,Male,Delhi,96929,78.0,25.0,18.0,14.0,Grocery,4632,135.0
14276,34.0,Female,Mumbai,74449,77.0,18.0,5.0,10.0,Grocery,5990,35.0
14277,54.0,Male,Mumbai,113293,27.0,47.0,16.0,12.0,Grocery,4343,30.0
14278,65.0,Female,Pune,27807,88.0,41.0,13.0,4.0,Electronics,7304,172.0
14279,56.0,Female,Delhi,80591,27.0,12.0,9.0,1.0,Electronics,5453,174.0
14280,45.0,Male,Bangalore,55917,72.0,9.0,5.0,8.0,Fashion,5294,55.0
14281,58.0,Female,Bangalore,80356,63.0,13.0,8.0,10.0,Home Decor,8787,1.0
14282,52.0,Female,Delhi,76271,52.0,8.0,18.0,14.0,Home Decor,16,125.0
14283,64.0,Male,Bangalore,82741,47.0,10.0,3.0,9.0,Grocery,4180,111.0
14284,65.0,Male,Pune,94439,21.0,2.0,6.0,10.0,Fashion,4687,129.0
14285,35.0,Male,Hyderabad,104744,57.0,39.0,11.0,9.0,Fashion,3343,63.0
14286,31.0,Female,Mumbai,118793,75.0,11.0,14.0,9.0,Electronics,5663,86.0
14287,52.0,Male,Delhi,70394,95.0,34.0,19.0,12.0,Fashion,2322,77.0
14288,61.0,Male,Mumbai,56441,91.0,38.0,7.0,12.0,Home Decor,2403,122.0
14289,58.0,Female,Hyderabad,39354,42.0,45.0,10.0,11.0,Home Decor,5873,155.0
14290,24.0,Male,Delhi,80872,48.0,38.0,15.0,11.0,Fashion,3171,15.0
14291,58.0,Female,Hyderabad,90872,27.0,31.0,6.0,12.0,Electronics,6023,127.0
14292,30.0,Female,Bangalore,36288,72.0,38.0,6.0,4.0,Home Decor,3803,137.0
14293,35.0,Male,Bangalore,98616,33.0,13.0,16.0,9.0,Electronics,3324,69.0
14294,54.0,Female,Bangalore,67466,76.0,43.0,9.0,11.0,Electronics,3025,59.0
14295,30.0,Male,Hyderabad,38604,35.0,0.0,19.0,4.0,Home Decor,3096,151.0
14296,53.0,Male,Hyderabad,48792,98.0,26.0,18.0,2.0,Electronics,4143,108.0
14297,48.0,Male,Hyderabad,46418,16.0,36.0,5.0,10.0,Grocery,3404,113.0
14298,19.0,Male,Mumbai,234315,36.0,42.0,16.0,3.0,Grocery,19000,107.0
14299,33.0,Female,Hyderabad,84247,66.0,0.0,7.0,2.0,Grocery,1279,139.0
14300,26.0,Female,Bangalore,91595,76.0,44.0,19.0,14.0,Fashion,3305,24.0
14301,26.0,Male,Pune,112478,91.0,28.0,5.0,1.0,Home Decor,7498,72.0
14302,55.0,Male,Hyderabad,52544,56.0,23.0,11.0,11.0,Grocery,2485,111.0
14303,28.0,Female,Pune,78573,17.0,16.0,18.0,6.0,Electronics,3673,106.0
14304,39.0,Male,Bangalore,53824,20.0,34.0,7.0,4.0,Grocery,7478,159.0
14305,50.0,Female,Hyderabad,70503,85.0,30.0,18.0,7.0,Electronics,4918,150.0
14306,53.0,Male,Mumbai,32990,94.0,41.0,3.0,7.0,Home Decor,1555,14.0
14307,62.0,Female,Mumbai,41920,84.0,31.0,5.0,14.0,Grocery,6191,5.0
14308,40.0,Female,Pune,90076,8.0,18.0,13.0,10.0,Home Decor,7370,127.0
14309,62.0,Female,Mumbai,32913,18.0,30.0,16.0,1.0,Grocery,4951,17.0
14310,62.0,Male,Mumbai,85370,18.0,38.0,12.0,12.0,Electronics,3883,82.0
14311,51.0,Male,Mumbai,53096,18.0,19.0,7.0,13.0,Electronics,1515,71.0
14312,26.0,Male,Bangalore,21861,2.0,27.0,13.0,9.0,Fashion,4028,90.0
14313,41.0,Male,Mumbai,6535,76.0,2.0,1.0,8.0,Fashion,2507,172.0
14314,25.0,Male,Delhi,106586,96.0,31.0,15.0,10.0,Fashion,4983,79.0
14315,24.0,Female,Hyderabad,22364,72.0,21.0,12.0,1.0,Grocery,6655,93.0
14316,,,,68390,,,,,,3022,
14317,35.0,Female,Mumbai,78848,10.0,41.0,5.0,8.0,Grocery,6369,65.0
14318,20.0,Female,Mumbai,37169,75.0,43.0,17.0,5.0,Electronics,1493,132.0
14319,45.0,Female,Delhi,56161,14.0,14.0,15.0,1.0,Home Decor,4504,9.0
14320,23.0,Female,Mumbai,81970,26.0,37.0,19.0,4.0,Electronics,982,36.0
14321,61.0,Female,Mumbai,77332,47.0,18.0,1.0,7.0,Fashion,5364,179.0
14322,61.0,Male,Hyderabad,58485,30.0,30.0,4.0,14.0,Electronics,7254,122.0
14323,38.0,Female,Delhi,75922,56.0,25.0,3.0,12.0,Grocery,4130,160.0
14324,45.0,Male,Delhi,67444,42.0,4.0,8.0,5.0,Electronics,5323,88.0
14325,57.0,Female,Mumbai,45739,4.0,19.0,9.0,11.0,Electronics,3992,121.0
14326,18.0,Female,Delhi,100012,11.0,1.0,12.0,3.0,Electronics,5707,146.0
14327,53.0,Male,Pune,75185,24.0,20.0,5.0,12.0,Home Decor,6621,143.0
14328,38.0,Female,Delhi,23949,86.0,35.0,9.0,11.0,Electronics,4972,20.0
14329,,,,83041,,,,,,3936,
14330,52.0,Female,Delhi,54612,37.0,19.0,11.0,2.0,Fashion,5573,40.0
14331,30.0,Male,Bangalore,62764,2.0,36.0,7.0,8.0,Fashion,8630,66.0
14332,66.0,Female,Bangalore,70204,12.0,38.0,14.0,12.0,Grocery,5629,89.0
14333,27.0,Male,Bangalore,50176,21.0,35.0,3.0,2.0,Fashion,2453,141.0
14334,61.0,Male,Delhi,115075,69.0,10.0,11.0,14.0,Electronics,8784,13.0
14335,64.0,Female,Pune,32667,71.0,2.0,17.0,13.0,Fashion,3370,62.0
14336,27.0,Female,Delhi,71417,64.0,36.0,18.0,11.0,Home Decor,3432,156.0
14337,63.0,Male,Mumbai,79533,68.0,19.0,19.0,6.0,Grocery,7016,46.0
14338,30.0,Female,Pune,71030,43.0,31.0,18.0,14.0,Fashion,4159,143.0
14339,54.0,Male,Bangalore,65225,54.0,46.0,6.0,7.0,Grocery,5994,93.0
14340,55.0,Female,Hyderabad,60574,100.0,24.0,15.0,7.0,Grocery,5850,172.0
14341,41.0,Male,Pune,49920,62.0,20.0,7.0,13.0,Grocery,5880,23.0
14342,19.0,Female,Bangalore,49477,86.0,49.0,5.0,1.0,Home Decor,7888,101.0
14343,39.0,Male,Pune,98963,93.0,15.0,5.0,8.0,Electronics,4463,67.0
14344,34.0,Female,Pune,58956,73.0,47.0,7.0,9.0,Home Decor,5067,114.0
14345,53.0,Male,Delhi,123304,90.0,41.0,12.0,14.0,Grocery,3166,66.0
14346,31.0,Male,Mumbai,86723,12.0,0.0,8.0,14.0,Fashion,6493,50.0
14347,27.0,Female,Hyderabad,3309,1.0,22.0,18.0,7.0,Fashion,5411,141.0
14348,52.0,Female,Bangalore,92081,72.0,42.0,18.0,13.0,Home Decor,7516,2.0
14349,42.0,Male,Pune,68671,33.0,48.0,17.0,8.0,Fashion,5736,34.0
14350,20.0,Male,Hyderabad,35251,64.0,23.0,11.0,4.0,Grocery,8462,40.0
14351,64.0,Male,Pune,102606,68.0,46.0,15.0,12.0,Grocery,4745,69.0
14352,55.0,Male,Mumbai,59102,14.0,24.0,6.0,8.0,Electronics,5470,153.0
14353,34.0,Female,Hyderabad,56976,93.0,6.0,12.0,3.0,Grocery,5138,77.0
14354,29.0,Male,Bangalore,79379,14.0,37.0,7.0,13.0,Fashion,3611,28.0
14355,69.0,Male,Pune,98570,9.0,46.0,8.0,1.0,Electronics,1086,113.0
14356,41.0,Male,Mumbai,72835,73.0,46.0,4.0,13.0,Fashion,5449,56.0
14357,46.0,Female,Hyderabad,71045,26.0,38.0,3.0,13.0,Home Decor,1798,112.0
14358,60.0,Male,Pune,52578,49.0,34.0,3.0,8.0,Electronics,5928,154.0
14359,42.0,Female,Pune,98143,17.0,13.0,10.0,11.0,Grocery,7312,155.0
14360,53.0,Female,Bangalore,73076,68.0,8.0,15.0,12.0,Electronics,4880,26.0
14361,43.0,Female,Mumbai,64363,60.0,2.0,13.0,6.0,Grocery,5763,15.0
14362,55.0,Female,Delhi,61262,3.0,37.0,19.0,9.0,Grocery,5831,50.0
14363,18.0,Female,Pune,95670,93.0,19.0,8.0,3.0,Fashion,6900,134.0
14364,37.0,Female,Hyderabad,63441,25.0,40.0,18.0,8.0,Grocery,4803,68.0
14365,45.0,Female,Bangalore,95734,21.0,32.0,5.0,9.0,Grocery,2582,132.0
14366,33.0,Male,Bangalore,58210,12.0,40.0,7.0,9.0,Grocery,1498,158.0
14367,64.0,Male,Pune,88057,54.0,43.0,5.0,12.0,Fashion,4307,77.0
14368,34.0,Female,Pune,75177,1.0,31.0,19.0,14.0,Grocery,1740,9.0
14369,57.0,Male,Pune,46231,1.0,35.0,17.0,14.0,Home Decor,5075,170.0
14370,45.0,Male,Delhi,67825,45.0,25.0,19.0,7.0,Fashion,5502,14.0
14371,29.0,Female,Pune,15234,46.0,47.0,4.0,12.0,Home Decor,3944,40.0
14372,44.0,Male,Mumbai,51399,48.0,4.0,7.0,11.0,Electronics,6476,131.0
14373,59.0,Female,Hyderabad,30554,7.0,48.0,6.0,10.0,Fashion,5321,169.0
14374,64.0,Male,Pune,119937,10.0,29.0,14.0,3.0,Home Decor,3675,33.0
14375,47.0,Female,Delhi,30849,15.0,16.0,19.0,3.0,Fashion,4089,79.0
14376,58.0,Female,Hyderabad,134644,40.0,5.0,11.0,2.0,Grocery,7699,60.0
14377,51.0,Male,Bangalore,82856,11.0,14.0,7.0,1.0,Fashion,1598,64.0
14378,54.0,Male,Pune,57028,56.0,0.0,3.0,13.0,Electronics,4518,62.0
14379,23.0,Female,Hyderabad,90159,46.0,12.0,17.0,2.0,Home Decor,5396,79.0
14380,24.0,Female,Bangalore,53887,45.0,47.0,11.0,5.0,Fashion,3784,135.0
14381,49.0,Female,Delhi,34761,87.0,33.0,15.0,1.0,Grocery,3555,76.0
14382,,,,71976,,,,,,7208,
14383,42.0,Male,Pune,87501,27.0,18.0,15.0,4.0,Home Decor,9083,39.0
14384,50.0,Male,Mumbai,101960,81.0,1.0,17.0,11.0,Home Decor,4331,175.0
14385,24.0,Male,Delhi,82443,50.0,43.0,11.0,10.0,Electronics,5050,105.0
14386,69.0,Female,Hyderabad,56766,61.0,11.0,12.0,10.0,Grocery,6160,70.0
14387,29.0,Female,Hyderabad,104656,13.0,39.0,13.0,1.0,Grocery,2962,26.0
14388,33.0,Female,Delhi,495370,12.0,43.0,11.0,12.0,Home Decor,20560,58.0
14389,33.0,Female,Delhi,76725,29.0,23.0,11.0,10.0,Fashion,8067,73.0
14390,60.0,Male,Pune,100269,85.0,10.0,9.0,8.0,Home Decor,9767,179.0
14391,53.0,Female,Bangalore,124620,84.0,1.0,11.0,12.0,Grocery,2503,52.0
14392,30.0,Female,Mumbai,56410,20.0,0.0,4.0,5.0,Electronics,3210,144.0
14393,24.0,Male,Mumbai,47508,31.0,27.0,2.0,10.0,Electronics,4136,48.0
14394,53.0,Male,Hyderabad,55682,8.0,3.0,4.0,4.0,Home Decor,4258,27.0
14395,64.0,Female,Hyderabad,36258,24.0,40.0,14.0,3.0,Electronics,7167,161.0
14396,,,,84780,,,,,,5068,
14397,26.0,Female,Delhi,29752,39.0,6.0,17.0,6.0,Fashion,7004,173.0
14398,49.0,Male,Mumbai,101625,33.0,21.0,12.0,12.0,Electronics,5483,100.0
14399,28.0,Male,Pune,53195,42.0,25.0,6.0,1.0,Fashion,4772,22.0
14400,25.0,Female,Hyderabad,103967,15.0,28.0,12.0,14.0,Home Decor,5893,42.0
14401,50.0,Male,Hyderabad,6074,68.0,24.0,15.0,8.0,Grocery,444,109.0
14402,40.0,Female,Mumbai,60370,65.0,9.0,19.0,10.0,Grocery,4345,33.0
14403,42.0,Male,Hyderabad,37674,32.0,19.0,10.0,2.0,Fashion,4418,109.0
14404,25.0,Male,Hyderabad,103833,11.0,13.0,2.0,13.0,Grocery,2215,138.0
14405,62.0,Male,Bangalore,111975,94.0,32.0,12.0,9.0,Home Decor,7687,47.0
14406,39.0,Male,Delhi,11398,37.0,4.0,12.0,11.0,Grocery,4509,96.0
14407,21.0,Male,Hyderabad,91646,19.0,44.0,7.0,7.0,Electronics,5735,125.0
14408,57.0,Female,Bangalore,96717,51.0,5.0,1.0,3.0,Home Decor,6729,79.0
14409,20.0,Male,Pune,78142,100.0,21.0,18.0,4.0,Home Decor,3334,39.0
14410,46.0,Female,Hyderabad,84704,34.0,16.0,3.0,3.0,Grocery,5569,122.0
14411,58.0,Male,Pune,82901,71.0,14.0,5.0,6.0,Grocery,1728,46.0
14412,46.0,Female,Hyderabad,91737,60.0,38.0,15.0,9.0,Fashion,6091,72.0
14413,51.0,Male,Mumbai,42688,84.0,39.0,10.0,10.0,Electronics,3894,51.0
14414,51.0,Female,Bangalore,100012,53.0,27.0,19.0,9.0,Grocery,4440,25.0
14415,45.0,Female,Bangalore,75233,12.0,1.0,1.0,1.0,Grocery,7243,82.0
14416,30.0,Male,Mumbai,73733,62.0,17.0,7.0,10.0,Fashion,8637,143.0
14417,32.0,Male,Delhi,84165,96.0,26.0,18.0,6.0,Grocery,3559,58.0
14418,40.0,Male,Bangalore,38230,66.0,20.0,2.0,1.0,Electronics,3299,26.0
14419,61.0,Female,Pune,31163,86.0,22.0,19.0,11.0,Electronics,6379,41.0
14420,43.0,Female,Bangalore,66974,48.0,6.0,10.0,4.0,Home Decor,6285,44.0
14421,21.0,Male,Delhi,108588,40.0,47.0,15.0,7.0,Home Decor,2621,85.0
14422,43.0,Male,Pune,40365,24.0,18.0,10.0,4.0,Electronics,4953,22.0
14423,57.0,Female,Pune,74378,50.0,8.0,10.0,9.0,Fashion,4957,110.0
14424,26.0,Female,Mumbai,52082,95.0,11.0,12.0,14.0,Home Decor,4916,37.0
14425,22.0,Male,Hyderabad,48725,68.0,45.0,8.0,10.0,Electronics,6322,118.0
14426,49.0,Female,Mumbai,82518,88.0,29.0,14.0,5.0,Electronics,8033,101.0
14427,37.0,Male,Hyderabad,88984,43.0,6.0,2.0,14.0,Home Decor,4534,142.0
14428,67.0,Male,Mumbai,50311,17.0,1.0,17.0,9.0,Electronics,8594,4.0
14429,28.0,Male,Hyderabad,104681,83.0,16.0,6.0,1.0,Electronics,4753,24.0
14430,32.0,Female,Bangalore,80562,55.0,10.0,8.0,13.0,Electronics,8268,65.0
14431,49.0,Female,Pune,63958,34.0,49.0,1.0,12.0,Electronics,5849,66.0
14432,45.0,Female,Hyderabad,78687,97.0,11.0,3.0,14.0,Home Decor,7171,13.0
14433,39.0,Female,Bangalore,120908,70.0,2.0,15.0,4.0,Fashion,6891,27.0
14434,58.0,Male,Delhi,88838,60.0,20.0,17.0,7.0,Electronics,3375,116.0
14435,34.0,Female,Mumbai,52532,51.0,13.0,7.0,13.0,Grocery,5730,81.0
14436,43.0,Male,Delhi,69532,100.0,14.0,14.0,2.0,Fashion,3168,121.0
14437,61.0,Male,Bangalore,73281,77.0,41.0,3.0,9.0,Grocery,4794,109.0
14438,24.0,Male,Delhi,86633,73.0,40.0,18.0,3.0,Grocery,2711,145.0
14439,59.0,Female,Delhi,75988,35.0,9.0,5.0,4.0,Electronics,4596,69.0
14440,,,,117383,,,,,,5121,
14441,42.0,Male,Pune,64332,16.0,9.0,6.0,14.0,Grocery,3293,72.0
14442,27.0,Female,Hyderabad,26752,82.0,16.0,3.0,4.0,Grocery,4998,108.0
14443,62.0,Male,Mumbai,75363,18.0,43.0,18.0,8.0,Grocery,6608,73.0
14444,36.0,Female,Hyderabad,58971,38.0,24.0,3.0,2.0,Electronics,3041,18.0
14445,28.0,Female,Mumbai,32399,43.0,26.0,8.0,5.0,Electronics,6778,16.0
14446,,,,52411,,,,,,6848,
14447,25.0,Male,Delhi,61040,7.0,10.0,18.0,12.0,Electronics,3095,96.0
14448,57.0,Female,Pune,98495,87.0,12.0,15.0,6.0,Fashion,-229,40.0
14449,21.0,Female,Delhi,32918,87.0,0.0,14.0,9.0,Home Decor,7180,39.0
14450,64.0,Female,Pune,78744,46.0,30.0,16.0,12.0,Electronics,4509,56.0
14451,48.0,Female,Bangalore,125512,61.0,32.0,3.0,9.0,Electronics,5000,117.0
14452,45.0,Male,Mumbai,65628,18.0,20.0,15.0,14.0,Grocery,9043,54.0
14453,28.0,Female,Mumbai,64893,71.0,15.0,19.0,1.0,Electronics,5849,172.0
14454,60.0,Male,Bangalore,87994,40.0,38.0,8.0,4.0,Grocery,5930,46.0
14455,18.0,Female,Hyderabad,83054,88.0,22.0,2.0,4.0,Electronics,4983,160.0
14456,66.0,Male,Bangalore,105439,78.0,9.0,17.0,1.0,Electronics,4616,176.0
14457,64.0,Female,Bangalore,65822,50.0,47.0,12.0,10.0,Electronics,4873,166.0
14458,69.0,Male,Pune,437770,5.0,32.0,19.0,2.0,Electronics,18800,43.0
14459,55.0,Female,Bangalore,87952,54.0,21.0,11.0,6.0,Electronics,1629,4.0
14460,41.0,Male,Mumbai,61611,86.0,40.0,18.0,10.0,Home Decor,3003,5.0
14461,64.0,Male,Delhi,67150,58.0,5.0,13.0,3.0,Electronics,4886,113.0
14462,48.0,Male,Pune,69720,22.0,46.0,14.0,9.0,Electronics,9074,58.0
14463,58.0,Female,Pune,39057,74.0,35.0,12.0,3.0,Grocery,2223,37.0
14464,63.0,Male,Hyderabad,60283,90.0,46.0,15.0,3.0,Fashion,3961,154.0
14465,67.0,Male,Delhi,107404,79.0,9.0,8.0,9.0,Fashion,3941,9.0
14466,43.0,Male,Pune,95942,38.0,15.0,2.0,3.0,Home Decor,6381,15.0
14467,66.0,Male,Bangalore,55501,49.0,12.0,8.0,6.0,Electronics,5186,88.0
14468,67.0,Female,Pune,69606,1.0,19.0,5.0,6.0,Fashion,3714,99.0
14469,22.0,Male,Pune,94284,78.0,3.0,2.0,1.0,Grocery,7308,105.0
14470,37.0,Male,Pune,81085,36.0,19.0,10.0,13.0,Grocery,3015,154.0
14471,69.0,Male,Hyderabad,89997,95.0,21.0,10.0,13.0,Home Decor,3985,105.0
14472,58.0,Female,Pune,83353,28.0,28.0,4.0,7.0,Grocery,2776,27.0
14473,28.0,Male,Pune,75385,98.0,15.0,4.0,9.0,Fashion,6985,83.0
14474,50.0,Male,Hyderabad,65852,35.0,42.0,8.0,9.0,Fashion,4903,159.0
14475,67.0,Male,Delhi,40122,60.0,46.0,6.0,9.0,Fashion,3576,32.0
14476,55.0,Male,Mumbai,87305,62.0,42.0,15.0,2.0,Electronics,5892,130.0
14477,44.0,Female,Hyderabad,64456,87.0,22.0,18.0,1.0,Grocery,8157,18.0
14478,51.0,Male,Hyderabad,28802,46.0,29.0,8.0,6.0,Grocery,482,28.0
14479,32.0,Male,Pune,56358,83.0,29.0,7.0,6.0,Electronics,6231,71.0
14480,49.0,Female,Pune,91307,82.0,42.0,17.0,4.0,Fashion,8467,117.0
14481,38.0,Female,Mumbai,22095,79.0,2.0,19.0,13.0,Grocery,8109,100.0
14482,63.0,Female,Pune,44261,61.0,23.0,2.0,8.0,Fashion,4500,88.0
14483,22.0,Male,Bangalore,73428,65.0,48.0,12.0,5.0,Electronics,5192,92.0
14484,23.0,Female,Pune,105142,89.0,36.0,19.0,7.0,Fashion,5416,153.0
14485,55.0,Male,Pune,94999,26.0,12.0,5.0,9.0,Home Decor,4484,39.0
14486,39.0,Female,Bangalore,107540,35.0,41.0,12.0,13.0,Electronics,6847,177.0
14487,35.0,Male,Mumbai,75194,57.0,31.0,17.0,1.0,Fashion,1787,132.0
14488,,,,64770,,,,,,6151,
14489,27.0,Male,Hyderabad,91082,63.0,11.0,2.0,13.0,Grocery,4848,122.0
14490,63.0,Female,Bangalore,47515,4.0,7.0,4.0,13.0,Home Decor,7021,68.0
14491,30.0,Male,Delhi,45565,79.0,23.0,6.0,4.0,Electronics,7219,57.0
14492,48.0,Male,Hyderabad,41122,42.0,43.0,9.0,7.0,Fashion,5220,13.0
14493,47.0,Male,Pune,97222,45.0,15.0,10.0,11.0,Grocery,3754,63.0
14494,20.0,Male,Hyderabad,49135,39.0,31.0,11.0,4.0,Fashion,7076,71.0
14495,47.0,Male,Mumbai,95015,65.0,33.0,2.0,4.0,Fashion,2452,153.0
14496,23.0,Male,Mumbai,73711,22.0,34.0,9.0,13.0,Electronics,2894,23.0
14497,46.0,Male,Bangalore,97543,11.0,31.0,17.0,14.0,Electronics,4847,30.0
14498,25.0,Male,Hyderabad,42365,37.0,49.0,9.0,4.0,Fashion,3960,113.0
14499,61.0,Female,Pune,54362,90.0,16.0,8.0,6.0,Electronics,4569,135.0
14500,62.0,Male,Mumbai,81349,51.0,1.0,5.0,5.0,Fashion,4392,54.0
14501,60.0,Male,Pune,59226,91.0,25.0,5.0,2.0,Electronics,4947,109.0
14502,61.0,Female,Delhi,7666,58.0,43.0,6.0,9.0,Home Decor,7974,145.0
14503,50.0,Male,Mumbai,35693,77.0,16.0,16.0,11.0,Electronics,2690,97.0
14504,34.0,Female,Bangalore,42168,7.0,37.0,1.0,6.0,Fashion,4067,60.0
14505,65.0,Male,Delhi,44021,8.0,48.0,9.0,10.0,Grocery,6649,66.0
14506,28.0,Female,Hyderabad,87044,51.0,1.0,7.0,6.0,Electronics,5073,166.0
14507,30.0,Female,Pune,78426,23.0,7.0,11.0,9.0,Home Decor,3058,141.0
14508,67.0,Male,Mumbai,74055,90.0,45.0,15.0,1.0,Home Decor,4825,52.0
14509,28.0,Female,Delhi,120216,91.0,5.0,5.0,7.0,Home Decor,1985,32.0
14510,48.0,Male,Delhi,99380,9.0,8.0,19.0,3.0,Home Decor,7064,9.0
14511,45.0,Male,Mumbai,90045,46.0,0.0,6.0,4.0,Fashion,5236,17.0
14512,61.0,Male,Hyderabad,32618,38.0,4.0,14.0,1.0,Home Decor,9400,126.0
14513,23.0,Male,Hyderabad,71488,13.0,38.0,14.0,3.0,Grocery,2759,82.0
14514,58.0,Female,Bangalore,77467,7.0,8.0,11.0,14.0,Electronics,3670,40.0
14515,33.0,Male,Hyderabad,59619,11.0,13.0,4.0,14.0,Home Decor,5342,104.0
14516,21.0,Female,Bangalore,112659,74.0,26.0,10.0,14.0,Electronics,7634,128.0
14517,52.0,Female,Delhi,71280,97.0,8.0,2.0,7.0,Fashion,4029,156.0
14518,65.0,Male,Mumbai,39291,50.0,35.0,4.0,14.0,Electronics,3592,178.0
14519,43.0,Male,Hyderabad,45065,67.0,28.0,10.0,6.0,Fashion,5151,18.0
14520,29.0,Male,Bangalore,127058,41.0,19.0,1.0,13.0,Fashion,3656,141.0
14521,,,,59496,,,,,,5951,
14522,54.0,Female,Hyderabad,18036,37.0,35.0,18.0,9.0,Home Decor,5152,143.0
14523,42.0,Male,Pune,55016,56.0,2.0,12.0,4.0,Grocery,6397,166.0
14524,35.0,Female,Delhi,24334,80.0,22.0,19.0,7.0,Electronics,6788,6.0
14525,,,,92932,,,,,,5732,
14526,40.0,Male,Delhi,21128,44.0,8.0,5.0,7.0,Electronics,7307,98.0
14527,55.0,Male,Mumbai,34944,50.0,29.0,4.0,5.0,Grocery,4324,119.0
14528,35.0,Male,Mumbai,70099,71.0,18.0,13.0,1.0,Electronics,2112,78.0
14529,43.0,Female,Mumbai,97734,79.0,37.0,18.0,4.0,Grocery,2844,48.0
14530,23.0,Female,Pune,68264,6.0,2.0,12.0,3.0,Grocery,4829,111.0
14531,21.0,Male,Mumbai,38558,18.0,49.0,16.0,6.0,Electronics,5835,169.0
14532,61.0,Female,Pune,74564,19.0,47.0,6.0,6.0,Electronics,6167,83.0
14533,68.0,Female,Mumbai,58305,51.0,2.0,7.0,1.0,Fashion,3704,104.0
14534,46.0,Male,Delhi,98317,66.0,33.0,9.0,14.0,Grocery,6730,74.0
14535,51.0,Male,Hyderabad,91369,3.0,1.0,10.0,14.0,Electronics,360,55.0
14536,34.0,Female,Hyderabad,56571,89.0,26.0,5.0,11.0,Home Decor,3905,61.0
14537,60.0,Female,Mumbai,89494,100.0,22.0,4.0,2.0,Home Decor,5988,2.0
14538,60.0,Female,Hyderabad,76780,54.0,41.0,11.0,13.0,Fashion,6825,116.0
14539,33.0,Female,Mumbai,104170,49.0,31.0,19.0,12.0,Home Decor,6514,2.0
14540,19.0,Male,Mumbai,88429,28.0,46.0,7.0,2.0,Electronics,6860,76.0
14541,51.0,Male,Bangalore,83674,38.0,34.0,13.0,12.0,Grocery,5347,10.0
14542,25.0,Female,Bangalore,103198,28.0,39.0,13.0,10.0,Electronics,4757,76.0
14543,30.0,Male,Bangalore,70385,32.0,17.0,18.0,14.0,Home Decor,1243,167.0
14544,59.0,Female,Pune,50672,41.0,26.0,9.0,4.0,Home Decor,4515,2.0
14545,25.0,Female,Bangalore,75020,36.0,10.0,13.0,13.0,Electronics,2705,121.0
14546,47.0,Male,Mumbai,61114,36.0,38.0,13.0,9.0,Fashion,6232,65.0
14547,49.0,Female,Delhi,85104,87.0,18.0,5.0,11.0,Electronics,2264,81.0
14548,53.0,Female,Bangalore,71548,66.0,24.0,12.0,2.0,Fashion,4689,85.0
14549,64.0,Male,Bangalore,80073,10.0,6.0,1.0,11.0,Home Decor,2619,44.0
14550,47.0,Male,Delhi,39897,70.0,30.0,18.0,8.0,Grocery,4976,34.0
14551,18.0,Female,Mumbai,82707,72.0,1.0,17.0,11.0,Grocery,4736,73.0
14552,60.0,Female,Pune,37869,79.0,37.0,10.0,12.0,Electronics,1492,106.0
14553,56.0,Male,Bangalore,94044,93.0,4.0,9.0,1.0,Fashion,5688,173.0
14554,34.0,Female,Delhi,94081,63.0,13.0,8.0,12.0,Home Decor,4430,160.0
14555,37.0,Female,Mumbai,78698,92.0,17.0,15.0,8.0,Grocery,5055,5.0
14556,41.0,Male,Hyderabad,77752,22.0,35.0,13.0,3.0,Electronics,4169,110.0
14557,67.0,Male,Pune,64408,98.0,3.0,17.0,14.0,Electronics,3566,69.0
14558,39.0,Male,Delhi,54919,20.0,23.0,9.0,5.0,Home Decor,6513,54.0
14559,46.0,Male,Delhi,69625,33.0,12.0,11.0,1.0,Home Decor,7062,38.0
14560,39.0,Male,Delhi,119567,15.0,20.0,4.0,1.0,Electronics,6938,137.0
14561,61.0,Male,Bangalore,75732,7.0,32.0,7.0,6.0,Electronics,2265,61.0
14562,26.0,Female,Hyderabad,36356,88.0,19.0,3.0,3.0,Electronics,7777,95.0
14563,54.0,Female,Pune,27291,90.0,4.0,10.0,8.0,Fashion,6125,21.0
14564,27.0,Male,Mumbai,34048,50.0,23.0,3.0,4.0,Home Decor,7498,36.0
14565,53.0,Male,Mumbai,60560,10.0,34.0,1.0,6.0,Electronics,7465,1.0
14566,54.0,Female,Hyderabad,101644,79.0,29.0,14.0,13.0,Home Decor,5698,150.0
14567,45.0,Female,Delhi,44412,37.0,27.0,13.0,10.0,Electronics,3411,143.0
14568,45.0,Female,Delhi,105543,59.0,44.0,5.0,12.0,Electronics,3483,46.0
14569,59.0,Male,Delhi,74486,88.0,6.0,8.0,9.0,Electronics,3639,65.0
14570,60.0,Male,Delhi,82086,75.0,41.0,12.0,14.0,Home Decor,4637,6.0
14571,38.0,Female,Delhi,81400,63.0,34.0,6.0,8.0,Electronics,3022,168.0
14572,41.0,Male,Hyderabad,84766,21.0,29.0,2.0,4.0,Electronics,1569,163.0
14573,59.0,Male,Bangalore,59715,79.0,33.0,4.0,10.0,Home Decor,1632,81.0
14574,57.0,Male,Pune,11639,79.0,38.0,5.0,8.0,Electronics,4932,151.0
14575,19.0,Female,Delhi,55291,37.0,8.0,11.0,7.0,Grocery,4461,148.0
14576,25.0,Female,Bangalore,47803,45.0,11.0,13.0,5.0,Grocery,6019,28.0
14577,65.0,Male,Mumbai,77764,14.0,28.0,8.0,7.0,Electronics,4639,165.0
14578,44.0,Male,Hyderabad,75480,43.0,9.0,5.0,7.0,Fashion,7304,135.0
14579,39.0,Male,Bangalore,63190,85.0,26.0,6.0,14.0,Home Decor,3821,49.0
14580,54.0,Male,Delhi,113888,84.0,18.0,15.0,13.0,Electronics,5660,24.0
14581,44.0,Male,Delhi,53981,33.0,12.0,16.0,10.0,Home Decor,6104,80.0
14582,46.0,Female,Delhi,14356,3.0,41.0,11.0,2.0,Fashion,5106,13.0
14583,,,,72986,,,,,,7027,
14584,61.0,Male,Delhi,99729,44.0,31.0,6.0,3.0,Home Decor,6052,135.0
14585,30.0,Male,Bangalore,77179,87.0,14.0,12.0,8.0,Fashion,6610,15.0
14586,62.0,Female,Delhi,61084,91.0,20.0,4.0,8.0,Fashion,3717,87.0
14587,27.0,Female,Mumbai,76011,35.0,2.0,14.0,9.0,Home Decor,4561,151.0
14588,53.0,Male,Mumbai,115972,25.0,7.0,11.0,11.0,Fashion,626,124.0
14589,26.0,Female,Pune,48121,96.0,5.0,12.0,4.0,Grocery,4874,69.0
14590,44.0,Female,Delhi,70771,86.0,28.0,2.0,10.0,Electronics,2259,91.0
14591,51.0,Female,Delhi,86748,8.0,18.0,11.0,3.0,Grocery,9693,60.0
14592,68.0,Female,Bangalore,76347,62.0,16.0,13.0,9.0,Grocery,5602,10.0
14593,18.0,Female,Bangalore,63803,18.0,9.0,11.0,9.0,Electronics,4203,51.0
14594,49.0,Female,Delhi,59341,92.0,32.0,9.0,2.0,Grocery,6505,64.0
14595,42.0,Male,Pune,62870,28.0,12.0,16.0,6.0,Electronics,2218,106.0
14596,46.0,Female,Delhi,83300,75.0,26.0,5.0,3.0,Electronics,4012,56.0
14597,24.0,Female,Bangalore,81844,12.0,41.0,12.0,5.0,Home Decor,4302,160.0
14598,66.0,Male,Delhi,122367,64.0,11.0,3.0,2.0,Electronics,6289,151.0
14599,20.0,Male,Bangalore,31580,2.0,1.0,16.0,4.0,Electronics,3043,91.0
14600,37.0,Male,Delhi,113947,59.0,9.0,19.0,11.0,Fashion,3605,85.0
14601,37.0,Male,Hyderabad,64888,37.0,20.0,17.0,3.0,Fashion,5223,107.0
14602,47.0,Female,Bangalore,67735,4.0,22.0,11.0,2.0,Grocery,6262,79.0
14603,52.0,Female,Pune,91468,41.0,0.0,19.0,6.0,Electronics,5422,109.0
14604,52.0,Female,Hyderabad,91310,45.0,32.0,18.0,11.0,Electronics,3187,102.0
14605,66.0,Female,Delhi,98915,34.0,25.0,9.0,3.0,Home Decor,5213,148.0
14606,56.0,Male,Bangalore,104369,87.0,14.0,13.0,4.0,Electronics,3629,143.0
14607,44.0,Female,Hyderabad,69004,13.0,21.0,6.0,6.0,Home Decor,3114,29.0
14608,43.0,Female,Pune,104690,7.0,24.0,3.0,12.0,Electronics,5816,70.0
14609,31.0,Male,Bangalore,54271,32.0,0.0,12.0,13.0,Fashion,6092,80.0
14610,34.0,Female,Hyderabad,62367,23.0,25.0,9.0,12.0,Fashion,4972,65.0
14611,35.0,Female,Hyderabad,65449,49.0,20.0,9.0,5.0,Fashion,6022,16.0
14612,62.0,Female,Hyderabad,56834,72.0,40.0,15.0,4.0,Grocery,6539,54.0
14613,69.0,Female,Mumbai,71496,47.0,23.0,1.0,13.0,Electronics,104,97.0
14614,46.0,Male,Delhi,92410,37.0,38.0,18.0,14.0,Fashion,5821,7.0
14615,37.0,Male,Bangalore,86283,98.0,15.0,15.0,12.0,Home Decor,8097,60.0
14616,,,,54670,,,,,,4431,
14617,35.0,Male,Bangalore,52611,29.0,15.0,11.0,2.0,Electronics,8074,53.0
14618,21.0,Male,Hyderabad,48616,37.0,12.0,17.0,12.0,Fashion,5630,8.0
14619,18.0,Female,Delhi,72219,23.0,41.0,14.0,13.0,Electronics,5159,126.0
14620,67.0,Female,Pune,30478,38.0,31.0,19.0,10.0,Electronics,5532,85.0
14621,18.0,Male,Bangalore,47734,93.0,49.0,5.0,13.0,Fashion,1957,90.0
14622,43.0,Male,Delhi,58529,44.0,40.0,2.0,4.0,Home Decor,8343,37.0
14623,62.0,Male,Delhi,96384,5.0,43.0,15.0,12.0,Grocery,4005,132.0
14624,37.0,Female,Mumbai,66695,52.0,23.0,19.0,8.0,Electronics,2603,84.0
14625,,,,95146,,,,,,3932,
14626,40.0,Female,Hyderabad,74689,11.0,10.0,13.0,14.0,Fashion,5046,23.0
14627,27.0,Female,Delhi,58142,78.0,14.0,7.0,14.0,Electronics,7258,137.0
14628,28.0,Female,Delhi,59171,2.0,9.0,17.0,14.0,Electronics,4849,166.0
14629,,,,40848,,,,,,4357,
14630,58.0,Male,Mumbai,130079,45.0,40.0,7.0,10.0,Grocery,4389,173.0
14631,22.0,Female,Delhi,97762,49.0,2.0,12.0,10.0,Home Decor,2287,146.0
14632,18.0,Female,Delhi,85093,35.0,15.0,13.0,8.0,Fashion,3946,46.0
14633,34.0,Male,Hyderabad,37417,92.0,43.0,13.0,6.0,Fashion,3819,2.0
14634,39.0,Female,Hyderabad,58709,72.0,16.0,14.0,12.0,Home Decor,5500,176.0
14635,51.0,Female,Pune,45616,32.0,24.0,15.0,10.0,Home Decor,1554,17.0
14636,,,,73189,,,,,,4117,
14637,58.0,Male,Pune,46817,71.0,46.0,6.0,4.0,Home Decor,7615,16.0
14638,46.0,Female,Hyderabad,53242,39.0,34.0,9.0,10.0,Fashion,5839,110.0
14639,21.0,Female,Hyderabad,47471,48.0,36.0,15.0,9.0,Home Decor,6879,173.0
14640,22.0,Male,Mumbai,64006,91.0,12.0,16.0,10.0,Grocery,4213,48.0
14641,28.0,Male,Bangalore,71785,37.0,23.0,2.0,14.0,Home Decor,8332,152.0
14642,68.0,Female,Bangalore,64668,60.0,37.0,3.0,5.0,Electronics,6593,95.0
14643,38.0,Female,Mumbai,108322,81.0,25.0,8.0,10.0,Electronics,5136,92.0
14644,52.0,Male,Bangalore,90277,74.0,8.0,8.0,11.0,Home Decor,6292,161.0
14645,29.0,Female,Hyderabad,50424,4.0,18.0,7.0,6.0,Fashion,2528,106.0
14646,43.0,Male,Bangalore,78140,23.0,27.0,11.0,7.0,Fashion,2486,103.0
14647,68.0,Female,Hyderabad,52483,14.0,6.0,13.0,11.0,Grocery,6614,132.0
14648,36.0,Male,Mumbai,60121,5.0,44.0,8.0,12.0,Fashion,7267,1.0
14649,62.0,Female,Pune,81979,66.0,21.0,9.0,11.0,Grocery,3160,33.0
14650,24.0,Male,Mumbai,86641,24.0,29.0,16.0,13.0,Grocery,6709,131.0
14651,64.0,Male,Bangalore,55314,18.0,36.0,5.0,1.0,Grocery,6069,101.0
14652,24.0,Male,Hyderabad,42378,27.0,15.0,14.0,9.0,Home Decor,3410,45.0
14653,43.0,Male,Bangalore,72192,24.0,35.0,1.0,12.0,Fashion,3012,21.0
14654,57.0,Male,Bangalore,80865,29.0,4.0,19.0,8.0,Electronics,3557,73.0
14655,22.0,Female,Pune,54042,11.0,28.0,17.0,12.0,Grocery,4022,57.0
14656,38.0,Female,Bangalore,90413,18.0,22.0,14.0,11.0,Electronics,4206,168.0
14657,31.0,Male,Pune,85982,4.0,5.0,13.0,5.0,Grocery,1815,62.0
14658,21.0,Female,Hyderabad,53678,33.0,35.0,8.0,3.0,Fashion,4025,171.0
14659,40.0,Female,Hyderabad,98254,78.0,32.0,3.0,5.0,Home Decor,5635,121.0
14660,59.0,Female,Pune,99018,42.0,48.0,1.0,5.0,Grocery,6324,174.0
14661,37.0,Female,Mumbai,121691,32.0,40.0,19.0,9.0,Grocery,3818,24.0
14662,32.0,Female,Hyderabad,112793,51.0,15.0,15.0,7.0,Electronics,7988,152.0
14663,67.0,Female,Mumbai,47434,4.0,33.0,8.0,13.0,Home Decor,5040,138.0
14664,69.0,Male,Hyderabad,93124,20.0,42.0,9.0,2.0,Fashion,10071,99.0
14665,62.0,Female,Hyderabad,91990,85.0,25.0,13.0,5.0,Grocery,3506,68.0
14666,46.0,Female,Delhi,61287,67.0,36.0,12.0,9.0,Fashion,5723,57.0
14667,,,,406865,,,,,,19296,
14668,58.0,Male,Bangalore,23059,68.0,16.0,11.0,11.0,Electronics,3665,75.0
14669,65.0,Female,Mumbai,22365,62.0,31.0,5.0,13.0,Home Decor,6723,107.0
14670,36.0,Female,Bangalore,27133,58.0,31.0,19.0,2.0,Home Decor,6525,48.0
14671,65.0,Female,Mumbai,79731,47.0,27.0,18.0,8.0,Home Decor,4487,77.0
14672,56.0,Male,Hyderabad,80912,75.0,28.0,11.0,12.0,Home Decor,5636,155.0
14673,63.0,Female,Delhi,63152,80.0,24.0,11.0,3.0,Fashion,5519,30.0
14674,,,,113029,,,,,,4477,
14675,63.0,Female,Hyderabad,94676,100.0,21.0,1.0,2.0,Electronics,3488,140.0
14676,44.0,Male,Pune,30042,6.0,26.0,9.0,9.0,Grocery,4996,120.0
14677,21.0,Male,Pune,65700,95.0,43.0,7.0,6.0,Grocery,4618,60.0
14678,32.0,Male,Bangalore,46507,40.0,37.0,6.0,9.0,Home Decor,2877,147.0
14679,52.0,Female,Mumbai,80349,77.0,19.0,10.0,14.0,Home Decor,6315,104.0
14680,54.0,Male,Delhi,69235,23.0,44.0,5.0,11.0,Fashion,5089,68.0
14681,18.0,Male,Bangalore,47925,52.0,49.0,1.0,13.0,Grocery,4728,162.0
14682,20.0,Male,Hyderabad,112361,4.0,23.0,15.0,13.0,Electronics,2017,118.0
14683,64.0,Male,Delhi,71434,37.0,46.0,5.0,8.0,Home Decor,5634,124.0
14684,41.0,Female,Mumbai,59599,42.0,46.0,6.0,12.0,Fashion,2023,117.0
14685,,,,63671,,,,,,5282,
14686,57.0,Female,Pune,110466,97.0,13.0,17.0,5.0,Home Decor,6704,82.0
14687,53.0,Female,Bangalore,92781,42.0,38.0,18.0,6.0,Fashion,8324,170.0
14688,51.0,Male,Hyderabad,65941,29.0,13.0,4.0,7.0,Grocery,5133,53.0
14689,46.0,Female,Delhi,45197,19.0,4.0,2.0,5.0,Grocery,8516,136.0
14690,41.0,Male,Mumbai,49095,84.0,46.0,8.0,1.0,Home Decor,6465,150.0
14691,41.0,Female,Delhi,57946,32.0,20.0,5.0,9.0,Grocery,5944,26.0
14692,59.0,Female,Hyderabad,82679,44.0,14.0,4.0,2.0,Fashion,7231,174.0
14693,21.0,Female,Delhi,88913,55.0,35.0,14.0,7.0,Grocery,7678,117.0
14694,20.0,Male,Bangalore,51861,80.0,32.0,4.0,12.0,Home Decor,6646,81.0
14695,51.0,Female,Pune,450095,5.0,16.0,8.0,8.0,Home Decor,18868,172.0
14696,66.0,Female,Delhi,47284,46.0,19.0,3.0,8.0,Fashion,3927,164.0
14697,40.0,Female,Pune,54705,76.0,0.0,14.0,1.0,Home Decor,2418,41.0
14698,69.0,Male,Hyderabad,33761,45.0,15.0,18.0,10.0,Grocery,5336,111.0
14699,40.0,Female,Pune,33017,21.0,44.0,12.0,7.0,Fashion,7362,82.0
14700,62.0,Female,Delhi,47014,78.0,17.0,15.0,9.0,Home Decor,3076,155.0
14701,22.0,Male,Delhi,69356,22.0,9.0,9.0,11.0,Fashion,2846,70.0
14702,48.0,Male,Mumbai,45150,30.0,22.0,2.0,14.0,Fashion,8595,98.0
14703,58.0,Female,Delhi,107452,23.0,17.0,1.0,14.0,Grocery,4487,169.0
14704,23.0,Female,Pune,46687,5.0,48.0,15.0,11.0,Grocery,1558,5.0
14705,54.0,Female,Mumbai,74598,63.0,8.0,15.0,3.0,Electronics,2087,157.0
14706,27.0,Male,Delhi,103006,93.0,45.0,8.0,8.0,Fashion,5885,122.0
14707,57.0,Male,Delhi,72312,59.0,29.0,3.0,8.0,Grocery,4047,12.0
14708,24.0,Male,Hyderabad,60902,94.0,12.0,2.0,9.0,Home Decor,5956,153.0
14709,56.0,Female,Mumbai,73675,82.0,30.0,4.0,8.0,Electronics,4556,162.0
14710,55.0,Male,Hyderabad,55956,52.0,45.0,18.0,5.0,Electronics,5422,75.0
14711,38.0,Female,Hyderabad,44979,65.0,42.0,12.0,5.0,Home Decor,8534,24.0
14712,37.0,Male,Hyderabad,85317,39.0,12.0,18.0,3.0,Grocery,4626,115.0
14713,20.0,Male,Bangalore,55422,81.0,31.0,10.0,12.0,Fashion,7354,113.0
14714,68.0,Male,Hyderabad,93418,3.0,16.0,8.0,6.0,Electronics,5226,63.0
14715,39.0,Female,Pune,89906,42.0,2.0,18.0,10.0,Home Decor,2698,138.0
14716,,,,74157,,,,,,8952,
14717,21.0,Female,Bangalore,94272,27.0,4.0,19.0,14.0,Home Decor,9244,89.0
14718,45.0,Female,Hyderabad,56398,28.0,31.0,6.0,2.0,Home Decor,4693,28.0
14719,29.0,Male,Delhi,89594,54.0,24.0,14.0,7.0,Electronics,5303,45.0
14720,55.0,Female,Mumbai,89464,95.0,44.0,5.0,10.0,Fashion,7479,177.0
14721,68.0,Male,Mumbai,62464,15.0,4.0,8.0,3.0,Grocery,4630,111.0
14722,53.0,Female,Delhi,59257,53.0,36.0,8.0,13.0,Home Decor,6932,168.0
14723,64.0,Female,Pune,78225,72.0,22.0,18.0,4.0,Home Decor,3372,124.0
14724,58.0,Male,Delhi,119206,70.0,11.0,9.0,14.0,Fashion,8666,91.0
14725,,,,64194,,,,,,5726,
14726,30.0,Female,Bangalore,58730,4.0,22.0,14.0,10.0,Grocery,6501,27.0
14727,40.0,Female,Mumbai,99459,94.0,15.0,14.0,8.0,Electronics,7712,145.0
14728,67.0,Male,Mumbai,71703,17.0,48.0,17.0,14.0,Fashion,6637,172.0
14729,47.0,Male,Hyderabad,91650,34.0,4.0,2.0,1.0,Electronics,4898,31.0
14730,54.0,Male,Delhi,106865,6.0,43.0,14.0,9.0,Electronics,8441,5.0
14731,42.0,Male,Delhi,22324,36.0,46.0,12.0,14.0,Home Decor,6670,60.0
14732,65.0,Male,Pune,69060,99.0,27.0,16.0,6.0,Electronics,4670,89.0
14733,44.0,Female,Mumbai,64254,39.0,5.0,6.0,2.0,Home Decor,1993,147.0
14734,68.0,Female,Pune,45941,80.0,12.0,18.0,3.0,Home Decor,4970,101.0
14735,31.0,Female,Bangalore,22034,66.0,42.0,7.0,5.0,Grocery,3940,42.0
14736,65.0,Female,Hyderabad,30212,8.0,29.0,2.0,11.0,Electronics,5049,23.0
14737,64.0,Male,Pune,72609,15.0,25.0,13.0,12.0,Fashion,3716,121.0
14738,53.0,Male,Mumbai,56649,63.0,16.0,8.0,6.0,Fashion,5768,109.0
14739,56.0,Male,Bangalore,49954,91.0,8.0,12.0,9.0,Fashion,4101,77.0
14740,33.0,Female,Delhi,72360,80.0,15.0,1.0,2.0,Grocery,7854,17.0
14741,,,,52696,,,,,,6227,
14742,38.0,Male,Pune,102254,59.0,17.0,8.0,7.0,Home Decor,4069,58.0
14743,38.0,Female,Mumbai,54477,10.0,12.0,9.0,11.0,Fashion,5018,177.0
14744,25.0,Female,Pune,107633,7.0,28.0,5.0,12.0,Home Decor,6017,131.0
14745,66.0,Female,Delhi,69249,74.0,42.0,13.0,11.0,Home Decor,1994,96.0
14746,33.0,Male,Delhi,53702,76.0,44.0,14.0,7.0,Grocery,5936,45.0
14747,48.0,Male,Mumbai,51885,81.0,23.0,4.0,4.0,Electronics,1580,35.0
14748,59.0,Female,Hyderabad,107844,12.0,44.0,17.0,3.0,Electronics,8070,2.0
14749,27.0,Female,Bangalore,87395,79.0,43.0,9.0,13.0,Grocery,4253,47.0
14750,,,,51014,,,,,,7097,
14751,51.0,Female,Delhi,72976,32.0,12.0,4.0,13.0,Home Decor,2710,157.0
14752,26.0,Male,Pune,11033,32.0,24.0,2.0,2.0,Grocery,6148,128.0
14753,34.0,Female,Pune,36709,90.0,40.0,13.0,5.0,Home Decor,2653,20.0
14754,28.0,Female,Hyderabad,51242,78.0,45.0,4.0,12.0,Electronics,4411,162.0
14755,49.0,Female,Pune,50629,90.0,0.0,18.0,10.0,Grocery,6935,40.0
14756,27.0,Male,Bangalore,100325,61.0,8.0,16.0,5.0,Home Decor,6233,109.0
14757,39.0,Male,Pune,22145,69.0,3.0,10.0,1.0,Electronics,6131,65.0
14758,34.0,Female,Hyderabad,34304,61.0,27.0,2.0,7.0,Electronics,4292,90.0
14759,21.0,Male,Bangalore,81309,46.0,11.0,14.0,4.0,Fashion,2908,63.0
14760,65.0,Female,Pune,75756,68.0,23.0,2.0,10.0,Electronics,6562,56.0
14761,69.0,Female,Bangalore,61255,92.0,45.0,18.0,12.0,Grocery,3159,160.0
14762,64.0,Male,Delhi,121312,55.0,8.0,1.0,2.0,Grocery,3755,66.0
14763,42.0,Male,Delhi,85435,1.0,34.0,13.0,8.0,Home Decor,7854,96.0
14764,38.0,Male,Delhi,100570,77.0,37.0,6.0,4.0,Grocery,6156,169.0
14765,54.0,Male,Pune,68729,67.0,34.0,17.0,1.0,Electronics,2272,157.0
14766,55.0,Female,Hyderabad,56410,49.0,32.0,17.0,8.0,Home Decor,4978,116.0
14767,66.0,Male,Bangalore,56696,25.0,34.0,11.0,13.0,Electronics,4683,87.0
14768,,,,93191,,,,,,4250,
14769,42.0,Female,Delhi,89318,85.0,19.0,3.0,7.0,Home Decor,4311,12.0
14770,68.0,Female,Delhi,64534,13.0,1.0,14.0,3.0,Fashion,7617,44.0
14771,53.0,Female,Mumbai,81789,52.0,43.0,6.0,3.0,Home Decor,8989,138.0
14772,,,,94065,,,,,,4915,
14773,58.0,Male,Pune,55901,72.0,41.0,3.0,2.0,Electronics,5327,90.0
14774,41.0,Male,Bangalore,61415,44.0,12.0,17.0,5.0,Home Decor,2271,9.0
14775,19.0,Female,Delhi,81166,83.0,29.0,19.0,7.0,Grocery,8389,157.0
14776,57.0,Female,Hyderabad,25283,47.0,31.0,18.0,6.0,Grocery,3682,157.0
14777,32.0,Male,Pune,81639,80.0,35.0,5.0,10.0,Grocery,4154,92.0
14778,49.0,Male,Pune,41873,76.0,18.0,15.0,7.0,Fashion,6580,125.0
14779,56.0,Male,Hyderabad,93541,20.0,21.0,3.0,2.0,Grocery,5561,64.0
14780,23.0,Male,Hyderabad,123694,18.0,0.0,8.0,7.0,Home Decor,6098,131.0
14781,18.0,Male,Hyderabad,52570,54.0,10.0,7.0,2.0,Fashion,6358,115.0
14782,64.0,Female,Mumbai,36258,12.0,25.0,18.0,7.0,Electronics,4983,123.0
14783,40.0,Female,Delhi,65502,25.0,47.0,10.0,14.0,Grocery,6765,132.0
14784,56.0,Female,Mumbai,63368,60.0,18.0,10.0,8.0,Home Decor,1585,142.0
14785,34.0,Female,Delhi,86518,75.0,18.0,19.0,10.0,Home Decor,8271,102.0
14786,51.0,Male,Mumbai,75851,86.0,11.0,1.0,8.0,Fashion,4636,77.0
14787,58.0,Female,Bangalore,62591,34.0,2.0,2.0,5.0,Electronics,6746,156.0
14788,46.0,Male,Delhi,72265,13.0,17.0,1.0,7.0,Fashion,5985,63.0
14789,26.0,Male,Pune,41946,38.0,48.0,9.0,11.0,Grocery,1004,167.0
14790,30.0,Male,Delhi,90730,12.0,4.0,15.0,8.0,Electronics,5436,108.0
14791,23.0,Male,Delhi,110449,36.0,47.0,18.0,4.0,Electronics,774,148.0
14792,23.0,Male,Delhi,40060,28.0,23.0,18.0,2.0,Electronics,5988,28.0
14793,37.0,Male,Bangalore,30518,91.0,13.0,7.0,7.0,Fashion,5434,124.0
14794,69.0,Male,Mumbai,59947,39.0,37.0,14.0,13.0,Home Decor,2441,142.0
14795,20.0,Female,Pune,39463,77.0,2.0,18.0,1.0,Fashion,5376,77.0
14796,34.0,Male,Mumbai,38094,43.0,5.0,19.0,12.0,Home Decor,4049,75.0
14797,66.0,Female,Mumbai,34949,91.0,11.0,5.0,2.0,Fashion,4672,102.0
14798,,,,65159,,,,,,-174,
14799,65.0,Male,Bangalore,59714,2.0,38.0,18.0,7.0,Home Decor,2523,143.0
14800,64.0,Male,Hyderabad,79331,82.0,25.0,13.0,12.0,Electronics,3425,73.0
14801,62.0,Female,Bangalore,55924,90.0,0.0,5.0,12.0,Home Decor,2725,131.0
14802,18.0,Female,Mumbai,39583,42.0,15.0,15.0,10.0,Grocery,3949,5.0
14803,34.0,Female,Mumbai,69577,31.0,47.0,19.0,13.0,Grocery,3655,92.0
14804,20.0,Female,Bangalore,43536,61.0,48.0,11.0,1.0,Home Decor,5603,170.0
14805,43.0,Male,Mumbai,82804,56.0,46.0,9.0,7.0,Home Decor,-463,143.0
14806,32.0,Male,Mumbai,28344,86.0,8.0,16.0,5.0,Home Decor,8984,3.0
14807,53.0,Male,Pune,15877,100.0,4.0,11.0,14.0,Home Decor,3769,163.0
14808,49.0,Female,Hyderabad,29755,83.0,7.0,2.0,11.0,Electronics,4387,135.0
14809,49.0,Male,Hyderabad,59542,14.0,20.0,8.0,3.0,Grocery,6189,94.0
14810,21.0,Female,Hyderabad,62821,14.0,32.0,5.0,11.0,Electronics,8477,152.0
14811,35.0,Male,Delhi,73423,29.0,38.0,11.0,2.0,Grocery,3821,159.0
14812,66.0,Female,Pune,55882,81.0,42.0,11.0,7.0,Home Decor,6378,78.0
14813,36.0,Male,Hyderabad,48837,50.0,19.0,9.0,9.0,Grocery,3658,80.0
14814,60.0,Male,Hyderabad,105831,50.0,44.0,11.0,9.0,Grocery,6880,115.0
14815,69.0,Female,Pune,99222,63.0,21.0,5.0,14.0,Fashion,6394,4.0
14816,52.0,Female,Mumbai,94655,73.0,12.0,9.0,10.0,Fashion,2868,131.0
14817,,,,77722,,,,,,6158,
14818,31.0,Female,Mumbai,79712,68.0,10.0,10.0,8.0,Electronics,2145,9.0
14819,50.0,Female,Hyderabad,49870,71.0,17.0,8.0,2.0,Fashion,3517,68.0
14820,31.0,Male,Bangalore,73608,11.0,29.0,19.0,1.0,Home Decor,2321,118.0
14821,51.0,Female,Delhi,46503,14.0,32.0,16.0,8.0,Electronics,5001,88.0
14822,21.0,Male,Hyderabad,43668,83.0,43.0,13.0,2.0,Fashion,6996,139.0
14823,41.0,Male,Bangalore,29562,3.0,2.0,5.0,4.0,Grocery,2514,164.0
14824,46.0,Male,Pune,80151,8.0,0.0,18.0,12.0,Fashion,5801,125.0
14825,36.0,Male,Bangalore,74091,93.0,35.0,9.0,4.0,Home Decor,4516,72.0
14826,23.0,Male,Pune,62427,43.0,5.0,4.0,2.0,Fashion,2946,130.0
14827,50.0,Female,Hyderabad,59154,9.0,36.0,14.0,4.0,Fashion,4155,50.0
14828,66.0,Female,Pune,24247,19.0,28.0,7.0,7.0,Electronics,6157,3.0
14829,57.0,Male,Bangalore,76409,12.0,10.0,12.0,6.0,Electronics,6880,67.0
14830,36.0,Male,Delhi,62111,27.0,12.0,7.0,10.0,Grocery,5614,85.0
14831,18.0,Female,Mumbai,92399,58.0,10.0,11.0,6.0,Home Decor,4925,115.0
14832,22.0,Female,Mumbai,73655,25.0,37.0,15.0,4.0,Grocery,5045,62.0
14833,44.0,Male,Delhi,87644,45.0,24.0,7.0,2.0,Grocery,3536,14.0
14834,33.0,Female,Mumbai,69818,48.0,14.0,17.0,5.0,Fashion,5193,122.0
14835,23.0,Female,Hyderabad,74541,50.0,12.0,5.0,11.0,Grocery,2059,23.0
14836,57.0,Female,Hyderabad,93278,81.0,41.0,8.0,13.0,Electronics,4762,123.0
14837,30.0,Male,Bangalore,65190,44.0,32.0,10.0,3.0,Grocery,8398,77.0
14838,65.0,Female,Bangalore,81796,59.0,12.0,6.0,3.0,Home Decor,4122,16.0
14839,,,,58911,,,,,,7242,
14840,36.0,Male,Bangalore,66722,78.0,23.0,5.0,11.0,Home Decor,6341,13.0
14841,29.0,Male,Hyderabad,109838,28.0,19.0,10.0,11.0,Home Decor,7875,125.0
14842,33.0,Male,Bangalore,86012,18.0,43.0,3.0,5.0,Grocery,-1255,56.0
14843,,,,56463,,,,,,5354,
14844,27.0,Female,Pune,80572,33.0,49.0,16.0,2.0,Grocery,6176,40.0
14845,42.0,Male,Pune,38000,15.0,23.0,15.0,6.0,Home Decor,6596,103.0
14846,37.0,Male,Hyderabad,64470,61.0,25.0,2.0,6.0,Electronics,7402,159.0
14847,48.0,Male,Bangalore,46164,11.0,39.0,3.0,8.0,Fashion,6392,104.0
14848,21.0,Female,Mumbai,81297,36.0,31.0,18.0,2.0,Grocery,5473,32.0
14849,61.0,Female,Bangalore,65276,15.0,28.0,15.0,8.0,Fashion,3082,129.0
14850,40.0,Female,Delhi,77086,53.0,13.0,5.0,8.0,Grocery,1194,35.0
14851,19.0,Female,Bangalore,89354,62.0,36.0,11.0,4.0,Home Decor,7678,36.0
14852,39.0,Female,Hyderabad,292470,48.0,21.0,3.0,7.0,Home Decor,15140,92.0
14853,68.0,Female,Bangalore,59387,94.0,33.0,9.0,13.0,Fashion,4299,66.0
14854,54.0,Female,Pune,69074,15.0,26.0,7.0,7.0,Electronics,6811,29.0
14855,25.0,Male,Mumbai,48487,63.0,27.0,2.0,1.0,Home Decor,4961,171.0
14856,24.0,Male,Hyderabad,69719,87.0,21.0,15.0,14.0,Fashion,2685,157.0
14857,31.0,Female,Delhi,71039,43.0,42.0,12.0,13.0,Home Decor,1585,43.0
14858,20.0,Male,Mumbai,75723,50.0,2.0,16.0,14.0,Grocery,4283,19.0
14859,67.0,Male,Mumbai,80488,60.0,21.0,16.0,1.0,Fashion,5191,121.0
14860,33.0,Female,Pune,29922,59.0,47.0,16.0,8.0,Fashion,6592,98.0
14861,36.0,Male,Pune,37871,15.0,20.0,19.0,11.0,Grocery,4750,31.0
14862,68.0,Male,Pune,40820,29.0,15.0,3.0,1.0,Fashion,5040,101.0
14863,35.0,Female,Hyderabad,72315,75.0,8.0,4.0,3.0,Grocery,2360,19.0
14864,,,,62890,,,,,,7082,
14865,33.0,Female,Mumbai,13306,40.0,9.0,8.0,8.0,Grocery,11026,73.0
14866,25.0,Female,Bangalore,118676,31.0,48.0,15.0,5.0,Electronics,7602,135.0
14867,,,,20275,,,,,,7421,
14868,66.0,Male,Pune,70760,86.0,48.0,12.0,4.0,Grocery,5690,179.0
14869,29.0,Male,Bangalore,84084,11.0,41.0,4.0,14.0,Fashion,2909,82.0
14870,28.0,Female,Mumbai,52005,81.0,39.0,15.0,4.0,Electronics,3276,50.0
14871,22.0,Female,Mumbai,85998,97.0,6.0,6.0,7.0,Home Decor,6317,149.0
14872,44.0,Female,Delhi,44795,62.0,45.0,5.0,6.0,Home Decor,6781,137.0
14873,29.0,Male,Hyderabad,74277,75.0,21.0,11.0,8.0,Home Decor,3121,162.0
14874,34.0,Male,Bangalore,15486,8.0,17.0,14.0,11.0,Home Decor,5909,34.0
14875,23.0,Female,Hyderabad,99330,51.0,20.0,11.0,14.0,Home Decor,5226,47.0
14876,50.0,Male,Hyderabad,70021,57.0,49.0,9.0,6.0,Electronics,5990,24.0
14877,22.0,Male,Hyderabad,30132,4.0,13.0,10.0,11.0,Home Decor,5715,80.0
14878,45.0,Female,Hyderabad,85718,36.0,9.0,6.0,10.0,Home Decor,5818,28.0
14879,,,,110803,,,,,,1109,
14880,22.0,Male,Bangalore,46839,24.0,8.0,9.0,10.0,Grocery,8647,51.0
14881,50.0,Female,Delhi,64744,41.0,17.0,5.0,14.0,Grocery,7830,111.0
14882,67.0,Male,Hyderabad,57129,49.0,12.0,10.0,10.0,Grocery,4970,6.0
14883,65.0,Female,Delhi,50744,82.0,16.0,14.0,5.0,Grocery,2639,118.0
14884,58.0,Female,Mumbai,48110,97.0,22.0,6.0,6.0,Electronics,6126,53.0
14885,36.0,Female,Mumbai,53838,46.0,24.0,4.0,1.0,Grocery,2076,60.0
14886,39.0,Male,Pune,55190,36.0,15.0,10.0,3.0,Fashion,8353,169.0
14887,22.0,Male,Hyderabad,61088,10.0,23.0,11.0,12.0,Electronics,4677,11.0
14888,19.0,Female,Pune,59273,78.0,30.0,16.0,8.0,Home Decor,3807,4.0
14889,47.0,Female,Delhi,89029,7.0,10.0,7.0,3.0,Fashion,6167,14.0
14890,64.0,Female,Bangalore,86796,12.0,22.0,18.0,14.0,Fashion,4060,141.0
14891,56.0,Male,Pune,31662,86.0,40.0,7.0,1.0,Home Decor,4439,143.0
14892,21.0,Female,Mumbai,55160,91.0,38.0,15.0,3.0,Home Decor,3412,113.0
14893,50.0,Female,Hyderabad,101263,48.0,21.0,19.0,12.0,Fashion,6250,8.0
14894,30.0,Female,Delhi,77350,37.0,32.0,18.0,4.0,Electronics,5615,88.0
14895,37.0,Female,Mumbai,78361,75.0,40.0,15.0,8.0,Home Decor,7100,11.0
14896,24.0,Male,Bangalore,75974,36.0,41.0,18.0,9.0,Grocery,1749,112.0
14897,32.0,Male,Hyderabad,63458,60.0,47.0,3.0,4.0,Fashion,2565,99.0
14898,40.0,Female,Bangalore,68973,77.0,17.0,1.0,13.0,Fashion,3964,23.0
14899,31.0,Male,Bangalore,59902,96.0,13.0,1.0,12.0,Home Decor,7222,109.0
14900,40.0,Male,Hyderabad,91393,8.0,27.0,7.0,7.0,Home Decor,2149,7.0
14901,36.0,Male,Hyderabad,60130,7.0,10.0,10.0,1.0,Grocery,3300,69.0
14902,46.0,Female,Bangalore,67176,43.0,23.0,12.0,9.0,Grocery,7840,160.0
14903,,,,88383,,,,,,6059,
14904,46.0,Male,Hyderabad,61805,81.0,18.0,17.0,12.0,Grocery,7160,131.0
14905,41.0,Male,Mumbai,68231,86.0,12.0,14.0,4.0,Fashion,4817,94.0
14906,35.0,Female,Pune,61045,46.0,32.0,17.0,14.0,Home Decor,8536,122.0
14907,27.0,Female,Delhi,67766,34.0,18.0,6.0,14.0,Electronics,2097,44.0
14908,58.0,Male,Hyderabad,61891,84.0,46.0,17.0,9.0,Home Decor,4571,51.0
14909,25.0,Male,Hyderabad,56603,72.0,31.0,8.0,14.0,Home Decor,4406,61.0
14910,43.0,Female,Delhi,52301,22.0,14.0,13.0,3.0,Grocery,4431,51.0
14911,46.0,Female,Pune,65688,91.0,10.0,16.0,11.0,Grocery,2488,161.0
14912,27.0,Male,Bangalore,95455,98.0,22.0,12.0,13.0,Fashion,6108,20.0
14913,34.0,Male,Mumbai,85592,21.0,4.0,17.0,5.0,Grocery,2550,30.0
14914,19.0,Female,Hyderabad,30520,15.0,21.0,18.0,1.0,Fashion,2335,121.0
14915,23.0,Female,Pune,59271,5.0,41.0,8.0,11.0,Home Decor,-185,44.0
14916,22.0,Male,Mumbai,54041,17.0,17.0,18.0,3.0,Home Decor,3515,86.0
14917,45.0,Female,Delhi,30941,72.0,6.0,11.0,5.0,Home Decor,5293,157.0
14918,58.0,Male,Hyderabad,76881,19.0,32.0,13.0,6.0,Fashion,5576,149.0
14919,22.0,Male,Bangalore,67597,5.0,2.0,12.0,13.0,Fashion,4551,112.0
14920,35.0,Male,Delhi,120573,23.0,27.0,15.0,8.0,Fashion,3660,139.0
14921,43.0,Female,Hyderabad,61649,83.0,0.0,3.0,1.0,Grocery,4188,10.0
14922,37.0,Male,Pune,50595,14.0,48.0,3.0,3.0,Electronics,3650,35.0
14923,58.0,Male,Mumbai,48176,10.0,46.0,6.0,1.0,Grocery,9107,154.0
14924,66.0,Female,Mumbai,58710,31.0,36.0,3.0,5.0,Electronics,2543,123.0
14925,44.0,Female,Hyderabad,84758,13.0,21.0,9.0,8.0,Grocery,3449,114.0
14926,66.0,Male,Delhi,87621,22.0,47.0,11.0,4.0,Home Decor,4999,172.0
14927,29.0,Male,Bangalore,143153,37.0,43.0,8.0,13.0,Fashion,2807,132.0
14928,24.0,Female,Pune,39835,39.0,18.0,4.0,11.0,Grocery,5092,74.0
14929,20.0,Female,Hyderabad,72155,10.0,13.0,15.0,9.0,Fashion,1723,39.0
14930,27.0,Female,Pune,52892,31.0,2.0,5.0,6.0,Grocery,5247,169.0
14931,51.0,Male,Mumbai,78762,43.0,18.0,7.0,6.0,Home Decor,4111,94.0
14932,42.0,Male,Bangalore,104578,99.0,32.0,8.0,11.0,Fashion,3509,67.0
14933,52.0,Male,Pune,91552,77.0,20.0,7.0,5.0,Home Decor,4416,89.0
14934,33.0,Female,Hyderabad,39809,94.0,0.0,8.0,13.0,Electronics,3918,102.0
14935,19.0,Male,Bangalore,435580,98.0,25.0,4.0,10.0,Fashion,16776,106.0
14936,41.0,Female,Delhi,17166,36.0,9.0,1.0,5.0,Grocery,6533,36.0
14937,27.0,Male,Hyderabad,10502,35.0,34.0,5.0,11.0,Fashion,8598,4.0
14938,55.0,Female,Pune,63773,68.0,12.0,11.0,7.0,Electronics,-408,74.0
14939,39.0,Male,Bangalore,85267,55.0,5.0,4.0,8.0,Electronics,4535,13.0
14940,43.0,Male,Hyderabad,78704,68.0,42.0,2.0,7.0,Grocery,2434,70.0
14941,60.0,Female,Bangalore,117644,47.0,5.0,17.0,1.0,Home Decor,4317,7.0
14942,56.0,Female,Bangalore,72733,6.0,34.0,12.0,1.0,Fashion,5805,156.0
14943,44.0,Male,Bangalore,67328,28.0,15.0,2.0,10.0,Home Decor,9774,122.0
14944,46.0,Female,Pune,98879,30.0,40.0,9.0,6.0,Home Decor,4355,37.0
14945,64.0,Female,Hyderabad,60646,27.0,7.0,6.0,3.0,Grocery,5259,143.0
14946,55.0,Male,Mumbai,79718,69.0,2.0,6.0,13.0,Fashion,3172,30.0
14947,37.0,Female,Mumbai,81224,39.0,4.0,18.0,12.0,Electronics,3067,104.0
14948,44.0,Male,Pune,45705,35.0,20.0,3.0,9.0,Grocery,2972,74.0
14949,58.0,Male,Pune,79686,44.0,30.0,15.0,11.0,Home Decor,3564,12.0
14950,37.0,Female,Bangalore,124625,15.0,13.0,7.0,7.0,Electronics,4050,81.0
14951,61.0,Female,Hyderabad,98416,83.0,36.0,13.0,2.0,Home Decor,7843,112.0
14952,36.0,Male,Hyderabad,49017,94.0,18.0,10.0,12.0,Fashion,4307,30.0
14953,37.0,Male,Delhi,128466,32.0,36.0,4.0,14.0,Home Decor,6110,129.0
14954,52.0,Male,Delhi,87231,29.0,19.0,16.0,3.0,Electronics,5588,36.0
14955,64.0,Male,Mumbai,80606,63.0,1.0,9.0,8.0,Fashion,6904,123.0
14956,19.0,Male,Delhi,67569,6.0,6.0,10.0,13.0,Grocery,1195,88.0
14957,47.0,Male,Delhi,87067,90.0,32.0,19.0,14.0,Home Decor,5686,21.0
14958,51.0,Female,Mumbai,72794,27.0,49.0,17.0,1.0,Fashion,5459,106.0
14959,39.0,Female,Mumbai,70491,99.0,41.0,1.0,5.0,Fashion,4800,32.0
14960,20.0,Female,Delhi,66672,28.0,5.0,13.0,10.0,Grocery,7152,63.0
14961,23.0,Male,Hyderabad,94344,5.0,6.0,4.0,1.0,Grocery,4758,141.0
14962,32.0,Female,Delhi,91573,41.0,43.0,15.0,12.0,Electronics,6757,165.0
14963,44.0,Male,Bangalore,66265,56.0,17.0,10.0,9.0,Fashion,5340,44.0
14964,27.0,Male,Bangalore,32025,54.0,42.0,9.0,7.0,Fashion,5494,149.0
14965,26.0,Female,Bangalore,70901,80.0,28.0,8.0,5.0,Electronics,5632,146.0
14966,50.0,Male,Pune,52053,18.0,18.0,6.0,6.0,Home Decor,4601,46.0
14967,,,,58160,,,,,,8127,
14968,65.0,Male,Hyderabad,66878,43.0,3.0,17.0,3.0,Fashion,7151,154.0
14969,23.0,Male,Pune,43492,89.0,12.0,5.0,3.0,Home Decor,4880,5.0
14970,58.0,Male,Pune,29742,74.0,31.0,14.0,7.0,Grocery,5341,133.0
14971,53.0,Male,Bangalore,77299,29.0,26.0,17.0,7.0,Grocery,5961,31.0
14972,19.0,Female,Delhi,70670,10.0,33.0,11.0,7.0,Grocery,6620,156.0
14973,46.0,Male,Mumbai,69714,6.0,27.0,4.0,2.0,Electronics,8225,77.0
14974,21.0,Male,Delhi,82769,80.0,8.0,17.0,2.0,Home Decor,6813,75.0
14975,18.0,Male,Delhi,53511,89.0,7.0,2.0,11.0,Grocery,4651,127.0
14976,36.0,Male,Pune,78311,4.0,20.0,1.0,12.0,Electronics,3364,13.0
14977,43.0,Female,Pune,103435,34.0,45.0,18.0,5.0,Home Decor,6984,122.0
14978,42.0,Female,Pune,63632,83.0,29.0,7.0,4.0,Grocery,5578,146.0
14979,27.0,Male,Hyderabad,587420,33.0,28.0,6.0,7.0,Fashion,12136,152.0
14980,32.0,Male,Hyderabad,71249,4.0,8.0,6.0,3.0,Fashion,6706,157.0
14981,39.0,Male,Mumbai,48690,44.0,12.0,14.0,5.0,Grocery,8032,156.0
14982,68.0,Female,Pune,91242,98.0,17.0,12.0,2.0,Grocery,5014,102.0
14983,65.0,Female,Bangalore,67185,76.0,37.0,14.0,1.0,Electronics,8133,173.0
14984,38.0,Female,Pune,96313,31.0,21.0,14.0,9.0,Fashion,6532,117.0
14985,39.0,Female,Hyderabad,80333,80.0,30.0,12.0,13.0,Home Decor,2682,84.0
14986,53.0,Male,Pune,61804,66.0,34.0,9.0,4.0,Grocery,5845,11.0
14987,51.0,Female,Hyderabad,108025,58.0,41.0,9.0,8.0,Home Decor,1457,51.0
14988,47.0,Female,Pune,57515,60.0,41.0,2.0,13.0,Grocery,5708,59.0
14989,42.0,Male,Bangalore,15859,2.0,9.0,18.0,12.0,Fashion,2950,84.0
14990,62.0,Male,Mumbai,92014,36.0,8.0,5.0,7.0,Grocery,5384,105.0
14991,45.0,Female,Bangalore,78748,70.0,30.0,12.0,14.0,Home Decor,6355,13.0
14992,18.0,Female,Hyderabad,102092,60.0,43.0,14.0,12.0,Fashion,3823,47.0
14993,66.0,Female,Delhi,47958,23.0,39.0,13.0,1.0,Grocery,8380,88.0
14994,62.0,Female,Bangalore,63821,47.0,23.0,3.0,10.0,Fashion,3157,171.0
14995,21.0,Male,Pune,60998,46.0,40.0,15.0,11.0,Electronics,722,152.0
14996,24.0,Male,Mumbai,93344,80.0,48.0,15.0,7.0,Home Decor,4942,176.0
14997,66.0,Female,Pune,86271,44.0,7.0,3.0,2.0,Grocery,7730,63.0
14998,26.0,Female,Pune,75370,19.0,49.0,19.0,3.0,Grocery,4958,145.0
14999,53.0,Female,Bangalore,75531,49.0,19.0,15.0,14.0,Grocery,3813,69.0
15000,36.0,Female,Mumbai,41225,88.0,16.0,19.0,1.0,Home Decor,1702,54.0
11502,,,,67220,,,,,,6349,
12587,,,,76038,,,,,,4512,
12654,,,,85396,,,,,,5467,
11056,,,,56428,,,,,,6678,
10706,,,,50114,,,,,,7253,
10107,,,,31932,,,,,,7144,
10590,,,,77015,,,,,,3520,
12469,,,,59917,,,,,,5248,
12414,,,,32485,,,,,,2454,
11601,,,,106437,,,,,,6454,
12465,,,,64869,,,,,,7080,
10229,,,,74844,,,,,,6251,
10916,,,,82540,,,,,,6931,
10795,,,,85414,,,,,,6464,
13022,,,,114827,,,,,,6180,
13544,,,,53330,,,,,,1322,
11074,,,,91099,,,,,,5230,
13352,,,,88901,,,,,,6541,
11745,,,,84319,,,,,,5917,
11085,,,,99902,,,,,,5272,
10927,,,,63427,,,,,,4227,
13050,,,,134792,,,,,,2595,
11118,,,,14367,,,,,,6392,
10643,,,,52919,,,,,,4323,
14768,,,,93191,,,,,,4250,
10502,,,,54547,,,,,,9042,
14067,,,,70641,,,,,,3733,
10334,,,,77494,,,,,,4020,
14685,,,,63671,,,,,,5282,
10487,,,,47290,,,,,,6307,
11963,,,,46049,,,,,,4584,
10394,,,,43417,,,,,,4761,
14843,,,,56463,,,,,,5354,
14867,,,,20275,,,,,,7421,
11756,,,,48207,,,,,,4649,
12516,,,,88050,,,,,,7531,
13586,,,,53693,,,,,,7026,
14316,,,,68390,,,,,,3022,
14967,,,,58160,,,,,,8127,
12100,,,,64810,,,,,,1879,
13600,,,,57729,,,,,,1624,
14122,,,,77643,,,,,,516,
10030,,,,60748,,,,,,7537,
10066,,,,86735,,,,,,5528,
10839,,,,67236,,,,,,3875,
13907,,,,82682,,,,,,7085,
13774,,,,70881,,,,,,1849,
14636,,,,73189,,,,,,4117,
13162,,,,89245,,,,,,7081,
12660,,,,48236,,,,,,5347,
14616,,,,54670,,,,,,4431,
14629,,,,40848,,,,,,4357,
12452,,,,65321,,,,,,3197,
12847,,,,62624,,,,,,4993,
11145,,,,48063,,,,,,5720,
13079,,,,97962,,,,,,7023,
11104,,,,64882,,,,,,3166,
10169,,,,109390,,,,,,6113,
11671,,,,113967,,,,,,2918,
12571,,,,101060,,,,,,5212,
12378,,,,48838,,,,,,5731,
14396,,,,84780,,,,,,5068,
14258,,,,55031,,,,,,4868,
13863,,,,105344,,,,,,9652,
10024,,,,51561,,,,,,7224,
12634,,,,49074,,,,,,1033,
13341,,,,102745,,,,,,3852,
12216,,,,62116,,,,,,6198,
13683,,,,52024,,,,,,5870,
14725,,,,64194,,,,,,5726,
11908,,,,50926,,,,,,2461,
10085,,,,64167,,,,,,6285,
10228,,,,87209,,,,,,3219,
10297,,,,81963,,,,,,6797,
11002,,,,73234,,,,,,5491,
12139,,,,59948,,,,,,1855,
10712,,,,88401,,,,,,5567,
12802,,,,64994,,,,,,1307,
12528,,,,74148,,,,,,7408,
13753,,,,67412,,,,,,8454,
13322,,,,96554,,,,,,6208,
13182,,,,74171,,,,,,3718,
14184,,,,64260,,,,,,4747,
11616,,,,97819,,,,,,5680,
13025,,,,73138,,,,,,6775,
11414,,,,63211,,,,,,4284,
10764,,,,81534,,,,,,5576,
10656,,,,53111,,,,,,231,
14798,,,,65159,,,,,,-174,
13850,,,,79384,,,,,,6248,
14154,,,,26363,,,,,,4987,
10469,,,,107111,,,,,,6058,
10158,,,,39274,,,,,,3280,
11296,,,,62338,,,,,,5032,
10498,,,,101812,,,,,,5345,
14741,,,,52696,,,,,,6227,
12941,,,,50479,,,,,,2798,
13457,,,,79430,,,,,,3111,
10374,,,,111362,,,,,,3781,
10080,,,,102479,,,,,,3794,
